15  1  1  3  263  137  252  2238  286
21  0  2  4  207  75  244  2445  208
20  1  3  7  262  145  252  2351  337
17  0  1  3  302  155  328  2055  236
16  1  0  0  256  158  236  2148  300
22  3  3  7  440  447  227  1598  224
17  2  3  6  317  265  205  2157  267
23  1  1  3  1239  705  1155  1086  299
21  1  2  4  652  358  602  1708  153
17  0  0  0  2111  842  2404  912  235
21  0  3  7  1141  488  1259  1396  175
21  1  2  5  1054  682  867  1305  277
20  0  0  0  435  202  460  2128  324
22  0  0  1  658  323  691  1670  304
21  1  1  3  653  400  606  1768  235
15  1  2  5  95  69  85  2342  297
15  1  0  1  454  249  436  1977  322
15  2  1  3  506  350  385  1805  332
17  1  0  1  2391  1556  1948  886  307
22  1  1  2  735  414  718  1528  315
22  2  1  2  464  363  370  1789  318
17  1  0  0  573  300  540  1763  307
22  0  1  3  1038  413  1186  1384  366
21  3  0  1  216  213  102  2042  317
21  2  1  3  183  147  141  2436  329
23  0  1  2  676  263  767  1620  293
16  1  3  7  270  160  237  2159  288
14  3  1  2  604  682  223  1484  289
14  1  3  6  449  293  418  2007  316
23  2  2  5  1404  1132  941  852  343
21  3  3  7  1584  1632  733  1067  305
22  0  1  2  612  246  698  1847  234
16  1  2  5  277  196  201  2084  317
14  3  0  0  522  573  194  1502  272
17  1  0  1  855  552  695  1556  267
22  1  2  4  333  229  262  2031  241
20  1  0  1  490  282  454  2021  294
20  1  3  7  672  459  544  1678  254
23  3  1  3  734  781  366  1211  273
21  1  3  6  655  404  562  1799  333
16  1  1  3  1671  985  1563  1027  353
21  2  0  1  1065  975  631  1140  270
23  2  1  3  1196  1059  736  984  338
17  2  1  2  231  163  193  2007  258
21  3  1  3  561  531  325  1807  332
20  1  1  3  559  414  450  1771  271
16  2  0  0  515  408  357  1754  254
22  0  1  3  870  400  947  1458  334
22  1  2  4  751  433  680  1711  167
16  3  1  2  338  403  110  1988  303
20  2  1  3  1216  1041  768  1234  341
16  3  0  1  844  870  448  1352  311
23  2  0  0  368  321  234  1880  323
20  2  2  4  1417  1111  974  1065  282
20  2  0  0  226  195  122  2134  333
20  2  1  3  1307  1110  841  1193  303
15  3  0  1  751  759  369  1456  326
23  3  2  4  699  753  309  1309  266
15  2  2  5  1533  1345  940  911  342
21  0  1  2  1731  623  2118  1023  236
23  1  0  0  418  253  381  1681  228
22  2  2  4  549  437  422  1718  205
22  2  0  0  656  542  457  1525  140
21  2  1  2  949  873  575  1224  139
21  0  0  1  91  45  92  2344  244
20  2  3  7  1055  807  716  1329  233
23  1  0  1  327  169  332  2041  323
15  0  2  4  218  93  271  2109  307
23  2  2  5  1476  1294  878  835  328
21  0  3  6  71  23  82  2892  213
14  1  2  4  1295  728  1289  1157  285
21  0  3  6  1019  468  1071  1555  294
20  0  2  5  135  73  138  2322  329
14  1  1  3  572  393  467  1628  304
21  1  3  7  1428  848  1273  1204  232
16  2  3  6  536  450  315  1859  326
22  1  1  2  1762  1079  1521  990  256
22  0  3  6  1656  671  1930  1116  289
16  1  1  2  180  107  163  2406  221
15  2  1  2  234  197  147  2082  251
17  3  2  4  440  423  241  1596  329
15  1  3  6  302  203  282  2068  329
15  0  1  3  1344  544  1505  1238  150
21  1  1  2  169  107  149  2227  346
16  3  1  3  765  779  387  1398  272
14  1  2  5  1188  691  1167  1065  244
20  2  2  5  1140  962  717  1127  286
15  1  2  4  893  529  882  1311  317
15  0  1  3  2616  919  3077  843  418
21  1  2  5  1137  635  1044  1297  134
16  2  0  0  149  136  83  2258  299
17  0  2  4  606  187  768  1598  253
14  1  3  6  750  404  788  1667  206
14  2  1  3  189  133  134  2129  172
22  1  0  0  1196  761  1018  1377  310
20  1  0  0  126  79  107  2426  308
15  2  0  0  747  584  492  1551  284
22  0  0  0  774  350  778  1553  326
15  1  2  4  419  220  447  1840  309
20  2  0  1  671  586  368  1636  330
23  3  1  3  151  168  67  1927  279
14  0  0  1  717  303  733  1641  207
16  2  3  6  321  253  208  2190  178
21  1  0  0  681  442  586  1495  184
21  1  1  2  1288  759  1214  1108  293
14  1  0  0  937  503  966  1397  292
14  1  1  2  746  512  610  1503  168
15  3  3  6  854  907  451  1267  346
22  1  1  2  813  561  638  1478  184
15  0  0  0  1025  313  1237  1529  335
17  0  3  6  819  298  994  1684  163
17  0  1  2  495  155  652  1811  332
17  2  0  1  1108  842  778  1375  220
14  2  3  6  398  302  280  1982  306
15  2  0  1  830  728  477  1426  232
21  2  1  3  248  221  155  2337  164
22  1  0  0  1814  1162  1531  1065  298
17  2  0  0  267  230  154  2115  207
23  3  3  7  578  649  234  1416  296
20  1  2  5  262  125  265  2127  241
17  3  0  1  1048  1032  526  1328  318
17  1  1  2  1507  1055  1250  956  220
21  1  0  1  140  111  101  2192  142
20  2  2  4  151  125  94  2350  309
23  1  1  3  368  195  372  2184  222
22  2  3  7  1972  1440  1536  828  286
21  3  2  4  279  267  144  2043  262
17  2  0  1  348  262  236  2223  266
14  3  1  3  907  1054  316  1146  347
16  0  1  2  741  356  754  1662  209
21  0  3  6  675  322  692  1841  216
20  0  1  2  437  199  462  1942  281
21  1  0  1  695  481  556  1475  245
17  0  3  6  263  116  291  2391  257
16  3  0  0  885  975  396  1327  339
23  0  2  5  2254  826  2564  778  257
22  3  3  7  89  108  32  2104  354
22  1  1  2  368  264  280  1928  236
15  1  1  2  806  569  642  1439  335
23  2  3  6  1134  896  774  1250  171
16  0  2  5  480  156  540  2048  290
22  2  1  2  1259  1073  910  1098  347
16  0  2  4  409  172  428  2036  231
16  1  2  4  626  397  508  1610  329
21  0  2  5  1690  819  1708  1044  244
23  0  2  4  469  185  539  1758  377
21  2  1  3  985  936  579  1397  294
14  1  2  4  751  470  704  1454  238
15  2  0  0  265  188  192  2216  330
23  2  1  3  2311  2067  1377  649  354
21  1  0  0  511  301  470  1769  311
16  1  3  6  149  84  136  2588  303
16  2  1  3  881  751  535  1334  335
20  2  3  7  506  465  261  1820  298
21  3  0  1  1176  1156  603  1098  333
23  2  2  4  435  345  299  1645  281
17  1  1  3  808  522  721  1444  326
16  3  1  2  825  984  275  1425  340
15  0  0  1  1097  541  1106  1396  160
23  2  1  2  1298  1200  741  910  262
14  1  0  1  414  267  358  1818  281
17  3  0  1  1043  1116  426  1319  309
21  1  3  6  1614  999  1399  1141  230
21  2  0  1  339  321  195  1831  165
20  0  3  7  1225  433  1446  1377  257
16  3  3  7  355  400  131  1944  322
21  0  2  5  577  185  685  1858  267
23  3  2  5  840  910  381  1103  324
14  1  3  6  1354  1016  1113  1166  301
21  3  3  6  605  589  312  1767  345
16  0  0  1  1016  356  1232  1515  309
22  1  3  7  311  191  248  1943  272
16  0  0  1  996  422  1133  1440  326
22  0  1  2  780  380  821  1569  291
23  0  1  3  1124  352  1355  1331  210
21  0  1  2  971  277  1270  1486  353
14  1  2  5  213  119  210  2013  305
22  1  1  2  322  171  304  2113  329
17  1  2  4  1308  808  1137  1055  338
23  0  1  2  760  298  849  1525  124
20  2  2  5  571  437  409  1612  252
16  1  3  6  669  342  654  1848  268
22  0  2  5  596  188  783  1776  322
15  1  2  4  799  484  784  1408  284
21  0  0  1  726  292  824  1505  234
16  0  3  7  642  205  749  1794  331
17  1  0  0  414  278  324  1886  320
16  3  3  6  1007  1032  482  1356  291
23  0  0  1  1058  504  1114  1316  281
20  2  3  6  298  217  204  1935  187
21  1  3  6  760  402  729  1715  244
15  1  1  2  534  317  485  1753  210
17  2  2  4  907  671  671  1218  197
21  0  1  2  1158  338  1511  1355  327
23  0  0  1  256  106  289  2232  207
23  3  0  1  1271  1526  455  929  270
22  1  1  2  1594  996  1352  1030  301
17  0  1  3  691  258  859  1726  294
17  1  2  4  341  224  279  1786  218
14  0  2  4  1842  665  2076  1115  207
15  2  0  1  866  729  523  1391  234
14  1  3  6  709  423  690  1644  307
14  1  3  6  605  381  575  1768  315
21  2  2  4  270  234  189  2014  183
16  2  2  5  843  692  470  1377  349
17  1  1  2  405  296  317  1946  251
16  3  2  4  453  466  186  1767  289
14  0  2  5  495  206  590  1767  320
20  2  0  0  1306  1040  823  1125  293
21  1  1  2  93  53  87  2336  175
22  2  0  0  1027  1028  615  1315  237
20  2  2  5  1484  1119  1072  997  152
21  0  0  1  213  65  266  2267  314
15  1  3  7  1512  866  1557  1080  337
17  2  1  3  397  345  259  1791  283
15  2  3  6  584  452  429  1632  299
16  0  0  0  221  100  241  2387  334
20  1  2  4  1547  1086  1264  978  236
22  1  3  7  565  368  431  1638  349
23  3  1  3  181  197  85  1883  335
15  0  0  0  569  258  600  1942  300
15  0  0  1  1138  372  1353  1435  261
14  1  1  3  544  387  425  1645  304
15  3  1  2  962  946  501  1227  287
15  0  1  2  580  211  670  1909  278
21  1  3  7  689  502  522  1687  355
23  3  1  3  430  498  169  1590  214
14  1  0  1  405  253  362  1886  275
20  1  0  1  430  254  383  2134  261
17  0  1  2  529  251  602  1714  318
20  0  3  7  1339  596  1446  1252  218
20  0  2  5  311  105  379  2146  261
22  0  3  6  721  331  761  1633  268
20  0  0  0  646  325  648  1776  322
15  0  2  5  223  77  288  2319  291
16  2  3  7  257  185  171  2158  219
14  2  2  5  337  255  246  1769  298
22  1  3  7  1698  1098  1314  924  339
20  0  1  3  497  220  546  2022  278
20  2  0  1  359  276  234  2113  344
20  0  0  0  673  261  763  1836  295
16  0  2  4  1302  512  1401  1254  250
15  1  3  7  154  97  157  2445  250
17  2  1  2  1333  1119  907  1052  349
23  3  2  4  349  351  185  1652  306
16  0  1  3  363  175  370  2033  291
16  0  1  2  752  333  794  1695  218
14  3  3  6  390  446  140  1869  323
20  2  1  2  418  306  312  2017  198
22  0  0  0  307  93  386  2581  226
16  2  3  7  163  135  99  2274  308
23  2  3  7  500  389  329  1435  232
21  1  3  7  1265  738  1143  1298  281
22  2  0  1  1597  1287  1242  961  299
23  3  0  0  294  330  129  1560  252
16  1  3  6  458  260  419  2065  148
17  1  1  3  812  440  821  1455  313
15  1  3  6  318  224  279  2025  305
16  0  0  1  579  264  638  1822  301
16  1  1  3  1171  800  982  1202  334
15  2  0  1  308  238  209  2104  214
16  2  1  3  745  646  425  1469  336
23  3  0  1  637  762  234  1359  231
15  0  1  2  141  58  155  2510  279
21  3  2  4  895  944  381  1355  295
15  1  0  1  583  312  563  1853  294
21  1  2  4  160  84  148  2317  193
22  1  1  3  127  83  107  2245  339
14  3  0  1  363  427  101  1774  343
21  3  3  6  417  424  205  2023  207
22  0  0  1  843  393  918  1505  240
17  1  2  5  283  203  240  1872  303
20  0  2  4  1170  540  1262  1312  309
21  0  3  6  1036  447  1129  1470  164
21  0  3  6  906  309  1075  1678  290
22  3  3  6  549  548  297  1558  276
20  0  3  7  662  282  733  1801  255
14  0  3  6  661  296  709  1901  263
15  2  2  4  371  288  270  1796  273
15  0  0  0  358  163  372  2222  264
16  2  1  2  575  452  388  1722  212
14  1  2  4  237  151  224  2218  312
15  3  3  7  777  869  352  1372  237
15  0  3  7  1415  691  1567  1153  231
14  1  2  4  400  272  356  1912  209
17  2  1  3  554  435  413  1623  259
23  0  1  3  594  259  634  1646  357
20  0  2  5  1320  455  1593  1199  335
15  2  2  4  1158  943  790  1095  315
21  2  2  5  310  227  232  2071  285
23  3  1  2  182  202  78  1842  350
14  1  1  3  259  180  211  2050  189
14  1  1  2  165  92  158  2295  310
23  2  0  0  296  260  186  1687  223
22  1  3  7  501  329  384  1647  279
20  1  2  5  425  266  368  1793  315
20  2  0  0  1095  916  652  1258  312
15  2  2  5  71  65  42  2278  320
21  0  1  2  1440  609  1653  1124  319
17  3  0  1  729  792  291  1567  318
15  1  0  0  492  284  462  1980  231
16  2  0  1  1694  1337  1180  978  271
21  1  1  3  571  383  489  1855  314
14  0  0  1  1212  520  1238  1260  188
16  1  1  2  530  359  446  1739  282
21  0  0  1  66  31  66  2892  290
20  1  0  1  457  289  378  2097  305
15  2  0  1  283  244  156  2087  304
23  2  2  4  1130  989  675  1030  310
14  2  2  5  1248  1020  840  1002  275
20  2  2  4  824  759  449  1392  317
16  1  2  4  283  167  244  2074  292
20  0  2  4  1397  680  1485  1157  314
16  2  3  7  2055  1640  1295  856  335
15  1  1  2  676  401  622  1663  299
16  3  2  4  825  790  403  1347  326
15  1  3  6  474  268  493  1824  157
23  2  0  0  453  422  263  1481  286
21  1  3  7  529  373  408  1849  419
22  0  1  3  1141  494  1267  1278  187
23  2  3  7  304  218  231  1706  319
22  1  3  7  692  435  545  1488  283
16  1  2  4  1425  752  1336  1110  318
17  1  2  4  2346  1466  2025  692  243
16  0  0  0  1144  403  1391  1331  212
15  1  1  2  443  275  395  1846  268
22  0  2  4  115  37  139  2774  106
21  2  0  0  835  688  585  1367  263
20  0  2  4  446  175  514  2041  332
15  1  2  4  374  225  368  1866  264
15  0  2  4  1406  697  1534  1057  344
22  1  3  7  2336  1223  2102  783  315
15  1  1  3  496  319  437  1837  222
22  1  3  7  832  500  685  1401  278
21  0  3  6  899  432  921  1661  330
22  1  3  7  1456  845  1219  1035  353
14  1  2  5  392  221  392  1799  337
20  0  1  3  731  297  829  1810  336
16  0  3  6  1074  468  1124  1514  329
14  1  1  3  710  429  646  1471  259
17  0  0  0  1695  758  1849  1021  303
23  2  1  3  815  737  469  1171  305
23  3  1  3  1277  1554  429  953  334
23  2  2  5  610  506  394  1339  277
15  0  2  4  734  224  967  1614  333
20  1  3  6  1276  857  1045  1079  319
22  2  1  2  2301  1958  1665  746  201
20  2  2  5  1173  915  812  1110  236
20  0  2  4  848  293  1025  1524  276
16  0  2  4  1379  419  1628  1272  220
14  0  1  2  977  345  1040  1576  232
23  3  2  4  538  571  234  1462  166
15  3  1  3  576  535  324  1589  196
15  2  3  6  798  635  586  1398  341
23  3  1  2  194  219  77  1822  279
21  2  3  7  53  50  33  2595  328
22  2  0  0  222  180  172  2406  238
15  0  2  5  1584  585  1972  1068  351
17  1  0  1  1203  824  938  1325  169
15  3  0  1  218  216  110  2169  342
17  0  1  2  517  270  554  1722  331
15  1  2  4  372  239  341  1849  349
23  1  0  1  119  57  124  2231  214
17  0  1  2  265  118  306  2158  326
20  1  1  2  1014  625  924  1466  304
23  0  2  5  817  273  962  1416  280
20  1  1  3  349  208  329  2094  192
17  3  0  1  1296  1325  599  1188  256
16  3  3  7  317  352  125  1982  336
23  2  2  5  283  226  186  1701  218
17  2  3  6  1141  881  801  1346  334
15  2  0  0  709  660  377  1532  190
21  0  2  5  1673  670  1820  1077  313
14  1  1  3  1617  951  1485  949  293
15  1  1  2  467  263  441  1866  244
21  2  2  4  1293  1032  898  1120  258
23  3  1  2  382  380  200  1885  237
17  1  2  4  498  336  402  1631  274
16  0  2  4  371  178  362  2072  320
23  0  3  7  1591  530  1882  972  264
16  2  0  1  360  281  255  1966  323
20  2  1  2  79  67  53  2565  288
15  1  0  1  144  78  138  2515  320
20  0  3  7  273  120  296  2387  316
14  1  2  4  401  241  388  1957  158
21  0  1  2  99  42  105  2410  368
17  2  3  6  842  628  617  1521  394
20  1  3  7  1051  693  877  1391  306
20  1  3  7  284  149  274  2289  337
15  1  3  7  788  591  654  1457  342
20  1  3  7  1149  666  1051  1296  322
23  0  0  0  246  117  267  1808  255
16  1  2  5  1099  687  916  1268  271
21  2  1  2  1298  972  1051  1085  334
15  0  1  2  2498  796  3015  851  246
15  0  2  4  942  375  1135  1332  274
17  1  1  3  909  628  764  1345  314
21  3  0  0  926  1035  415  1004  354
16  2  0  0  233  173  172  2203  165
16  3  2  4  895  984  310  1306  326
16  3  2  4  122  116  56  2326  260
15  2  2  5  182  129  146  2121  256
14  1  0  1  846  555  732  1395  276
21  1  0  0  163  110  137  2254  290
21  2  1  2  978  792  726  1241  324
21  1  2  5  1240  636  1200  1291  240
17  1  2  4  297  152  294  1911  391
23  2  2  5  335  261  242  1642  328
15  2  0  0  319  249  213  2090  306
14  1  0  1  245  142  234  2154  285
17  2  0  1  944  770  600  1483  302
22  2  0  0  119  103  80  2518  216
14  3  0  1  625  712  201  1478  157
21  0  3  7  1115  356  1345  1463  339
14  1  1  3  1566  933  1447  969  217
23  0  2  5  465  171  534  1692  247
15  0  3  6  395  193  434  2025  218
16  2  3  7  106  78  69  2390  329
14  1  0  1  619  332  615  1656  339
14  0  1  3  985  402  996  1428  202
17  0  1  2  994  337  1280  1293  186
15  0  3  6  904  346  1093  1499  324
15  0  0  0  980  366  1116  1592  328
22  1  0  1  690  511  521  1551  207
20  1  2  4  1172  615  1168  1305  293
14  1  0  0  541  354  467  1660  247
15  1  3  6  265  150  267  2133  209
20  2  3  7  440  355  278  1968  135
15  0  3  6  890  391  1023  1435  332
17  3  1  3  278  313  114  1945  193
16  3  1  3  605  672  253  1575  289
15  2  0  1  192  159  114  2270  305
16  1  3  6  851  502  767  1566  272
16  0  3  7  1343  412  1594  1286  229
23  3  2  4  2313  2491  1069  617  243
20  1  0  1  527  381  394  1875  112
23  0  2  4  844  244  1033  1524  317
14  2  3  6  440  318  341  1999  327
21  1  3  7  87  58  74  2660  284
16  0  1  2  534  232  571  1969  313
23  3  2  4  1570  1611  810  855  276
21  0  0  1  127  65  127  2271  234
23  0  0  0  1057  487  1141  1243  303
21  1  3  7  391  252  323  2077  303
15  1  3  6  917  506  956  1372  205
23  3  0  0  465  527  200  1361  320
17  1  2  4  1320  677  1304  1100  237
23  2  0  1  816  733  495  1263  296
14  0  0  1  607  282  592  1743  271
22  1  0  0  215  133  191  2491  178
21  3  1  3  164  172  78  2004  333
20  0  0  0  208  87  238  2561  305
22  0  1  2  993  420  1119  1502  267
16  0  2  4  1046  395  1147  1446  307
17  2  2  4  575  507  339  1439  313
16  1  1  3  664  402  605  1652  331
16  1  1  2  293  188  245  2182  323
21  3  1  2  1183  1284  498  1111  280
16  1  1  2  282  155  273  2191  307
16  3  0  0  226  237  108  2087  339
14  0  1  3  401  156  408  2017  316
22  1  0  0  1724  1191  1373  1085  308
20  0  1  3  1460  450  1807  1309  302
21  1  1  2  349  210  326  1931  322
20  1  3  6  1028  625  911  1205  149
23  1  1  2  261  160  229  1926  236
21  2  0  1  1355  1080  981  1001  254
16  2  0  0  754  547  579  1516  314
16  2  2  5  154  112  101  2272  213
17  3  3  6  687  730  303  1657  228
22  0  2  5  241  81  301  2547  240
22  0  3  6  127  43  139  2901  315
17  2  2  4  314  255  202  1836  238
20  2  1  2  2607  2463  1420  764  169
17  0  2  4  768  261  948  1402  299
22  3  0  0  100  124  39  2409  283
22  1  3  6  682  433  532  1605  267
20  1  3  6  590  341  540  1619  263
21  0  2  5  1131  510  1180  1414  227
14  0  2  5  1095  539  1083  1203  257
14  2  3  6  823  583  634  1560  296
21  2  1  3  553  440  416  1831  317
16  0  3  7  2042  712  2322  968  295
22  3  2  4  434  514  176  1710  194
16  0  3  7  593  238  640  1859  339
17  2  3  6  947  747  655  1438  261
23  2  0  0  1034  962  596  1029  262
14  1  3  6  375  210  379  2111  340
22  2  3  7  1144  1080  640  1072  188
14  0  2  4  705  210  833  1852  245
23  1  1  2  353  227  307  2008  252
21  1  1  3  378  213  371  2214  260
15  2  0  1  1018  845  618  1334  349
16  3  2  4  449  426  223  1786  330
22  2  1  3  661  447  500  1637  182
15  0  2  5  1680  791  1883  967  341
17  2  2  4  1144  980  710  1082  322
17  3  0  0  493  557  177  1684  270
21  1  0  0  1383  972  1095  1058  297
17  2  0  1  1514  1295  902  1118  328
20  1  0  0  837  618  681  1435  324
15  3  3  6  567  618  278  1526  351
20  1  1  2  908  619  770  1546  329
22  2  2  4  164  124  131  2338  294
22  1  1  3  872  611  708  1358  279
23  1  1  3  394  247  345  1879  208
17  3  3  6  363  362  179  2050  271
21  1  1  2  1470  834  1427  1045  372
20  1  0  0  995  516  972  1442  251
15  3  2  4  99  90  58  2117  272
15  1  3  6  458  285  436  1832  242
21  0  1  3  2026  770  2421  1042  235
22  0  3  7  351  154  372  2000  276
14  1  1  2  406  270  342  1921  325
20  1  2  4  837  444  839  1574  273
20  0  3  7  901  454  911  1535  324
21  1  3  6  491  277  462  2049  344
15  2  3  7  353  276  264  1950  227
17  2  3  6  431  348  289  1964  289
17  1  0  0  440  254  392  1889  263
15  0  0  1  901  418  937  1561  272
20  2  2  5  383  274  296  1838  336
15  2  1  2  491  423  278  1663  276
21  0  1  2  816  330  950  1498  345
17  2  3  7  663  599  435  1568  273
15  1  1  3  956  556  892  1394  175
22  1  0  0  805  461  738  1709  224
21  2  2  5  154  130  106  2319  186
15  1  1  3  355  231  298  2040  290
16  3  3  7  302  320  129  2017  248
16  1  3  6  1579  1078  1272  1107  260
22  1  2  5  654  449  513  1697  267
17  1  0  0  511  257  492  1820  217
16  0  3  7  630  185  752  1902  277
16  2  0  1  1075  925  668  1252  342
15  1  2  5  467  306  430  1751  275
21  0  1  3  1339  648  1442  1235  267
23  3  1  3  534  589  250  1390  323
21  2  2  5  87  69  58  2491  232
15  0  3  6  748  284  911  1588  335
21  1  1  2  888  447  927  1364  308
22  1  3  7  176  104  147  2180  333
20  2  2  5  500  361  376  1702  243
21  1  2  4  374  200  363  2033  160
23  0  3  7  562  238  609  1609  325
17  3  1  2  722  819  296  1353  329
21  1  3  7  1067  725  862  1306  340
21  2  1  2  311  262  211  1928  291
20  1  3  6  1111  583  1082  1211  258
17  0  0  1  454  192  506  2086  313
15  3  1  3  570  581  271  1579  319
22  1  3  7  1293  624  1229  1137  354
22  1  3  6  757  398  731  1729  327
15  0  3  6  468  185  557  1910  331
21  1  1  3  842  502  795  1599  266
15  2  3  6  126  112  77  2217  316
15  3  2  5  348  345  197  1737  284
16  1  0  0  1456  1043  1225  1032  311
15  0  3  6  143  69  156  2389  290
20  2  3  6  2179  1583  1560  752  187
21  3  1  3  2244  2523  840  845  345
23  2  1  2  643  601  353  1345  351
17  1  3  6  526  322  460  1919  202
23  3  3  7  565  603  266  1564  244
17  2  0  1  743  576  501  1671  210
21  0  3  7  1063  467  1136  1433  250
22  1  2  5  414  224  393  2104  244
15  1  2  4  883  512  883  1312  228
16  1  2  5  1372  769  1236  1115  319
16  2  3  7  936  758  582  1337  194
14  1  0  0  841  474  815  1380  290
21  1  3  6  2357  1600  1891  872  315
23  2  1  3  1154  977  748  1049  332
20  0  1  3  849  436  873  1625  308
14  1  2  5  1012  598  985  1180  333
16  0  0  0  1201  605  1264  1254  292
20  3  2  5  429  464  200  1596  343
21  3  0  1  741  783  323  1417  329
22  0  2  4  2190  1127  2284  910  181
15  3  3  7  313  342  149  1903  344
21  2  3  6  1374  1173  914  1152  326
17  0  3  6  240  89  295  2259  259
22  3  3  6  473  467  256  1638  278
23  3  0  0  392  461  151  1463  260
16  1  0  0  1081  637  1055  1276  181
20  1  2  4  518  299  494  1815  332
17  0  0  1  791  273  949  1733  279
16  3  3  7  227  269  74  2016  257
21  2  3  6  150  119  108  2498  280
16  2  1  3  387  287  288  1819  320
22  3  3  6  854  976  320  1264  299
21  2  2  5  1084  818  812  1244  228
22  1  1  3  347  212  297  1935  321
16  0  3  7  650  327  633  1770  236
15  1  1  2  341  209  301  2174  301
15  2  2  5  325  245  239  1914  294
21  3  0  0  422  456  196  1797  334
16  0  3  7  1687  629  1881  1177  302
22  3  1  3  1246  1516  521  984  325
21  1  3  6  1430  759  1374  1270  349
21  0  2  4  908  423  933  1484  323
21  1  2  4  270  143  256  2181  334
15  2  0  1  1018  814  661  1309  299
21  1  0  0  1449  809  1377  1082  318
20  2  2  4  256  233  154  2090  276
17  2  0  1  862  678  573  1545  154
21  0  2  5  257  102  272  2361  322
22  3  3  7  431  423  238  1619  252
23  1  0  1  446  285  392  1950  168
15  1  1  2  1151  801  934  1192  330
17  0  1  3  717  223  940  1616  337
22  2  0  0  2544  2055  1978  760  278
22  3  1  3  1247  1539  484  1006  403
21  0  1  3  1442  635  1627  1248  237
14  3  0  0  392  401  176  1692  343
22  1  3  7  372  205  326  1922  243
15  2  1  2  1201  969  757  1117  265
20  2  3  6  472  379  303  1681  229
16  0  0  0  376  145  436  2099  323
14  0  2  5  453  144  525  1940  321
17  2  1  3  369  325  237  1828  323
16  2  1  2  158  136  93  2307  320
21  0  3  6  178  56  213  2694  349
20  1  3  7  301  221  225  2162  318
16  2  2  4  660  469  450  1622  296
21  3  0  0  141  153  55  1996  244
17  1  3  6  1176  596  1166  1367  225
14  1  1  3  309  226  237  1975  297
20  1  1  3  198  150  156  2310  317
16  2  3  7  1580  1141  1117  1032  244
16  0  3  7  825  379  851  1506  229
16  1  3  6  670  398  602  1804  263
16  3  3  7  661  724  271  1534  332
17  1  1  2  480  307  429  1775  264
14  0  3  6  1841  612  2212  1166  223
15  2  1  2  137  106  91  2266  325
20  0  3  6  582  206  680  1690  243
16  2  2  5  973  749  600  1324  219
15  2  3  6  548  476  355  1538  232
20  2  0  1  514  437  297  1920  325
17  2  0  0  81  69  49  2470  303
20  0  2  5  471  195  534  1914  316
21  2  3  7  1028  844  716  1377  331
22  3  3  7  315  323  148  2144  335
14  1  1  3  186  138  137  2109  300
22  0  0  1  662  265  765  1714  326
14  2  2  4  373  295  257  1966  306
17  1  1  2  132  100  102  2217  179
15  0  1  2  249  105  279  2287  304
16  0  3  6  1212  466  1330  1470  229
23  0  1  2  1165  377  1397  1271  208
20  0  2  5  1102  395  1322  1295  156
17  0  3  6  433  158  519  2201  311
22  0  1  2  263  86  322  2121  366
22  0  3  6  756  310  827  1580  379
22  2  1  3  465  402  329  1665  341
21  0  1  3  1196  367  1538  1493  318
20  0  1  2  912  472  933  1638  349
20  2  3  7  703  508  507  1636  254
16  0  2  5  1751  628  1953  1047  280
14  3  0  1  1109  1188  437  1072  344
23  2  3  7  350  282  238  1630  329
17  2  3  6  728  627  443  1673  294
15  0  2  5  184  75  207  2231  206
20  1  1  2  422  317  324  1804  336
16  0  2  4  824  229  1007  1651  319
22  0  3  6  468  172  536  1937  291
22  1  2  4  1381  920  1245  1030  301
15  0  1  3  877  411  919  1457  194
16  2  3  6  353  255  240  2206  306
20  1  2  5  393  247  347  1825  219
22  0  2  5  272  116  314  2453  321
16  2  2  5  1128  954  604  1190  294
16  1  1  3  535  322  492  1729  315
20  2  3  6  1063  871  660  1158  324
23  1  2  4  248  120  241  2060  259
23  0  1  3  1329  547  1464  1097  185
20  2  2  5  338  310  178  1841  283
22  2  0  1  462  412  321  1706  207
23  3  3  7  666  665  336  1501  306
23  3  2  5  828  823  458  1138  223
21  0  0  1  909  452  935  1338  136
16  1  2  5  202  129  160  2243  200
21  0  2  5  1558  612  1718  1175  287
23  2  0  0  648  603  374  1283  299
15  2  3  7  1061  806  816  1257  266
20  2  1  2  240  193  159  2280  309
14  0  0  1  446  126  525  2159  329
22  1  0  0  864  615  670  1609  203
20  0  3  7  245  88  289  2513  283
17  0  2  4  762  247  957  1481  293
16  0  1  2  873  257  1059  1683  240
23  1  3  7  279  155  261  1837  305
15  0  2  4  1699  565  2192  988  218
14  1  1  2  478  291  427  1831  339
17  2  1  3  916  730  664  1315  325
21  0  3  6  479  189  532  2028  90
15  3  3  7  310  331  155  1905  231
15  0  2  4  360  116  471  1980  310
22  3  3  6  755  755  398  1345  282
14  0  2  4  1220  422  1387  1403  309
17  1  0  1  373  228  313  2179  168
16  2  1  2  1040  783  731  1298  321
14  0  3  6  514  235  539  2075  313
23  1  1  3  765  421  727  1414  251
15  1  1  2  1748  1156  1479  955  261
22  0  3  7  111  51  113  2424  326
16  3  3  6  345  370  148  2104  247
14  0  3  6  1571  611  1775  1308  327
21  2  3  6  615  564  363  1750  233
14  0  2  4  1578  722  1622  1099  350
17  2  0  0  376  338  204  1957  225
17  2  0  1  846  696  531  1563  328
16  0  2  5  1555  497  1801  1152  348
20  1  2  5  289  198  247  1955  178
16  2  2  5  851  605  570  1419  296
23  0  3  7  1698  542  2034  966  156
14  0  3  6  293  128  309  2425  309
23  1  0  0  1532  1021  1298  872  291
17  3  1  3  484  492  249  1649  301
15  3  1  2  627  598  343  1499  205
22  1  3  7  154  102  115  2090  313
23  3  0  0  465  514  218  1364  294
21  0  0  0  1267  453  1503  1215  275
22  0  2  4  1628  677  1871  1133  240
16  2  2  5  1723  1217  1175  961  326
17  2  2  4  596  517  361  1466  298
20  0  3  6  350  114  422  2066  268
16  1  1  2  591  324  578  1765  184
21  2  0  1  456  418  275  1682  216
17  3  1  2  1279  1456  522  999  326
15  2  0  1  130  94  90  2417  218
21  3  2  4  384  366  201  1863  293
23  1  2  4  300  170  276  1973  225
15  0  1  2  748  231  912  1738  253
21  0  1  3  553  258  605  1949  327
17  1  1  2  234  168  194  2076  245
21  2  1  2  585  493  336  1549  336
15  0  1  2  210  83  228  2375  340
15  1  1  3  213  128  195  2243  184
21  0  2  4  867  367  941  1587  160
17  0  0  1  1290  603  1374  1316  312
17  3  1  2  653  779  234  1399  266
21  1  1  2  123  69  116  2271  250
16  0  0  1  783  282  945  1699  202
20  1  1  3  1060  789  829  1343  337
20  0  0  1  840  281  1001  1756  264
20  2  1  2  600  493  390  1749  350
16  3  1  3  602  595  322  1563  304
15  0  1  3  997  353  1170  1482  369
20  2  3  6  149  124  88  2142  213
15  2  1  3  462  346  321  1800  295
15  1  2  5  1059  704  966  1183  278
22  0  0  1  633  292  691  1688  272
23  0  2  5  1607  597  1815  950  214
21  1  0  0  777  516  645  1444  223
15  1  3  7  343  244  295  2002  293
20  0  0  1  817  252  992  1810  335
20  0  0  0  1071  374  1263  1553  330
23  2  3  7  1276  1118  752  896  210
14  3  0  1  725  768  300  1351  340
21  0  1  2  500  239  537  1762  319
23  0  2  5  385  155  425  1801  294
23  2  2  4  808  734  449  1230  304
21  1  2  5  484  246  472  1941  305
17  2  1  2  269  200  203  1931  244
22  2  1  2  328  299  223  1895  223
14  3  1  3  296  329  111  1784  188
22  1  0  0  230  119  239  2271  314
14  0  0  1  719  230  820  1768  367
22  1  0  1  1302  880  1053  1129  355
16  1  2  4  401  224  357  1917  261
20  0  3  6  608  271  656  1644  331
20  1  1  3  994  736  783  1367  309
17  2  2  4  269  238  154  1829  250
21  0  2  5  963  447  992  1488  321
20  1  3  7  485  264  465  1894  313
21  0  3  7  175  101  170  2491  283
21  0  0  1  591  181  739  1718  282
23  3  0  0  688  719  355  1178  348
21  1  2  4  482  255  462  1830  321
23  1  0  0  737  452  665  1360  313
23  3  0  1  855  946  397  1161  314
20  2  1  3  418  384  240  1937  240
16  0  1  2  1459  497  1709  1315  328
23  2  3  7  321  252  217  1635  199
22  0  1  2  851  457  853  1489  252
20  2  0  1  1367  989  976  1192  314
16  1  3  6  970  697  748  1423  277
17  3  0  1  70  74  30  2675  237
15  2  3  6  298  229  222  1953  309
17  1  1  2  333  247  264  1904  297
14  0  1  2  455  153  494  2160  202
17  0  0  1  1504  659  1648  1180  278
22  1  0  0  1174  693  1055  1436  200
22  0  0  0  740  286  868  1924  253
17  3  2  4  732  734  370  1291  256
16  0  2  4  316  144  316  2185  238
22  3  3  7  945  1062  382  1129  270
17  0  1  2  164  89  175  2223  219
22  0  0  1  626  254  727  1873  192
21  0  3  6  277  101  318  2489  286
16  0  0  1  755  383  791  1613  289
21  2  0  1  401  299  317  1794  228
14  0  1  3  617  215  659  1834  266
15  2  0  0  259  192  180  2189  224
16  2  3  7  1815  1466  1125  924  328
23  2  1  2  502  421  326  1504  251
20  2  3  7  645  505  428  1682  279
22  0  1  2  613  261  680  1787  319
15  2  1  3  335  242  248  1989  294
17  0  1  3  76  31  96  2466  322
16  1  2  5  669  341  645  1639  330
23  1  0  0  402  215  398  1763  300
15  1  2  5  528  287  558  1706  246
21  3  0  1  586  629  247  1552  185
14  2  3  6  1104  835  800  1339  318
15  1  0  1  1411  1014  1100  1120  349
17  3  1  2  1459  1587  667  918  305
21  3  2  4  730  737  342  1488  279
20  1  1  2  2496  1814  2002  768  219
17  0  3  6  802  296  968  1729  400
14  0  0  1  551  264  532  1781  303
23  1  2  4  460  279  406  1696  277
21  2  0  0  677  587  441  1498  348
21  0  0  0  536  194  627  1861  303
21  1  1  2  600  351  569  1653  232
16  0  0  0  363  130  441  2156  307
21  2  2  4  138  111  101  2290  228
22  1  1  2  769  430  727  1523  228
16  0  1  3  709  240  828  1729  306
21  2  1  2  696  554  485  1341  341
23  2  2  5  552  500  308  1354  319
16  1  1  2  1695  1234  1338  968  340
14  3  0  0  1272  1271  604  965  315
17  2  0  0  827  589  615  1500  299
23  0  0  1  486  211  530  1922  197
22  0  3  7  345  134  381  2014  304
22  0  2  4  797  294  952  1734  292
20  2  2  4  526  487  282  1719  284
17  2  0  1  441  359  288  2068  209
20  0  2  5  1163  424  1377  1258  140
22  0  3  7  382  149  426  1869  329
17  3  1  3  707  716  375  1475  229
15  2  2  5  835  600  660  1319  327
16  0  2  5  1790  664  1972  1051  172
21  1  1  2  1283  842  1112  1101  325
17  3  1  2  102  127  33  2165  281
20  1  3  7  593  350  533  1805  272
20  2  3  6  1220  1053  702  1082  265
20  1  0  1  985  582  885  1462  214
22  0  2  5  431  219  455  2091  296
23  2  3  7  675  488  504  1312  312
14  0  0  1  524  173  598  1999  261
16  0  3  7  288  89  337  2349  237
21  0  0  1  430  186  474  1833  286
21  0  1  3  442  156  539  2274  223
16  1  2  4  896  492  820  1405  214
16  1  3  7  552  385  432  1703  289
22  0  0  1  309  114  367  2215  327
22  3  2  5  580  614  299  1625  242
16  3  1  2  741  797  332  1428  342
22  3  1  3  1813  2266  726  752  329
16  1  2  5  717  436  608  1516  259
21  0  1  3  354  144  390  2094  252
23  2  3  7  1477  1361  809  848  332
14  1  3  6  516  374  441  1844  193
22  3  3  6  614  683  260  1467  249
14  2  3  6  1270  939  939  1197  315
15  0  3  6  410  159  495  1976  281
21  0  2  4  553  211  623  1879  225
16  1  3  6  563  358  477  1899  246
20  1  0  1  168  111  139  2520  317
23  3  2  5  95  109  37  1939  326
16  2  2  5  426  317  269  1870  207
20  0  3  7  378  158  415  2161  148
22  0  3  6  1386  621  1471  1314  200
23  0  3  7  237  87  275  2066  245
21  3  3  7  412  421  190  1986  156
20  0  0  0  196  97  195  2417  301
17  2  1  3  463  400  297  1701  101
15  0  0  0  484  232  495  2064  335
22  2  0  0  655  558  482  1719  294
20  1  1  2  661  451  554  1762  252
14  1  2  5  1133  770  1010  1046  340
15  0  1  2  236  105  246  2264  213
17  0  2  4  548  249  604  1651  291
22  3  2  5  261  333  87  2042  334
22  0  0  0  269  111  302  2503  240
23  2  1  3  322  250  231  1756  266
22  3  0  1  1283  1628  478  975  339
15  0  1  3  1008  363  1159  1447  339
14  1  1  2  656  481  511  1617  291
20  1  2  5  858  479  834  1328  304
20  1  0  1  658  349  631  1844  180
22  3  1  3  1110  1331  476  1079  335
14  3  1  3  497  541  211  1474  211
22  3  1  2  275  332  114  1888  177
17  1  1  2  146  94  124  2190  247
15  3  2  5  330  355  151  1709  285
15  2  2  4  545  416  399  1605  319
23  0  2  5  705  335  712  1372  341
21  3  1  2  917  1016  349  1306  329
14  0  1  2  1126  436  1161  1379  354
16  3  3  6  534  549  232  1822  254
21  3  1  2  777  784  379  1414  329
20  1  0  1  107  72  79  2625  302
17  0  0  1  371  198  368  2223  159
20  1  3  6  405  285  319  1783  256
15  1  2  5  493  315  465  1700  313
22  2  1  2  1187  952  916  1143  292
20  2  1  2  1017  843  674  1383  211
23  2  1  3  202  174  126  1904  216
22  0  0  1  785  352  869  1555  308
22  3  2  5  900  1042  394  1310  314
15  0  0  1  157  65  168  2560  131
20  1  2  5  789  448  750  1428  328
21  2  0  1  593  469  437  1504  310
22  0  3  7  235  90  263  2221  249
14  3  1  2  188  202  80  2052  236
21  2  0  1  1552  1424  928  938  334
15  1  3  7  1609  907  1657  1032  234
23  1  2  5  590  331  545  1440  125
16  1  2  5  257  170  210  2178  322
23  3  0  1  725  730  409  1299  320
21  0  2  4  353  135  398  1994  287
16  2  2  4  137  120  70  2288  178
15  1  2  5  206  116  220  2167  286
20  1  1  3  867  463  866  1609  336
20  2  0  1  170  154  91  2389  332
20  0  3  6  730  336  771  1544  289
15  2  2  5  763  556  598  1381  353
22  1  1  2  1003  720  765  1326  252
17  1  0  1  98  61  76  2745  275
20  2  0  1  643  572  340  1662  288
16  2  1  2  115  80  84  2477  269
15  0  2  5  188  64  236  2282  300
21  2  1  3  1330  1099  955  1162  305
17  0  0  1  922  380  959  1468  309
16  3  2  4  155  159  62  2231  270
21  1  0  0  132  56  135  2302  192
22  3  2  5  1086  1226  501  1167  334
15  0  1  2  1313  452  1550  1238  283
14  0  1  2  728  297  725  1703  331
17  1  0  1  878  540  751  1610  318
22  1  0  1  749  486  634  1490  314
21  2  2  4  737  628  477  1462  238
23  0  0  1  413  202  428  1891  315
23  1  2  5  400  204  398  1711  248
17  1  0  1  503  315  419  2046  89
14  1  2  5  2437  1754  2056  665  341
23  1  2  4  476  248  455  1709  233
16  2  3  6  581  454  375  1793  348
17  0  3  6  1366  441  1723  1348  299
21  1  0  0  1604  1093  1312  975  289
16  3  0  1  929  1042  396  1285  222
22  2  3  6  1182  1068  672  1239  330
22  0  2  4  885  371  1010  1651  324
22  2  0  0  557  492  387  1756  301
21  0  1  2  130  56  141  2365  325
23  2  0  1  185  151  127  2036  214
16  0  3  7  1121  562  1227  1285  364
20  2  0  0  308  213  228  2108  181
21  1  2  5  2062  1294  1729  885  307
14  1  3  6  304  185  304  2225  254
21  2  2  4  1028  764  785  1293  310
17  3  3  6  353  397  134  1977  324
22  3  0  1  172  219  57  2003  286
15  1  2  4  164  106  143  2148  234
21  1  2  5  127  63  116  2511  287
20  2  0  1  477  375  303  1919  266
20  2  0  0  357  291  215  1973  294
14  0  0  0  521  220  533  1835  236
22  0  0  1  725  326  808  1632  302
22  3  2  4  1218  1352  584  1074  292
23  0  1  2  338  139  364  1916  314
20  0  1  2  575  230  664  2094  328
17  0  1  2  378  183  426  1842  201
22  0  2  4  817  395  880  1587  369
20  1  0  1  392  283  296  2081  223
15  1  3  6  1657  1029  1606  944  270
22  3  0  0  260  269  133  2050  206
22  1  1  3  588  418  452  1626  294
14  2  2  5  322  249  234  1794  321
15  1  1  3  1012  524  1014  1338  285
15  2  2  5  1206  883  943  1106  329
17  0  0  0  579  175  720  1789  318
16  0  3  7  1323  415  1560  1288  167
21  3  1  3  195  213  88  2395  322
22  0  0  1  2113  911  2378  899  311
17  2  1  3  1548  1181  1188  1016  154
23  3  0  1  925  1031  414  1094  298
22  0  2  4  2010  670  2488  1035  297
23  3  0  1  284  337  106  1743  289
14  1  1  2  485  327  403  1781  295
15  1  0  1  1626  895  1562  1096  344
22  3  3  6  2086  2244  943  730  224
14  0  2  4  444  179  474  1940  249
17  1  3  6  932  567  819  1483  215
15  1  0  0  354  220  309  2193  229
17  1  2  4  384  234  330  1893  300
22  1  2  5  634  350  592  1816  314
17  1  1  2  521  316  486  1732  300
15  2  2  5  130  104  88  2151  228
21  0  1  3  348  121  423  2379  132
16  3  0  0  679  742  309  1508  263
14  1  0  0  1462  969  1245  990  322
15  1  2  5  115  81  92  2276  211
21  0  3  6  126  61  123  2729  230
16  0  0  1  1887  716  2232  1014  305
16  0  2  5  1621  637  1735  1093  288
15  2  2  5  2544  2099  1700  661  329
22  2  0  0  2496  2423  1546  770  231
15  0  3  7  1071  457  1262  1419  349
16  1  1  2  1522  945  1372  1052  288
22  1  3  6  115  60  99  2370  310
14  3  2  4  324  375  128  1822  321
20  2  3  6  608  445  434  1529  316
14  0  2  5  874  397  904  1371  284
14  0  3  6  1631  682  1790  1216  226
17  0  0  1  233  88  267  2566  183
16  3  2  4  1029  1052  430  1230  331
23  2  1  3  1092  1015  613  1042  276
17  1  3  6  525  296  488  1914  257
22  0  2  4  1580  692  1774  1138  346
15  0  3  6  1050  381  1303  1362  343
15  0  1  2  1442  600  1582  1150  204
14  2  2  4  130  98  99  2318  231
17  3  1  3  629  702  279  1464  331
17  0  3  6  1054  432  1258  1421  258
20  1  1  3  563  326  537  1901  324
22  0  1  3  1074  359  1300  1399  240
16  3  0  0  949  959  517  1246  285
20  0  1  2  1800  552  2247  1177  321
22  0  0  1  250  90  300  2295  335
23  1  1  2  625  362  572  1476  270
14  0  1  3  498  203  503  1865  206
16  1  1  3  337  177  339  2081  260
22  1  2  5  416  232  387  2108  305
17  2  2  4  1087  918  687  1080  290
16  3  3  6  468  460  236  1943  248
14  0  3  7  596  183  736  1766  315
14  0  2  5  1059  458  1113  1268  216
16  2  2  4  529  445  288  1652  248
20  0  1  2  320  119  377  2435  281
21  1  1  3  889  509  861  1546  271
21  1  1  2  265  167  237  2202  239
15  1  0  1  1111  685  993  1348  247
21  2  2  4  451  360  308  1791  319
16  1  3  6  1674  1109  1358  1040  233
14  0  3  6  600  251  660  2037  256
15  3  1  3  476  442  267  1690  316
21  1  0  1  1626  1001  1448  918  344
16  2  0  1  627  570  352  1588  329
20  0  2  4  1419  693  1488  1137  338
21  2  3  6  884  742  596  1511  205
20  0  0  1  1001  412  1101  1569  325
16  1  3  6  467  292  402  2018  298
23  3  2  4  681  672  383  1284  285
16  1  2  4  242  115  230  2204  283
15  2  2  5  896  661  686  1307  234
20  0  3  6  559  259  585  1703  350
23  2  2  5  668  552  431  1288  248
20  2  0  1  560  441  356  1784  321
16  0  0  0  872  444  910  1519  326
16  2  3  7  185  143  121  2242  318
21  2  1  2  1126  836  790  1222  253
16  0  0  0  343  139  398  2168  320
15  1  2  5  553  352  516  1581  271
22  3  3  7  1305  1384  603  933  221
21  1  3  6  1055  656  909  1453  228
23  2  0  1  1198  1118  676  979  234
23  0  0  1  496  216  538  1835  296
15  0  1  2  1624  544  1942  1111  336
15  0  2  5  1142  519  1309  1209  258
20  0  3  6  667  212  809  1650  216
22  0  3  7  853  398  882  1469  340
14  1  1  2  479  263  461  1845  268
17  2  2  4  264  189  201  1866  121
16  3  2  4  920  861  462  1275  311
16  2  1  2  386  336  227  1950  311
17  2  0  0  976  776  650  1329  320
20  2  2  4  738  535  548  1487  249
15  2  1  2  413  334  262  1816  330
23  3  3  7  380  419  161  1609  268
15  1  1  2  1185  816  965  1209  202
21  2  1  2  199  173  136  2090  330
17  2  3  6  715  657  396  1626  135
15  0  0  1  2427  1069  2573  855  250
15  3  1  3  592  617  270  1539  267
22  0  2  5  1009  513  1065  1474  349
15  2  2  5  1067  821  777  1146  321
14  0  0  1  763  264  846  1699  340
22  3  3  6  2036  2096  1007  751  246
17  1  2  4  159  89  138  2110  278
23  3  0  0  1339  1523  575  797  259
17  1  0  1  601  303  578  1901  294
22  1  1  2  1033  570  958  1401  294
22  0  0  1  999  512  1040  1316  299
14  1  3  6  954  526  994  1480  237
21  2  0  1  490  386  365  1622  313
23  3  1  2  368  382  188  1563  170
15  0  2  4  176  60  209  2222  216
14  0  2  4  1392  477  1587  1328  133
14  1  0  1  1846  1064  1750  914  302
15  2  2  4  809  664  546  1306  291
22  0  3  6  1111  547  1117  1266  304
14  0  0  0  763  353  747  1510  324
23  3  1  2  657  761  256  1241  228
22  0  1  3  697  255  820  1714  230
21  0  0  1  633  217  759  1589  253
23  2  2  5  456  416  263  1455  338
17  0  1  2  1771  748  2121  922  326
23  0  2  5  1323  401  1600  1071  285
17  3  1  2  362  395  160  1779  300
21  2  3  7  72  64  48  2590  208
17  1  3  6  409  214  399  2111  315
15  2  2  5  173  139  115  2064  403
22  0  0  0  286  122  321  2568  314
21  2  0  1  574  512  359  1510  165
16  1  0  0  681  385  680  1623  225
17  2  0  1  645  594  342  1724  190
20  1  1  3  367  267  291  2061  282
21  1  3  7  680  387  705  1632  203
16  0  2  4  592  167  706  1999  326
17  1  1  3  617  345  611  1629  237
17  0  1  2  451  169  564  1859  223
20  0  2  4  1311  529  1493  1266  278
17  2  0  0  509  372  368  1730  287
15  0  2  5  595  179  794  1761  325
23  0  1  2  331  160  355  1997  179
23  3  1  3  400  435  193  1516  342
20  2  1  3  866  809  479  1479  274
16  0  1  3  1958  843  2104  985  320
16  1  2  4  595  300  572  1764  332
14  1  1  2  135  85  120  2366  206
15  1  0  1  1155  817  912  1282  283
16  2  3  6  590  501  340  1815  324
15  1  3  7  789  528  726  1476  332
21  0  1  3  1244  415  1558  1439  282
22  0  2  4  331  137  375  2264  251
16  2  1  2  385  347  209  1902  267
21  3  1  3  191  202  87  2367  346
22  3  3  6  104  124  29  2168  183
22  0  1  2  1457  680  1562  1151  238
17  3  0  1  202  211  84  2367  265
15  2  2  4  913  663  720  1278  243
21  1  0  1  620  370  564  1527  315
17  2  2  4  1576  1354  973  860  307
21  2  2  5  222  187  148  2192  132
22  0  3  6  160  81  161  2354  225
15  0  0  1  1847  583  2225  1131  269
21  0  1  2  141  54  158  2320  368
20  1  1  3  265  170  235  2251  229
14  0  3  6  1662  820  1695  1152  296
21  1  2  4  1486  871  1318  1129  210
15  1  1  2  341  201  316  2003  258
14  3  1  2  771  915  249  1307  292
22  1  1  2  598  426  484  1608  330
23  1  0  0  814  516  677  1495  311
20  1  2  4  1132  658  1070  1233  282
16  2  2  5  1495  1182  887  1021  302
17  0  3  6  1615  599  1947  1247  262
22  2  0  0  1181  1017  854  1256  300
15  1  2  4  645  433  586  1465  324
16  0  1  2  844  317  957  1645  261
14  3  1  3  571  636  219  1424  322
20  1  3  6  315  192  277  1903  292
16  2  3  7  735  527  516  1506  295
20  0  0  0  2493  987  2809  823  305
17  1  0  0  132  65  124  2421  298
16  2  2  4  116  75  83  2385  231
21  1  0  0  428  230  414  1865  199
15  0  2  4  1200  405  1530  1235  303
14  1  2  5  311  212  274  1810  201
23  3  0  1  651  717  308  1299  315
16  1  3  7  1243  693  1165  1165  304
23  3  1  3  96  114  40  2044  335
23  2  2  5  118  96  72  1934  235
14  1  2  4  1545  1118  1305  1024  320
17  2  1  2  1279  1062  880  1050  294
21  3  0  0  790  829  422  1114  336
16  2  3  7  505  416  303  1747  212
16  1  1  3  391  259  330  1993  280
20  2  1  3  381  308  251  1997  320
17  1  3  6  671  395  606  1701  297
23  1  2  5  1675  978  1514  821  323
21  3  2  4  1163  1210  506  1175  273
15  1  1  3  123  82  104  2416  181
20  2  3  7  202  148  140  2318  159
20  2  1  3  1490  1364  855  1062  308
16  2  0  0  1836  1524  1197  919  327
22  1  0  0  786  465  700  1721  307
17  0  2  4  199  93  212  2093  170
22  0  3  7  237  95  257  2155  218
16  1  0  1  820  462  828  1485  369
22  0  2  5  376  134  449  2264  186
20  1  1  3  289  180  258  2238  312
21  1  3  7  305  164  287  2275  326
17  0  3  6  720  282  853  1772  319
20  1  0  1  785  489  672  1627  230
21  2  3  6  888  848  493  1502  252
17  0  0  0  1342  567  1496  1163  323
20  1  3  6  760  574  624  1426  320
22  1  0  0  380  239  323  2192  310
20  2  0  1  1175  980  694  1234  260
17  1  3  6  129  76  115  2582  341
15  1  1  3  172  117  143  2312  205
23  0  1  2  256  126  260  2017  330
23  0  3  7  707  247  820  1422  309
15  1  3  7  133  78  128  2398  229
20  2  3  6  301  256  173  2190  302
16  3  1  3  708  770  309  1429  230
15  0  1  2  459  180  508  1990  190
23  3  1  3  169  189  71  1893  240
22  1  3  6  1851  1070  1557  920  187
22  1  3  6  298  187  236  2028  315
21  0  3  6  1085  486  1152  1515  272
21  2  1  3  549  460  395  1848  297
16  3  0  1  298  305  156  2006  277
23  3  1  2  158  162  80  1875  204
21  2  0  1  693  533  522  1405  278
20  2  2  5  320  300  172  1884  329
21  1  3  6  552  290  533  2011  232
21  0  0  0  613  281  667  1682  324
16  1  3  7  1848  1020  1740  937  333
16  3  0  1  291  329  119  2032  336
15  1  2  4  582  294  641  1639  188
23  1  0  1  461  259  445  1765  291
20  0  0  1  376  155  418  2272  344
16  0  1  2  314  136  333  2236  321
14  0  0  0  852  345  891  1517  318
20  1  1  3  730  485  622  1625  229
22  2  1  2  1659  1336  1275  922  265
15  3  3  7  325  354  158  1869  202
22  1  1  2  203  152  150  2118  208
20  0  1  3  220  113  221  2446  192
16  2  1  3  502  390  337  1747  263
21  1  0  0  1095  676  979  1229  318
20  1  0  1  742  446  655  1658  281
14  1  2  4  567  328  557  1713  303
23  1  2  4  493  247  484  1703  282
23  1  0  1  598  321  592  1649  243
15  1  0  1  1160  680  1067  1313  267
23  3  1  2  108  110  53  2006  217
16  0  2  5  468  158  535  2052  299
15  1  3  7  213  157  187  2278  317
17  3  0  1  303  346  100  2196  194
21  0  2  5  1063  428  1166  1428  318
21  1  2  5  1373  796  1233  1159  310
21  1  1  2  1282  679  1296  1119  171
16  2  3  7  1555  1378  979  958  277
17  0  2  5  576  230  621  1688  237
20  2  3  7  249  207  148  2265  320
21  2  3  6  208  156  161  2363  190
15  1  1  2  468  347  385  1723  301
16  1  3  6  616  358  533  1804  248
14  3  0  0  436  460  173  1619  298
22  3  0  1  1074  1096  573  1177  333
20  2  3  6  251  205  158  1990  334
17  0  0  1  475  178  550  2152  293
20  1  2  5  1705  1018  1567  913  333
15  2  3  6  1507  1253  1034  978  316
23  0  3  6  659  215  842  1709  330
22  3  3  6  446  452  226  1665  254
22  3  1  3  747  908  298  1253  286
15  2  3  7  192  176  115  2203  338
23  3  1  3  181  214  60  1935  299
21  0  2  5  346  140  375  2231  260
22  1  1  2  308  168  308  2022  300
20  1  0  1  740  499  600  1645  284
17  3  0  1  937  983  397  1420  294
15  0  1  3  423  204  438  2007  207
23  3  2  4  1132  1131  613  994  306
23  0  0  0  1169  462  1343  1239  317
15  0  0  0  790  262  936  1784  257
17  3  1  3  1435  1606  609  948  333
23  0  1  3  797  282  1016  1541  305
20  0  0  1  389  170  420  2242  289
14  1  0  1  420  282  355  1807  302
16  3  1  2  835  967  309  1397  293
22  2  0  0  832  834  487  1444  263
20  1  3  6  182  114  152  2127  285
20  1  3  7  666  362  635  1727  331
20  2  3  6  1899  1455  1286  846  331
20  2  3  6  101  70  69  2227  317
14  1  3  6  777  486  745  1578  264
20  0  2  5  280  123  306  2119  303
22  0  1  2  157  73  171  2410  115
15  1  1  3  553  365  467  1752  319
21  1  0  1  1042  628  946  1224  170
15  1  0  0  574  309  552  1840  341
20  2  3  7  508  462  266  1844  233
23  3  0  0  260  297  109  1596  299
21  1  3  6  312  209  246  2244  150
15  1  0  1  338  194  312  2152  228
21  0  1  2  175  75  198  2316  250
20  1  2  4  1120  581  1124  1316  268
15  0  3  6  231  86  275  2332  325
16  1  0  1  437  237  447  1932  144
21  1  3  7  352  249  272  2135  226
21  1  3  7  511  353  400  1841  309
14  0  0  0  208  85  217  2255  295
23  3  0  1  1157  1376  432  955  234
15  1  3  7  1056  768  911  1285  332
15  2  0  0  411  303  282  1975  252
17  1  3  6  841  499  839  1466  316
23  0  0  1  1612  552  1948  1105  268
23  1  2  4  667  359  634  1541  320
17  2  1  3  1459  1190  1040  974  336
14  1  2  4  537  344  497  1777  201
17  3  1  2  255  268  123  1942  325
16  0  3  7  676  261  741  1775  270
17  0  0  1  106  47  114  2765  193
16  2  2  5  646  466  431  1582  327
15  1  1  2  231  153  189  2141  322
14  0  3  6  676  207  824  1993  314
14  0  1  2  930  424  896  1453  406
22  0  0  1  1423  726  1494  1113  305
16  3  1  3  1221  1380  488  1079  230
23  2  2  4  460  409  269  1543  151
21  2  0  1  1125  889  827  1110  253
14  0  2  4  856  349  912  1646  219
20  1  1  3  2661  1477  2593  787  285
15  0  1  2  522  177  619  1920  320
22  2  2  4  112  103  75  2433  265
21  0  1  3  678  265  811  1846  190
22  0  1  3  422  201  449  1914  310
20  1  1  2  1567  1021  1364  1114  220
23  3  2  5  817  812  443  1097  199
22  0  2  4  410  130  553  1942  327
21  0  1  3  517  185  624  2145  321
14  1  2  4  968  549  975  1306  281
14  1  2  5  334  234  282  1870  288
21  0  1  2  541  186  671  1693  323
22  2  0  0  1384  1341  857  1113  308
21  1  2  5  109  54  111  2537  223
20  0  0  0  855  352  949  1755  233
17  1  3  6  160  102  137  2413  190
15  2  0  1  277  211  188  2170  356
16  3  0  1  530  592  231  1664  276
15  0  0  0  1271  579  1329  1337  332
16  3  3  6  1467  1523  682  1122  312
21  0  1  3  297  121  345  2398  289
21  1  3  7  1555  1002  1306  1137  341
23  0  2  5  510  208  562  1602  277
16  3  3  7  693  674  361  1544  187
16  2  1  2  821  663  530  1481  256
22  0  3  6  241  101  266  2264  120
17  3  3  6  263  273  120  2234  299
15  2  1  2  621  528  361  1574  318
14  3  1  3  646  747  230  1362  283
23  0  0  1  1191  407  1435  1360  266
14  1  3  6  721  512  617  1616  276
17  1  0  1  449  236  418  2070  191
22  0  3  6  565  286  566  1741  314
21  0  0  1  248  71  304  2212  325
14  3  2  4  319  387  117  1801  333
23  2  0  0  664  573  428  1290  298
20  2  2  4  162  137  86  2230  319
15  2  3  6  877  830  501  1265  282
22  1  2  5  906  625  717  1516  339
15  1  0  0  440  284  370  1978  207
16  3  1  3  681  721  319  1432  323
23  3  1  2  312  360  131  1676  314
16  3  1  2  900  1069  304  1381  253
21  1  2  4  1776  879  1749  975  220
20  1  1  3  262  171  228  2332  293
20  0  1  2  1324  477  1568  1414  212
20  1  3  6  197  129  160  2031  307
23  3  1  3  549  667  187  1457  322
22  0  3  6  176  51  212  2437  299
15  0  1  3  239  106  262  2325  237
14  0  1  3  517  181  552  1958  318
16  0  0  0  366  153  422  2091  258
20  1  2  5  494  293  457  1639  228
16  0  1  2  1288  452  1496  1311  268
23  0  0  1  690  232  842  1759  327
22  2  2  4  257  203  198  2172  197
22  0  0  0  253  130  252  2357  338
16  1  3  6  490  271  462  2017  264
17  3  3  6  1147  1203  509  1207  305
16  1  3  6  425  233  398  2102  355
21  0  3  6  1455  548  1651  1270  289
16  3  0  0  1051  1222  408  1252  284
21  2  1  3  919  770  569  1309  232
17  1  2  4  1734  1009  1574  898  206
17  1  2  4  218  134  192  2001  297
21  2  2  5  1196  1116  658  1152  321
22  0  0  0  939  365  1097  1717  250
22  1  1  2  534  289  499  1799  142
23  0  1  2  925  307  1095  1454  219
16  2  3  6  942  831  517  1457  312
17  0  2  4  2300  879  2736  757  280
15  2  2  5  1182  871  902  1113  285
22  0  1  3  471  163  595  1834  277
20  1  1  3  1417  849  1318  1166  303
23  3  0  0  246  239  146  1660  281
22  0  3  6  1872  839  1975  952  286
22  1  2  5  327  212  273  2172  312
20  0  2  5  821  260  1009  1645  252
23  3  0  0  918  1055  380  1022  313
21  1  2  5  1147  660  1016  1260  307
22  1  1  3  788  462  702  1463  309
20  2  0  0  138  119  84  2327  210
20  3  3  7  330  339  177  1894  354
16  1  2  4  1016  607  881  1316  287
20  1  0  1  856  534  736  1589  280
15  2  0  0  524  378  379  1768  307
14  1  2  5  628  426  554  1455  267
21  1  2  4  1314  697  1228  1168  243
21  1  2  4  803  433  749  1521  278
16  0  0  1  1089  505  1191  1342  334
14  1  2  4  493  284  485  1807  242
21  2  3  7  122  97  87  2483  367
22  1  0  0  568  401  446  1893  326
14  3  2  4  2229  2614  860  686  301
20  2  3  7  762  600  492  1578  279
16  3  2  4  2008  2086  808  819  183
22  2  1  3  2376  2068  1670  749  292
15  3  3  6  502  549  250  1553  308
23  2  3  6  667  492  500  1709  206
14  1  0  0  1412  896  1248  1025  333
22  0  1  2  569  256  624  1804  125
14  1  1  2  193  126  161  2257  247
21  0  2  5  548  189  626  1793  275
15  2  2  5  1176  914  845  1090  308
22  0  2  4  599  272  632  1825  307
14  0  1  3  341  152  325  2036  240
21  0  0  0  351  166  374  1956  192
23  2  1  3  1147  1018  690  1021  302
23  0  1  2  578  236  633  1683  292
16  0  1  3  203  67  235  2383  214
15  0  1  2  583  232  661  1859  184
17  1  1  3  340  209  315  1970  331
21  0  2  5  338  160  343  2197  140
23  1  2  4  84  51  77  2294  237
16  2  3  6  490  384  314  1882  269
20  2  1  3  426  326  311  1942  105
22  3  2  4  870  976  402  1275  146
14  1  0  0  370  208  346  1927  169
15  0  0  0  426  181  466  2188  211
20  2  1  3  307  285  168  2111  210
17  2  2  4  729  573  511  1300  247
17  2  2  4  820  694  516  1268  353
14  0  0  1  1145  536  1115  1244  231
21  1  1  3  253  189  198  2242  318
22  0  1  3  464  159  552  1849  330
23  2  0  0  132  122  76  1872  140
15  1  1  2  1093  680  967  1271  334
16  2  3  7  277  254  134  2054  327
23  3  2  5  476  502  229  1415  168
23  3  1  3  266  327  88  1824  216
20  2  0  1  798  683  453  1478  152
14  1  2  4  1996  1300  1831  865  340
21  3  1  3  1726  1811  825  876  346
17  0  1  3  633  228  788  1722  327
17  2  2  4  292  225  208  1790  239
20  2  1  2  164  142  107  2418  311
22  0  2  5  1274  618  1368  1320  228
21  0  1  3  591  212  716  2006  300
14  1  0  1  1654  893  1634  945  275
20  1  3  7  463  301  386  1906  331
23  0  0  0  226  95  250  2128  302
16  3  3  6  1359  1448  590  1128  229
20  1  3  6  456  274  408  1724  376
21  0  0  1  1580  573  1859  1012  325
21  1  1  3  1238  774  1118  1322  320
21  1  2  5  271  177  252  1956  290
16  1  3  6  470  287  413  2026  222
23  0  1  3  565  257  623  1953  164
16  1  1  3  1096  603  1061  1290  199
16  1  1  2  1285  816  1133  1194  199
21  2  0  0  72  73  34  2399  291
23  0  1  3  506  223  595  1836  271
14  0  2  4  550  251  558  1900  244
20  1  3  6  432  222  419  1777  317
14  1  1  3  1288  812  1127  1091  232
22  1  2  4  1248  881  959  1217  218
15  0  0  1  415  170  459  2084  265
17  2  2  4  540  475  316  1479  302
21  1  1  2  383  197  392  1914  229
20  1  0  0  135  93  107  2215  225
16  1  0  0  555  381  477  1675  325
16  3  2  5  432  419  203  1778  332
15  2  0  0  826  712  482  1447  290
22  1  0  0  429  310  331  2060  184
22  2  2  5  737  598  552  1596  240
23  2  1  3  1253  1188  677  934  307
22  0  1  2  2431  826  2924  874  255
16  1  0  0  1249  712  1246  1205  264
14  1  1  2  539  364  445  1671  346
14  0  0  0  773  237  890  1679  245
20  1  2  4  476  327  401  1782  289
14  1  2  5  1422  962  1271  949  239
23  0  0  0  740  265  873  1566  198
15  2  3  6  516  469  307  1582  283
15  2  0  0  406  339  244  1908  225
22  0  3  7  1296  407  1558  1187  334
21  0  3  7  766  238  926  1827  292
20  2  3  6  793  587  558  1355  313
21  1  3  6  1456  808  1349  1222  304
21  3  1  3  518  549  229  1876  333
22  0  1  2  703  331  752  1660  315
20  1  0  1  822  424  805  1665  420
22  3  3  6  492  504  240  1579  287
14  0  1  2  695  263  725  1809  222
20  0  1  3  256  116  281  2372  350
16  0  2  4  124  59  118  2507  313
20  1  1  3  158  106  138  2446  142
22  0  0  1  513  235  556  1809  229
21  2  3  6  337  293  212  2129  143
21  0  3  6  1381  672  1412  1302  208
16  1  3  6  468  265  431  2054  235
23  1  2  5  1261  705  1170  986  282
22  0  3  6  253  95  286  2288  333
16  1  3  7  582  339  525  1692  236
21  0  1  2  1487  459  1901  1144  271
21  0  0  0  1916  710  2244  919  263
23  3  2  4  332  367  144  1674  159
14  0  2  4  206  86  217  2371  240
17  2  0  0  1013  740  735  1306  265
20  0  2  4  336  115  406  2231  315
17  2  0  1  460  380  286  1966  312
16  3  0  1  723  752  371  1435  316
17  1  1  2  472  265  465  1795  361
15  0  2  4  1420  420  1899  1108  279
16  2  2  5  359  273  224  1924  276
23  2  1  3  698  577  459  1351  246
17  1  1  2  755  470  689  1407  319
20  1  0  0  967  559  869  1436  324
17  2  0  1  767  604  509  1603  291
22  2  2  4  201  158  156  2248  276
14  1  2  5  1096  809  916  1078  266
23  2  2  5  394  320  261  1546  225
22  1  1  2  197  134  152  2200  190
14  0  1  3  302  87  337  2252  327
23  2  1  2  872  701  649  1329  243
23  1  1  3  115  57  116  2233  257
16  2  1  2  684  572  422  1645  196
16  3  2  5  176  183  72  2185  347
16  1  2  5  768  378  755  1546  288
21  3  0  0  415  397  223  1813  326
15  0  2  4  1807  654  2266  942  295
16  1  0  0  1279  690  1303  1180  327
22  3  3  7  557  562  290  1455  237
23  3  2  5  198  222  81  1805  314
15  1  3  6  649  426  594  1620  329
15  2  2  5  218  181  141  1990  292
21  1  1  3  456  250  440  2074  308
16  0  3  7  447  176  487  1956  233
21  3  2  4  691  736  282  1494  390
23  0  0  1  94  30  108  2514  267
16  0  0  0  552  229  634  1889  169
16  1  0  1  1302  813  1222  1174  266
14  3  0  1  340  342  163  1802  264
14  1  2  5  1102  609  1126  1106  270
22  1  2  5  1087  705  900  1377  153
23  2  0  1  808  727  487  1262  205
16  2  0  0  901  839  494  1308  263
16  2  0  1  974  708  741  1381  238
15  2  2  4  1067  889  711  1101  333
14  0  2  5  436  199  445  1816  257
23  0  2  5  223  76  262  2017  360
20  1  1  2  1545  848  1505  1188  296
17  3  2  4  383  385  188  1670  275
14  0  1  2  2495  1152  2384  815  307
23  1  3  7  684  377  644  1375  183
17  2  3  6  969  744  687  1457  309
21  2  0  1  524  462  337  1565  293
22  1  3  6  796  576  601  1594  317
22  1  3  6  825  517  650  1426  308
17  2  1  3  528  463  340  1689  266
14  0  2  4  405  130  475  2251  324
16  1  2  5  1114  619  1006  1266  215
15  1  3  6  939  661  820  1305  267
21  3  0  0  770  798  349  1409  289
16  1  3  6  872  456  849  1610  307
21  2  1  2  605  444  492  1597  289
16  1  1  3  852  457  839  1437  330
23  3  1  2  503  610  176  1453  320
16  3  3  6  1391  1394  686  1109  307
17  3  0  0  305  322  129  1941  307
20  1  0  1  277  143  272  2375  323
16  2  0  0  285  234  186  2077  373
15  0  0  0  1209  516  1299  1360  244
16  2  1  2  235  190  147  2103  316
22  0  1  2  828  302  978  1586  162
17  0  3  6  285  132  315  2295  200
16  1  1  3  434  237  419  1901  288
21  3  0  1  777  745  421  1377  241
14  1  2  4  1058  578  1089  1272  124
23  2  2  5  300  244  202  1654  322
20  0  2  5  368  163  405  1953  308
14  1  1  3  385  279  296  1788  319
16  1  2  4  1662  1104  1309  955  296
23  2  1  3  88  83  46  2096  344
16  1  0  1  1182  744  1096  1229  327
14  0  2  4  979  328  1127  1518  292
15  1  3  7  676  442  630  1607  304
20  2  0  1  1500  1121  1028  1119  258
21  0  0  0  1383  442  1691  1208  336
22  3  3  7  248  270  103  1869  263
20  1  2  5  495  346  402  1684  357
21  0  3  7  590  222  674  1937  333
22  0  3  7  431  228  460  1959  277
14  2  2  5  399  294  292  1661  228
16  0  3  7  327  150  330  2138  216
20  2  1  3  202  153  143  2362  313
21  0  0  1  1771  896  1801  888  324
20  1  0  1  282  174  243  2309  278
20  0  2  4  1958  993  2024  945  269
15  2  1  3  144  108  87  2289  318
22  0  2  5  1198  595  1272  1355  302
16  3  2  5  1314  1221  678  1064  343
21  1  0  0  321  201  278  1951  216
23  3  0  0  2179  2435  982  581  247
17  2  0  0  203  157  134  2222  294
21  1  2  5  532  344  430  1805  281
22  1  3  7  1388  902  1062  1039  337
21  2  2  4  428  388  244  1844  264
22  1  1  2  700  425  626  1526  334
14  1  0  1  1419  813  1353  1028  340
20  1  0  1  290  187  248  2270  315
20  1  0  1  235  129  219  2471  231
17  3  0  0  358  346  183  1902  276
22  1  3  6  1220  755  975  1207  295
16  1  2  4  1660  1095  1318  983  338
21  0  0  1  86  36  90  2351  346
14  1  3  6  568  394  505  1811  255
22  2  0  1  101  97  58  2145  206
23  0  0  0  2852  972  3432  669  247
22  0  2  4  530  231  592  1964  319
14  1  1  3  215  159  164  2125  300
15  1  3  6  238  155  217  2132  322
15  1  1  2  177  92  165  2323  295
21  3  3  7  220  228  97  2274  248
23  0  2  4  99  33  111  2405  231
22  0  0  0  370  190  388  2239  216
20  1  3  7  2500  1753  1957  742  224
17  2  0  1  674  581  397  1711  299
15  0  0  1  1719  774  1818  1068  336
17  3  2  4  724  827  269  1304  309
22  2  2  4  271  217  205  2121  325
17  0  2  4  1372  677  1459  1063  317
15  1  2  5  991  666  883  1246  293
23  2  0  1  1058  955  642  1068  257
16  0  0  0  637  242  744  1789  264
21  3  0  0  876  873  440  1320  366
23  2  2  5  302  241  206  1657  270
21  2  3  6  86  80  46  2593  309
22  1  3  6  727  402  627  1552  247
16  1  0  1  1023  684  910  1305  335
16  3  1  3  691  759  298  1461  260
17  1  1  2  486  322  417  1651  204
20  0  0  0  1103  459  1214  1460  315
21  2  2  5  1666  1454  1025  952  320
20  1  3  7  1487  827  1405  1109  307
23  3  0  1  585  682  230  1385  323
14  3  2  4  259  300  110  1895  343
20  1  0  1  911  568  782  1472  277
22  0  1  2  374  119  450  2165  191
21  0  1  3  367  97  480  2404  311
23  0  1  2  1294  468  1492  1180  272
15  0  0  0  675  315  702  1798  313
23  3  1  2  503  575  205  1376  197
20  2  1  2  329  291  198  2110  328
16  0  3  6  555  240  586  2045  307
20  0  0  1  351  131  401  2340  307
22  2  3  6  1236  907  942  1127  216
15  0  1  3  766  263  906  1699  332
16  1  1  3  100  53  96  2534  313
16  3  0  1  714  799  303  1465  319
15  1  3  6  381  238  370  1904  284
16  1  0  0  1291  844  1171  1143  267
15  0  2  4  697  199  935  1693  356
14  0  0  0  830  379  820  1482  207
14  1  0  1  400  285  316  1799  222
22  3  2  5  498  567  224  1681  260
17  2  3  6  1354  1207  780  1150  288
16  2  3  6  234  195  144  2384  324
17  1  1  2  1295  838  1146  1084  306
17  1  0  0  294  169  259  2107  269
22  2  0  0  1171  922  936  1304  246
23  1  0  0  1156  715  1045  1071  302
15  1  1  2  656  376  620  1614  331
22  1  1  2  143  87  123  2303  257
21  1  3  7  305  181  278  2240  344
20  2  0  0  735  534  520  1573  308
20  0  1  2  699  336  747  1805  319
16  1  0  1  991  586  960  1374  274
23  2  2  5  200  167  134  1779  267
21  3  1  3  1340  1450  553  1173  308
14  1  3  6  1402  814  1423  1143  312
14  0  1  3  904  375  903  1435  227
23  0  1  2  251  80  295  2212  314
17  3  2  4  218  253  76  1922  268
20  1  2  5  645  406  574  1532  329
23  3  2  4  346  371  160  1665  250
22  2  3  6  200  143  153  2179  155
15  2  3  7  328  305  191  1917  347
15  2  3  6  96  73  68  2318  296
20  0  0  0  326  127  365  2326  256
17  0  0  1  288  132  309  2362  322
16  0  1  2  1514  499  1785  1192  154
17  0  1  3  778  317  945  1576  262
21  1  0  0  732  458  647  1464  328
20  1  0  1  1607  860  1544  1121  329
14  0  2  5  700  238  803  1633  333
15  0  3  6  771  276  959  1585  296
17  2  1  3  673  559  466  1521  308
20  0  2  5  779  363  842  1504  352
14  0  0  1  1081  430  1144  1354  329
14  2  1  3  1380  989  984  1000  260
15  2  1  3  739  626  429  1463  321
15  0  2  4  668  195  889  1740  312
22  1  2  5  682  360  721  1584  304
20  0  0  0  332  125  381  2261  320
22  0  3  7  2380  870  2731  844  340
21  1  2  4  1703  988  1514  980  122
14  1  0  0  583  422  459  1569  289
15  2  2  4  596  415  483  1546  271
20  1  3  6  872  541  760  1293  265
16  1  0  0  1002  734  825  1256  213
17  1  2  4  383  232  335  1796  293
17  1  2  4  1176  715  1032  1104  320
21  3  0  1  787  756  425  1333  327
14  3  2  5  585  728  190  1311  311
16  1  2  5  755  395  715  1562  297
23  3  3  7  173  210  55  1937  263
21  2  0  1  314  275  198  1889  276
15  0  0  0  223  109  225  2453  280
17  3  2  4  249  288  83  1884  164
21  1  0  0  705  394  668  1550  331
20  1  0  0  439  271  402  1917  266
23  3  1  3  540  577  264  1388  325
17  3  1  2  888  1013  358  1242  312
14  2  1  3  2186  1566  1562  735  326
16  2  3  7  212  167  136  2180  241
20  0  0  0  927  282  1140  1648  318
21  2  2  5  144  126  79  2328  283
20  2  0  1  100  74  69  2490  220
15  2  0  1  159  129  97  2367  262
16  2  2  5  982  782  573  1319  298
23  2  1  3  327  305  184  1707  252
16  0  3  6  416  186  425  2250  325
16  1  2  5  342  236  262  1995  264
16  2  3  6  248  197  152  2297  269
20  0  2  4  114  47  121  2567  264
20  1  1  3  289  175  276  2226  330
15  2  2  5  490  358  374  1630  215
21  0  1  2  132  35  174  2497  318
14  1  1  2  330  215  286  2052  243
16  1  3  7  300  199  245  2093  331
22  2  0  1  613  491  477  1565  288
16  1  0  1  225  141  203  2270  329
15  3  1  2  297  351  85  2122  224
21  2  0  1  429  378  273  1626  284
22  0  0  1  636  232  758  1753  325
21  0  2  5  1133  414  1281  1462  253
23  2  1  3  740  600  468  1450  283
16  2  3  6  534  389  373  1868  229
17  0  1  3  475  220  541  1756  334
22  0  0  0  78  20  101  2384  298
16  3  3  6  1485  1686  541  1084  236
20  0  0  0  1365  667  1390  1243  243
22  2  1  2  1238  990  956  1094  290
20  2  3  7  361  270  246  2065  287
20  2  2  5  480  395  310  1685  321
14  0  1  3  1543  543  1647  1128  180
20  0  2  5  288  138  303  2033  246
17  0  2  4  496  157  620  1728  298
17  2  0  0  1200  874  883  1234  321
22  2  1  2  383  305  252  1903  302
21  3  1  3  1287  1356  580  1203  275
16  0  3  6  528  226  554  2089  277
21  1  3  7  1507  1022  1204  1120  321
23  1  1  2  141  76  140  2207  223
22  3  2  5  272  294  135  2050  293
23  2  0  0  330  266  210  1994  288
16  0  1  3  1056  487  1098  1345  192
21  2  0  1  110  98  65  2171  325
21  2  3  6  193  146  127  2435  235
15  2  1  3  368  323  207  2146  203
17  0  2  4  495  217  549  1580  308
14  1  1  3  783  578  606  1387  243
15  2  0  0  499  382  335  1838  300
17  1  0  1  705  403  622  1782  232
20  1  3  6  170  115  136  2157  256
15  0  0  1  2675  1081  2948  821  347
23  0  2  5  1308  592  1354  1037  303
21  1  0  1  548  303  524  1671  203
22  1  3  6  723  559  558  1638  259
20  0  2  5  606  290  645  1635  158
22  1  1  3  280  199  222  1976  265
23  0  2  4  142  68  149  2245  311
22  3  3  7  856  835  477  1254  300
16  3  1  2  226  266  68  2186  333
14  0  1  2  527  193  556  2015  257
23  0  1  2  182  64  209  2293  323
15  1  2  4  123  68  124  2229  241
17  0  0  1  1012  494  1053  1550  312
16  0  0  0  935  341  1120  1555  272
20  0  3  6  1473  509  1756  1060  319
21  2  0  1  471  431  288  1683  277
15  2  2  5  552  418  401  1583  270
21  1  1  2  160  99  148  2225  316
20  0  2  5  972  464  949  1437  324
22  0  1  2  420  226  421  1957  195
23  0  0  1  1189  447  1389  1237  193
15  0  1  3  289  111  330  2305  307
20  1  3  7  406  248  359  1997  251
16  1  2  5  215  133  177  2213  178
22  0  3  7  967  366  1103  1340  312
17  0  1  3  966  318  1258  1414  339
20  0  3  7  1320  596  1408  1281  209
21  0  1  3  103  37  125  2979  227
22  2  1  2  349  282  265  1873  318
14  0  3  6  1082  336  1330  1653  325
15  0  2  4  1247  404  1616  1242  271
15  1  3  7  1462  851  1478  1111  226
20  2  0  0  1479  1338  774  1010  295
21  0  3  7  2581  1070  2830  813  306
16  2  0  0  277  210  201  2070  161
17  0  3  6  644  311  695  1789  286
23  0  2  4  908  327  1039  1406  308
20  0  1  2  486  152  606  2227  363
20  0  0  0  380  147  440  2024  249
15  1  1  2  358  246  285  1950  258
16  1  2  5  237  145  200  2166  315
21  1  3  6  215  141  175  2478  317
20  2  3  6  1100  1009  632  1086  257
23  2  2  4  71  56  51  2160  212
21  0  2  5  1475  607  1607  1182  332
21  0  2  5  374  128  434  2092  395
17  1  1  3  1236  679  1212  1212  381
21  0  3  6  954  294  1169  1630  301
20  0  0  1  808  333  899  1806  192
21  1  0  1  239  151  203  2039  232
20  2  1  2  165  133  114  2418  267
14  3  1  2  498  585  162  1579  206
17  0  0  1  797  291  950  1669  302
22  1  0  0  295  190  252  2304  204
16  2  0  0  489  347  378  1797  211
21  1  1  3  1511  937  1370  1158  278
15  2  3  6  692  525  532  1496  280
15  2  3  7  295  249  200  2000  303
20  1  1  2  485  350  387  1945  360
17  1  0  0  1493  939  1241  1081  286
15  2  3  6  1173  1007  780  1104  351
21  0  3  6  946  444  980  1592  273
14  2  3  6  875  624  676  1485  202
20  1  2  4  386  269  308  1975  261
14  0  2  4  641  293  649  1793  296
16  1  0  0  855  463  873  1492  221
21  1  1  3  221  116  223  2397  421
16  2  3  6  1744  1305  1186  1022  281
23  1  2  5  912  467  893  1224  323
21  2  1  2  410  319  322  1752  282
22  2  0  1  211  192  136  2020  328
20  0  0  0  482  202  522  2065  304
23  1  3  7  169  86  167  2061  286
21  0  0  0  311  114  366  2106  295
20  1  3  7  618  368  552  1785  254
21  2  1  2  233  198  159  2030  267
22  2  0  0  319  282  217  2171  191
15  3  2  5  314  307  185  1780  194
14  3  1  3  442  479  178  1573  306
21  3  2  4  590  614  249  1564  253
21  3  0  1  725  786  297  1440  309
17  0  0  0  586  276  621  1757  262
22  0  0  0  318  108  388  2481  317
15  2  0  1  1161  848  831  1255  292
23  0  2  4  122  48  132  2258  307
22  0  1  2  989  483  1112  1237  309
21  1  0  1  463  234  469  1720  326
22  1  1  2  302  209  241  2034  245
21  2  0  1  730  647  465  1391  325
16  1  1  2  282  173  252  2154  265
22  2  1  2  888  812  587  1315  241
23  3  2  5  620  656  299  1234  341
22  3  3  6  1016  1096  442  1114  286
22  1  2  4  1813  985  1699  1014  272
16  0  0  1  1407  628  1568  1169  335
23  2  3  7  311  249  211  1710  177
23  0  0  0  693  317  745  1512  306
21  3  0  0  586  600  268  1585  182
20  2  2  5  367  328  212  1810  313
16  0  2  5  1806  534  2134  1114  342
15  1  1  2  1015  559  976  1294  318
23  2  3  6  810  709  484  1490  297
15  1  3  7  1138  737  1073  1270  335
23  1  3  7  202  92  203  1958  201
17  0  3  6  97  47  109  2643  207
21  0  0  1  325  140  358  1934  279
15  0  1  2  480  184  541  1959  268
16  1  2  5  223  128  194  2243  323
23  2  0  0  265  215  176  1728  306
22  1  2  4  681  406  664  1598  188
16  0  2  5  500  152  580  1955  227
20  0  2  4  577  218  677  1777  303
15  2  1  2  2386  1896  1531  728  203
15  1  2  4  734  483  676  1410  321
16  3  1  3  208  203  112  2110  313
22  2  3  6  429  384  230  1731  299
20  0  2  5  1091  401  1290  1311  351
16  2  0  1  1045  926  621  1234  280
17  3  1  3  1216  1441  436  1068  315
22  0  0  1  2546  1117  2841  778  272
20  0  1  2  498  170  600  2232  284
22  0  3  6  171  78  175  2294  311
17  3  2  4  626  631  311  1426  273
16  0  3  6  1377  545  1479  1299  331
17  2  3  6  372  281  268  2068  311
17  3  3  6  316  340  138  2118  304
17  3  1  2  721  814  294  1345  324
17  2  3  6  138  97  102  2471  339
23  3  1  3  318  381  107  1703  297
15  2  1  2  577  509  323  1594  324
17  1  0  0  309  178  285  2222  260
23  0  3  7  447  187  490  1836  311
17  2  2  4  1012  791  721  1147  263
20  0  3  6  163  83  165  2209  318
21  3  0  0  795  901  282  1395  338
16  3  1  3  1169  1170  618  1113  312
15  1  2  5  537  358  483  1575  323
14  0  1  2  248  95  255  2400  343
16  1  2  5  344  224  275  2027  286
21  0  3  7  1682  859  1672  1061  241
21  2  1  3  560  474  391  1803  235
21  0  0  1  370  142  423  1925  238
15  1  2  4  1588  900  1612  970  230
20  1  2  5  710  495  588  1446  261
22  1  3  7  141  81  127  2164  214
15  1  3  7  541  376  473  1748  252
14  0  2  5  1444  594  1545  1076  320
23  0  3  6  612  192  745  1646  191
23  3  2  5  896  1054  334  1102  267
21  2  1  2  548  485  350  1613  216
16  0  2  5  703  326  719  1641  303
20  2  0  1  760  617  473  1558  219
16  1  0  0  690  504  568  1557  335
22  1  2  4  308  159  287  2200  252
20  0  0  0  241  76  291  2502  140
23  3  0  0  919  923  490  1262  217
17  0  0  1  192  91  199  2596  230
20  0  3  7  1349  658  1386  1227  282
16  1  3  6  853  537  734  1542  264
21  0  2  4  1177  489  1263  1363  244
22  3  3  6  818  894  344  1261  296
17  1  1  3  728  416  697  1528  287
15  1  0  0  550  333  493  1843  332
20  0  2  4  530  204  607  1906  335
21  1  0  1  787  410  785  1437  171
15  0  0  0  1273  539  1384  1325  319
21  0  1  2  865  417  924  1410  322
23  0  0  0  211  94  223  2063  269
14  3  3  6  610  721  201  1566  289
16  3  1  2  283  290  138  2028  292
22  3  2  5  971  1157  384  1234  321
15  2  3  6  1206  1131  690  1075  265
14  1  1  2  2390  1354  2244  748  340
22  1  2  5  255  140  242  2376  311
15  3  1  3  136  129  77  2279  246
21  2  1  2  659  582  423  1485  186
16  1  0  1  562  300  576  1776  261
21  1  3  6  1276  807  1089  1287  347
16  2  1  2  1091  805  783  1274  287
20  0  1  2  1725  814  1839  1112  167
15  0  3  6  2399  1171  2642  795  352
16  1  3  6  499  297  425  1940  332
21  2  2  5  148  122  107  2302  186
21  1  0  0  857  517  774  1413  311
20  0  3  7  1315  575  1428  1289  299
14  1  1  2  855  503  787  1423  188
15  2  0  1  644  600  327  1596  350
20  0  3  7  680  260  783  1754  225
20  2  1  2  112  119  47  2487  287
21  1  0  1  247  141  221  2032  260
16  3  3  6  1144  1205  507  1229  279
15  1  0  0  1281  813  1116  1229  335
23  2  3  7  629  510  427  1333  303
15  2  1  2  622  505  383  1569  253
14  1  1  3  1161  817  931  1121  339
21  0  1  3  1633  679  1888  1199  311
23  1  0  1  432  283  374  1713  312
20  1  2  5  501  297  463  1697  334
15  1  1  3  763  409  724  1536  329
20  0  0  0  105  39  123  2793  325
22  2  2  4  281  230  204  2168  311
17  0  0  1  701  287  790  1789  304
15  0  3  6  177  81  197  2312  311
23  2  0  1  634  596  357  1378  341
15  1  0  1  1231  655  1209  1243  344
23  3  2  4  149  157  72  1965  294
21  2  1  2  328  294  179  2293  327
23  2  1  3  495  428  307  1517  333
21  2  2  4  301  227  227  2039  326
16  0  3  7  796  303  868  1601  329
22  1  2  5  379  261  300  2057  282
22  0  1  3  1477  709  1576  1090  214
23  1  2  5  390  220  359  1668  327
15  0  3  6  1602  787  1760  1021  173
22  0  1  2  730  298  826  1720  213
17  1  2  4  782  516  641  1305  263
23  1  0  1  118  76  97  2264  327
21  2  2  4  379  281  296  1940  268
17  0  0  0  616  283  661  1698  294
20  1  3  6  1006  606  893  1194  321
17  3  0  0  89  87  42  2382  260
20  0  3  6  222  104  225  2078  330
20  1  0  0  1036  557  992  1398  307
16  0  2  4  368  140  393  2023  305
17  3  0  1  301  292  157  2194  265
21  1  0  1  429  267  381  1746  183
15  0  1  3  1927  685  2249  1038  309
22  1  0  1  365  205  333  1962  265
23  0  1  2  1059  346  1252  1354  252
21  1  1  2  1076  635  1017  1228  277
21  1  2  4  584  354  510  1699  228
21  1  1  2  465  309  394  1745  292
15  0  1  3  622  180  778  1809  274
16  0  3  6  454  219  451  2153  158
22  3  2  5  1031  1255  392  1225  341
17  0  2  4  1932  649  2393  856  200
22  2  2  5  359  285  258  2070  230
22  0  3  6  729  339  755  1619  142
15  1  2  4  128  89  109  2207  348
22  1  3  6  433  233  385  1888  363
20  2  1  3  968  889  547  1393  293
21  2  3  6  837  750  517  1576  190
15  0  0  1  1503  746  1514  1146  335
22  1  3  6  756  465  611  1516  167
23  2  1  2  1152  1011  716  1020  341
17  2  2  4  182  160  105  1985  309
17  0  1  3  466  206  549  1901  305
21  1  2  4  1152  606  1089  1234  382
20  1  0  0  1187  828  932  1185  191
17  1  1  2  345  186  347  1937  258
21  0  3  7  616  261  679  1881  310
17  1  1  3  98  44  108  2439  254
22  3  1  3  674  828  270  1354  172
22  1  0  0  106  73  80  2616  252
22  1  1  3  436  293  357  1751  321
16  0  1  3  726  369  717  1624  307
21  3  0  0  325  342  160  1891  311
16  1  1  3  2288  1295  2188  805  226
14  1  1  3  1664  970  1536  898  348
15  2  1  2  266  183  198  2099  329
20  0  2  4  161  56  188  2603  328
21  1  3  6  222  147  177  2355  307
22  0  2  4  505  266  521  1892  282
15  3  3  7  385  398  205  1818  336
16  1  3  6  139  72  134  2706  272
15  0  3  6  260  119  298  2154  262
22  2  2  5  629  522  342  1600  353
21  1  0  1  420  227  429  1955  301
21  0  1  2  836  308  1006  1484  283
17  0  0  1  924  447  963  1551  182
20  1  3  6  758  476  656  1399  230
16  1  3  6  257  183  203  2317  322
20  0  1  3  653  347  663  1836  327
20  1  3  7  148  74  146  2534  162
14  2  0  0  1442  1174  962  1037  348
20  1  3  6  656  331  641  1538  270
15  2  0  1  1407  1066  970  1146  298
15  2  1  3  816  556  632  1463  316
21  1  1  3  365  243  309  2124  220
17  2  0  1  814  591  601  1609  288
22  1  0  1  654  423  553  1596  189
15  1  3  6  1062  799  874  1195  289
20  0  2  5  974  335  1182  1344  329
17  1  0  0  1352  703  1278  1155  284
15  1  3  7  195  128  171  2258  163
22  3  2  5  260  260  151  1823  251
23  2  1  3  672  560  458  1376  337
21  2  2  4  246  190  174  2102  271
16  2  0  0  2635  2010  1901  723  334
20  1  0  1  903  585  756  1465  244
22  0  0  0  262  121  256  2181  201
20  2  1  2  761  621  515  1605  328
15  3  1  2  535  518  279  1597  344
22  3  1  3  450  553  175  1580  298
16  0  3  7  252  114  254  2312  260
21  3  1  2  700  787  254  1477  308
22  1  2  4  2193  1503  1717  874  325
23  1  2  5  1097  623  1047  1215  205
16  2  0  1  1446  1268  878  1021  332
17  0  0  1  682  234  815  1847  321
21  0  1  3  647  260  761  1965  230
22  0  0  1  393  144  449  2016  223
20  2  3  7  791  641  489  1547  339
16  2  1  2  641  591  343  1552  331
17  0  3  6  1438  496  1770  1204  310
14  1  0  0  671  410  612  1511  278
21  3  2  5  682  709  293  1584  264
23  2  1  2  882  783  534  1158  273
16  3  2  4  203  192  102  2144  300
14  0  0  1  1443  433  1673  1261  342
15  2  3  7  1810  1375  1381  913  314
16  0  2  5  934  310  1065  1514  323
15  2  3  6  373  288  279  1884  293
16  3  3  6  230  255  104  1901  320
14  3  0  0  809  848  340  1234  332
14  2  2  4  421  333  289  1821  275
14  1  0  0  1195  679  1142  1161  333
20  2  0  0  745  540  526  1556  322
14  1  1  3  279  153  269  2027  326
22  2  1  2  118  86  95  2296  307
16  2  1  2  326  243  226  2036  321
21  0  1  3  367  148  426  2325  322
22  0  1  2  640  300  684  1742  317
22  2  1  2  2325  1940  1729  735  319
15  2  1  3  570  422  402  1710  335
22  3  1  2  383  467  124  1750  299
21  0  3  6  807  311  922  1754  217
23  1  1  3  172  95  166  2089  321
22  0  2  5  722  334  802  1771  283
16  0  1  2  658  252  742  1797  252
20  0  1  3  356  170  384  2192  308
17  1  2  4  415  234  378  1781  256
16  3  1  2  240  235  128  2091  286
23  3  2  4  342  343  184  1636  273
14  1  3  6  189  107  198  2465  249
23  0  2  4  243  76  289  2255  381
16  0  1  3  781  338  831  1566  285
15  0  1  3  1249  527  1368  1255  295
15  1  1  3  279  172  253  2115  301
21  0  3  7  744  277  854  1748  326
20  0  3  7  390  169  419  2143  219
21  1  1  2  644  315  671  1622  313
16  2  3  7  466  346  309  1835  272
23  3  0  1  652  649  379  1330  308
20  2  0  1  143  124  73  2382  254
23  3  2  5  229  235  110  1714  186
14  0  1  3  1244  568  1190  1222  312
16  0  0  0  1159  507  1297  1347  252
20  1  2  4  571  409  464  1710  309
16  2  3  7  588  523  321  1653  269
23  3  1  3  1182  1266  579  916  322
16  1  1  2  397  276  324  2007  268
23  0  1  2  588  192  693  1738  288
16  3  3  6  1179  1162  612  1229  345
21  2  0  1  1650  1515  987  853  239
23  2  1  3  1369  1269  777  906  292
17  2  1  2  608  512  411  1507  323
14  3  0  0  733  785  323  1268  337
22  0  0  0  565  247  556  1733  341
21  1  1  2  328  165  336  2017  337
17  3  0  1  111  115  51  2475  318
21  3  1  2  1271  1352  561  1070  337
14  0  1  2  328  108  361  2337  214
16  0  2  4  890  334  972  1500  223
23  1  2  5  786  439  720  1304  309
16  0  2  5  436  171  468  2031  302
21  0  0  0  1546  657  1717  1014  236
21  1  0  0  280  149  266  2029  278
14  0  2  4  393  154  429  2187  318
15  2  1  2  1615  1178  1152  964  225
17  1  2  5  308  208  291  1779  222
20  1  2  4  1018  699  844  1270  329
21  2  2  4  568  450  403  1680  302
23  3  0  1  170  184  76  1933  314
16  1  0  1  141  100  115  2340  163
16  1  2  5  100  64  76  2392  299
22  1  2  4  215  109  216  2331  151
22  1  0  1  2757  2024  2078  694  289
21  2  0  1  325  303  190  1873  333
17  2  2  4  393  316  253  1661  281
16  0  1  2  328  158  332  2155  228
21  1  3  6  466  296  394  1933  302
17  0  3  6  1063  531  1121  1421  292
22  1  0  1  216  113  210  2224  308
21  1  2  4  866  523  751  1461  303
22  1  2  4  1262  880  976  1235  226
23  3  1  2  435  500  186  1487  328
22  2  1  3  175  148  125  2123  183
14  0  3  6  622  253  677  1973  308
17  2  3  6  83  65  55  2638  344
16  0  2  5  749  287  808  1642  178
21  0  2  5  250  83  286  2457  260
22  1  3  6  917  497  803  1425  241
20  0  0  1  470  140  574  2260  234
21  1  0  0  559  292  549  1653  218
17  2  3  6  930  716  664  1484  288
20  0  2  4  392  121  492  2170  308
20  0  2  4  685  291  763  1720  246
16  0  2  4  147  65  150  2443  162
16  2  2  4  390  301  236  1912  304
17  3  3  6  221  250  85  2239  270
20  0  0  0  2150  726  2554  941  326
16  2  1  2  169  134  110  2311  288
15  1  0  0  1637  979  1491  1027  261
17  1  3  6  246  148  223  2347  281
16  1  2  4  133  74  119  2385  364
17  3  1  3  619  752  209  1552  341
17  2  0  0  1418  1105  964  1057  274
17  1  0  1  1146  664  1012  1417  239
23  2  1  2  911  800  566  1171  309
21  2  1  3  185  158  119  2421  242
21  3  1  3  523  533  246  1864  224
20  2  0  1  117  104  66  2520  291
17  1  0  1  2482  1675  1943  863  274
15  0  2  4  664  252  819  1681  245
23  2  2  5  388  278  293  1604  278
15  0  0  1  846  378  879  1606  156
20  1  2  4  604  374  501  1675  326
17  1  0  1  562  319  506  1961  313
21  1  0  1  432  277  374  1745  296
16  0  3  6  696  259  777  1872  165
23  1  0  0  767  457  715  1299  288
15  2  1  3  331  279  191  1992  309
21  2  2  5  888  691  641  1410  237
16  2  3  7  315  247  203  1990  347
21  1  2  5  385  233  377  1883  312
21  1  0  0  869  457  856  1410  301
14  2  2  4  1357  1035  982  1067  337
15  0  1  3  412  127  499  2184  236
21  2  2  5  508  387  362  1673  352
14  1  1  3  660  364  635  1526  316
17  2  2  4  531  398  378  1547  309
15  1  2  5  841  517  819  1331  198
21  3  0  0  443  448  206  1745  322
15  1  1  3  304  183  274  2111  311
20  2  2  4  946  767  626  1340  267
21  0  1  3  507  167  640  2183  272
17  0  0  0  630  263  705  1735  312
20  2  2  4  840  700  537  1413  187
20  0  1  2  484  169  582  2255  299
22  2  2  5  1285  1058  954  1153  260
15  1  0  1  602  415  485  1732  332
20  2  0  0  387  299  259  1962  311
23  2  1  2  916  807  559  1127  222
23  3  1  2  468  511  225  1453  270
23  0  1  2  833  283  990  1627  209
17  0  1  2  451  207  514  1791  332
20  1  1  2  331  222  275  2193  295
20  2  1  2  343  305  205  2089  219
17  1  0  0  315  183  275  2105  267
17  3  2  4  1083  1220  406  1056  305
15  1  2  4  182  90  192  2180  174
14  1  1  3  902  511  848  1305  280
16  3  1  2  576  629  254  1612  352
17  2  2  4  839  707  534  1270  325
22  3  0  0  284  302  135  1987  320
17  2  2  4  1882  1751  1030  770  241
15  1  0  0  517  298  493  1841  331
14  2  3  6  156  108  122  2409  318
17  3  1  2  327  328  176  1715  255
16  1  3  6  659  443  538  1726  330
16  1  1  3  679  392  640  1629  304
16  0  2  4  292  133  287  2219  314
14  3  0  1  674  675  316  1386  370
17  2  2  4  693  646  382  1351  297
20  1  1  2  105  60  98  2685  343
22  1  0  0  495  297  437  2048  269
20  0  0  0  103  31  125  2673  306
21  2  3  7  1566  1290  1077  1072  324
22  0  0  0  936  433  1017  1622  304
17  0  0  0  305  98  371  2194  224
15  2  1  2  874  670  585  1347  306
14  0  3  7  1129  401  1321  1321  226
17  2  1  2  252  185  205  2017  220
15  3  0  1  1904  1866  1011  853  315
17  2  3  6  293  228  204  2208  193
16  1  0  0  519  351  458  1730  333
20  1  2  4  768  421  751  1587  328
20  2  0  0  646  507  420  1615  239
20  0  3  6  483  190  541  1765  316
17  0  0  0  467  160  553  1934  312
15  3  3  6  696  838  267  1377  275
21  1  2  5  1059  549  1001  1370  327
16  0  0  0  1185  399  1452  1328  228
23  3  1  3  597  686  246  1343  290
21  3  3  7  1394  1441  640  1120  273
15  1  3  7  100  60  93  2491  261
21  3  3  6  1448  1492  675  1138  277
15  2  1  2  1422  1267  768  987  329
17  0  0  1  1301  557  1444  1336  280
16  1  3  7  124  79  105  2415  375
21  3  0  0  643  729  225  1499  281
22  1  0  0  236  125  218  2467  347
16  0  1  3  528  193  600  1875  265
21  1  2  4  593  388  477  1711  274
17  3  3  6  838  842  420  1474  196
22  3  3  6  317  324  156  1779  157
17  1  1  2  403  206  408  1839  175
20  0  2  5  1589  501  1956  1042  155
17  3  1  2  331  352  157  1808  318
22  0  1  2  2686  906  3237  829  281
23  0  0  0  1022  382  1193  1310  313
21  1  2  4  514  282  470  1805  322
23  3  2  5  289  296  147  1666  308
14  2  2  4  514  380  382  1741  352
23  2  0  1  773  693  472  1271  301
16  3  3  6  678  717  303  1672  238
22  2  2  5  1301  1020  1020  1191  295
21  0  0  1  1509  568  1764  1066  222
21  2  3  6  1375  1221  860  1181  325
21  0  3  6  340  146  368  2292  327
20  1  1  2  408  282  344  2068  390
20  2  0  0  1332  1119  795  1123  255
22  1  1  2  1322  698  1255  1172  287
20  1  1  3  683  372  667  1755  283
23  3  1  2  1196  1292  584  909  327
14  1  3  6  1316  971  1084  1141  223
21  3  0  0  667  678  326  1504  354
23  0  2  5  1163  390  1363  1145  234
21  2  1  2  699  501  580  1510  308
15  0  0  0  636  316  640  1827  182
22  1  0  1  1754  1010  1597  975  323
17  2  1  3  1372  1101  994  1034  323
14  3  0  1  179  185  77  1985  304
21  1  3  6  2584  1382  2475  851  191
20  1  3  7  572  308  545  1845  301
22  2  3  7  169  155  91  2040  236
21  3  1  3  1214  1294  527  1225  311
16  0  2  5  336  154  315  2127  340
22  0  3  6  448  154  516  2021  263
22  0  3  7  516  236  540  1753  254
17  1  0  1  859  533  722  1609  284
20  1  2  5  331  236  259  1873  322
23  2  1  2  140  137  73  1968  199
21  0  3  6  413  202  426  2145  194
17  0  3  6  715  279  841  1788  294
16  1  3  6  561  297  539  1936  214
22  0  1  3  221  71  273  2369  310
14  3  2  4  858  978  354  1240  106
14  0  1  3  1057  331  1169  1431  204
16  2  1  2  1314  1058  851  1129  263
21  0  1  3  121  50  136  2608  224
21  3  3  7  345  341  173  2085  276
15  2  2  4  556  440  397  1521  347
20  1  3  7  1416  900  1207  1081  163
15  1  0  0  622  416  523  1762  309
20  2  2  4  546  451  348  1674  277
20  2  3  7  171  130  111  2380  297
15  1  1  3  1543  771  1570  1069  317
21  0  1  2  1161  405  1424  1316  190
15  2  2  4  1080  823  812  1132  137
17  1  1  3  709  494  589  1505  237
14  1  1  3  191  98  186  2095  239
15  2  3  7  579  496  383  1608  285
20  1  0  0  130  73  119  2466  305
17  0  0  1  1119  451  1271  1440  315
16  3  0  0  1499  1681  634  939  341
22  1  0  1  133  82  122  2222  324
22  2  1  2  638  539  468  1575  248
16  0  3  6  219  63  258  2663  291
20  0  0  0  393  138  456  2172  289
22  0  3  6  1175  497  1278  1248  324
21  0  2  5  114  49  120  2656  321
21  1  1  3  892  558  794  1525  329
17  3  0  1  213  222  96  2346  176
14  0  0  0  1377  577  1417  1164  218
17  1  2  4  677  337  657  1492  202
15  2  3  6  805  610  625  1375  319
16  2  1  2  338  303  182  1971  256
21  0  1  3  1085  480  1213  1422  308
16  3  0  0  638  641  342  1533  305
22  0  2  5  370  146  425  2257  314
21  1  0  0  372  256  293  1865  280
14  1  2  5  594  420  506  1469  254
23  3  3  7  204  209  108  1853  301
23  2  2  4  882  645  661  1231  315
14  0  1  3  516  166  567  1905  325
15  1  2  5  644  451  566  1534  210
15  3  3  6  396  432  198  1686  321
16  0  1  2  1010  390  1133  1435  327
21  0  1  2  314  110  359  2300  321
17  2  3  6  1443  1055  1086  1123  262
14  3  2  5  620  711  251  1282  335
20  1  2  5  271  185  215  1843  335
23  3  1  3  536  637  195  1418  322
21  0  3  6  346  162  363  2279  356
21  2  2  4  376  349  215  1868  318
21  1  0  0  611  354  573  1591  218
21  0  1  2  603  266  669  1657  328
21  1  0  0  1346  874  1145  1098  331
15  0  1  2  1152  336  1421  1391  328
23  2  2  5  531  482  295  1363  226
20  0  3  7  1410  584  1573  1261  337
15  1  0  0  771  447  715  1603  289
21  1  1  2  1427  928  1240  1049  321
17  1  0  1  442  273  377  2081  277
22  3  2  4  449  500  210  1698  328
17  2  1  3  997  931  583  1222  264
22  1  2  5  357  224  290  1959  346
16  0  1  3  201  70  230  2425  212
23  1  2  4  505  289  458  1648  326
21  2  0  1  68  66  38  2270  260
22  1  1  2  681  359  651  1665  280
22  0  3  6  436  216  433  1915  244
17  1  3  6  326  171  319  2191  273
20  0  3  6  1774  549  2187  970  319
23  0  0  1  1289  391  1604  1237  207
20  2  2  4  428  359  271  1864  204
14  0  1  3  847  334  869  1568  316
21  2  2  4  1204  1026  763  1148  299
16  3  3  7  1322  1390  592  1058  314
21  0  2  5  1919  608  2290  1044  315
20  2  1  3  248  202  156  2278  308
23  1  1  2  264  156  245  1929  281
15  1  3  7  106  66  93  2531  319
22  0  2  4  1065  429  1237  1548  258
21  3  3  6  1077  1238  385  1179  320
17  2  3  6  1024  936  569  1306  279
20  2  2  5  1008  775  708  1252  334
21  0  3  6  1187  558  1240  1403  326
22  1  3  7  574  307  522  1650  326
22  0  2  4  1060  488  1167  1420  341
21  2  0  0  138  100  111  2186  317
21  3  0  1  145  146  72  2039  166
20  0  0  1  899  370  995  1752  347
21  1  0  1  932  577  824  1291  246
20  2  2  4  298  240  198  2098  284
14  3  0  0  587  648  210  1454  308
17  2  3  6  687  493  522  1677  281
17  1  0  0  1514  816  1406  1071  242
17  3  1  2  339  360  154  1791  223
21  0  3  6  2583  1223  2673  908  329
15  1  2  4  1640  868  1747  989  318
20  2  3  7  2583  2120  1591  726  329
20  1  1  2  424  260  393  2156  232
17  1  2  4  549  340  470  1540  278
20  0  1  2  177  102  174  2624  219
20  0  3  6  800  283  937  1452  311
23  0  2  4  395  183  430  2066  302
15  1  2  5  687  452  620  1505  204
16  0  1  2  2579  778  3117  875  343
16  0  3  6  736  314  766  1755  330
23  0  0  1  555  233  619  1781  309
23  0  0  0  339  120  398  1951  327
20  1  0  1  963  690  731  1417  223
21  0  1  2  612  275  680  1677  261
23  1  0  0  536  306  509  1554  236
23  3  1  3  427  487  183  1543  218
21  2  2  5  282  209  213  2092  305
22  1  1  3  1005  538  947  1308  302
15  2  3  6  362  283  267  1890  308
20  1  1  3  662  488  520  1639  276
21  1  2  4  247  163  187  2155  244
20  2  3  6  933  796  544  1232  325
15  0  3  7  601  228  729  1890  284
23  3  2  4  425  435  196  1528  298
23  3  2  5  744  733  420  1194  237
20  0  2  4  116  49  126  2597  205
17  1  0  1  2092  1153  1905  955  207
21  1  3  7  1226  671  1146  1264  331
16  1  1  2  201  134  169  2283  280
23  2  3  7  101  76  74  1993  274
17  2  0  1  446  320  332  2067  321
21  0  3  7  397  170  426  2171  177
21  2  0  1  850  728  569  1279  304
22  1  3  7  1030  513  957  1320  277
16  1  0  1  813  556  706  1469  202
23  0  0  1  318  132  363  2062  236
15  1  1  3  534  316  486  1755  315
23  2  0  0  227  212  130  1767  248
16  2  1  2  346  270  233  1995  187
20  0  3  7  1179  604  1183  1325  294
21  1  2  5  489  301  418  1880  291
21  2  2  5  1133  930  764  1197  327
16  1  2  5  355  242  274  1980  174
21  0  3  7  466  231  467  2065  263
17  2  1  3  329  282  219  1897  202
16  3  2  4  506  511  215  1673  319
17  0  2  4  1296  620  1396  1087  310
23  3  1  3  1225  1414  497  897  330
20  1  1  3  1462  1067  1167  1111  299
20  3  2  4  339  349  179  1710  120
15  1  1  3  639  368  596  1707  267
17  0  0  1  396  139  454  2261  252
23  1  0  0  206  112  197  2005  282
14  1  0  0  699  427  637  1478  329
17  1  2  4  1776  1194  1434  849  337
21  3  3  7  668  688  315  1625  320
21  3  0  0  1036  1145  395  1244  182
14  1  1  2  2037  1362  1706  834  234
23  0  1  2  294  94  360  2117  302
15  2  3  6  1456  1337  877  953  334
21  2  1  3  535  415  419  1856  332
15  1  0  1  584  350  533  1820  251
14  2  2  5  930  741  639  1135  272
21  2  0  1  1038  894  677  1148  235
21  2  2  5  582  500  370  1696  212
20  0  0  0  1357  436  1645  1249  324
22  0  2  5  1109  583  1139  1390  255
17  0  1  2  472  203  557  1760  274
21  1  3  6  305  203  244  2293  309
17  2  3  6  717  669  412  1408  215
21  0  1  2  475  145  615  1914  305
22  3  1  2  439  418  242  1735  246
21  2  0  1  1050  809  799  1156  317
20  0  0  0  694  299  758  1774  222
22  1  0  0  325  202  282  2137  209
15  2  1  2  1103  949  628  1194  275
23  2  0  0  1198  1130  672  911  325
20  1  3  6  1795  961  1735  897  308
23  3  0  1  675  791  263  1296  225
21  1  1  3  404  281  337  2099  303
15  1  1  3  801  537  665  1467  104
15  1  1  3  127  77  119  2427  295
15  2  0  1  1138  953  687  1201  240
14  0  0  0  246  101  251  2247  342
22  0  2  4  1717  772  1906  1082  315
21  1  2  4  355  228  289  2010  223
21  1  3  6  619  412  507  1821  349
20  1  2  4  640  439  533  1610  214
16  2  3  7  677  604  361  1542  271
21  3  2  5  814  841  358  1396  246
21  1  3  6  1501  1036  1191  1194  325
15  0  3  7  145  58  172  2683  271
16  2  0  1  668  531  457  1570  210
20  0  3  6  444  147  534  1881  321
17  1  1  3  822  461  803  1547  270
16  1  3  7  938  651  744  1341  218
17  3  1  3  574  679  206  1512  264
20  1  0  1  529  292  496  1925  322
20  2  1  2  631  542  400  1749  298
17  0  0  1  829  282  990  1738  172
17  1  1  2  705  508  569  1481  314
21  0  1  2  408  188  444  1926  312
20  2  0  0  697  577  423  1571  333
16  1  0  1  510  375  417  1704  357
21  2  2  4  1291  939  997  1129  330
14  3  0  1  183  183  87  2030  304
21  0  0  1  761  284  884  1522  331
14  0  2  4  1624  729  1679  1061  269
22  2  0  1  826  641  567  1594  291
16  0  1  2  287  127  305  2278  302
16  0  0  0  306  102  377  2302  334
20  1  1  3  2207  1473  1905  893  237
15  2  1  2  444  392  241  1765  256
21  3  0  1  999  1147  335  1202  299
20  2  0  0  832  733  456  1420  275
23  0  2  5  1001  341  1166  1336  226
21  3  2  5  269  266  130  2146  329
17  1  3  6  1301  717  1222  1262  321
21  1  2  5  1032  603  914  1399  328
16  1  2  4  115  72  95  2440  299
22  0  1  3  1464  510  1744  1172  268
15  1  3  6  528  303  537  1749  363
21  2  1  2  155  137  95  2190  383
14  3  0  0  376  389  164  1680  332
16  3  3  6  285  292  132  2174  195
22  0  3  6  300  113  341  2245  306
22  0  3  7  953  410  1111  1464  308
17  3  3  6  1228  1407  437  1169  350
20  0  0  1  178  84  191  2641  258
22  3  2  5  509  572  237  1685  321
17  2  3  6  1157  1027  736  1114  192
23  2  2  5  241  190  160  1725  276
22  0  0  1  239  87  275  2165  325
17  0  0  0  527  226  587  1856  284
23  1  1  2  879  470  850  1296  263
16  1  2  5  428  244  375  1893  207
20  2  0  0  897  806  467  1329  312
14  0  3  6  356  114  418  2463  349
22  0  3  7  1885  607  2249  984  362
22  1  1  3  1377  900  1136  1073  319
21  3  2  5  979  949  471  1300  298
22  3  3  7  354  348  187  1778  293
16  1  1  2  756  508  640  1557  213
22  1  0  0  485  249  475  2042  323
20  0  3  6  502  163  599  1801  279
22  0  2  5  700  329  760  1822  265
23  0  0  0  729  245  917  1644  221
17  0  2  4  211  99  223  2070  199
17  0  3  6  195  80  227  2493  173
15  2  0  1  632  534  376  1652  302
15  0  2  4  295  87  385  2156  299
15  2  0  0  269  247  140  2124  267
20  0  1  2  290  137  312  2404  318
16  3  0  1  100  98  51  2348  277
17  1  1  2  163  121  127  2161  224
15  2  2  5  326  239  240  1863  313
17  1  1  3  668  478  539  1519  301
15  2  3  6  274  233  198  1961  226
17  2  2  4  1120  846  813  1102  240
15  1  3  6  494  323  462  1757  305
16  1  2  5  285  181  230  2083  275
15  3  2  5  109  117  47  2122  202
23  2  1  3  505  412  337  1462  327
23  0  1  2  1732  528  2105  1013  204
22  0  3  7  598  198  707  1763  333
16  3  0  1  288  297  146  2035  260
20  2  0  0  267  220  159  2092  251
23  0  0  1  2263  803  2689  874  183
16  1  2  4  551  364  430  1707  363
21  0  1  2  372  124  464  2149  323
22  0  2  4  1156  533  1277  1336  292
20  1  0  1  700  493  539  1637  316
14  1  1  2  206  135  171  2177  333
20  0  0  0  368  167  386  2200  232
21  1  1  2  1229  893  988  1273  299
17  3  0  0  547  601  211  1651  117
16  2  0  1  415  313  300  1888  233
21  3  1  2  436  467  208  1641  297
23  2  0  1  263  223  175  1859  223
17  0  3  6  649  291  724  1756  311
16  0  3  6  1022  361  1163  1581  348
14  1  2  4  2525  1911  2037  714  352
21  0  1  2  1013  454  1134  1317  323
15  2  3  7  566  476  383  1665  216
14  0  1  2  314  96  350  2276  180
17  2  2  4  87  76  49  2164  287
20  0  3  7  906  386  990  1551  221
17  3  1  3  690  750  312  1414  350
14  3  2  5  696  699  384  1353  387
22  0  2  5  730  297  797  1743  339
22  1  2  5  575  399  449  1796  218
17  2  1  3  2080  1950  1208  767  197
16  2  0  0  706  536  512  1585  250
22  1  1  2  1904  1042  1765  965  325
15  2  2  5  429  317  331  1731  314
21  3  1  2  962  1033  454  1173  194
20  1  0  0  849  602  644  1484  243
16  1  1  3  385  260  321  1915  330
17  0  1  2  1381  668  1555  1047  289
23  0  2  4  465  154  551  1883  172
23  3  2  4  678  718  329  1333  228
23  1  2  5  816  453  755  1265  348
21  0  3  7  439  200  460  2065  323
22  3  3  6  242  238  128  2259  300
22  1  3  6  1408  836  1162  1146  368
20  2  3  7  704  515  499  1552  290
22  0  1  3  1663  607  1965  1063  243
17  0  2  4  646  320  691  1518  291
22  3  3  6  462  524  187  1629  339
23  3  2  5  963  1024  464  1019  269
20  1  1  3  136  86  117  2512  240
16  1  1  3  123  83  107  2331  304
21  1  1  3  218  116  216  2458  195
17  1  0  0  1076  528  1050  1386  239
16  3  3  7  498  586  161  1740  333
21  0  2  4  290  134  297  2162  270
23  3  0  0  414  488  153  1812  309
17  0  1  3  802  275  1023  1508  267
22  3  1  3  425  498  190  1595  257
21  0  0  0  386  195  401  1867  303
21  1  1  3  240  128  242  2402  220
20  2  0  1  116  98  67  2473  291
20  1  2  4  745  418  724  1577  122
21  1  2  5  998  687  775  1358  310
22  0  2  4  382  157  453  2119  313
22  1  0  0  314  178  293  2249  314
16  2  0  1  1654  1421  1031  946  341
14  1  1  3  704  439  609  1423  265
21  0  1  3  185  85  203  2637  320
16  2  1  2  92  67  63  2465  306
15  1  1  3  1190  809  987  1215  359
20  0  2  4  1419  610  1578  1210  331
16  0  2  4  1626  711  1665  1082  210
15  0  1  3  965  378  1088  1504  187
20  0  3  7  1053  449  1163  1503  303
17  3  1  3  715  724  383  1420  302
17  1  2  4  900  463  876  1275  378
20  0  0  1  1356  660  1389  1294  299
23  2  1  3  509  450  310  1479  324
23  3  3  7  184  192  94  1895  291
16  0  2  4  406  132  464  2057  333
15  1  0  0  240  125  226  2327  301
22  1  1  2  717  407  653  1629  268
21  0  2  4  1132  490  1204  1327  323
15  2  2  5  275  240  167  1896  291
22  0  0  0  1147  435  1347  1552  325
20  1  1  2  336  215  288  2013  169
21  2  2  4  492  450  288  1682  333
23  3  1  2  492  512  253  1416  290
23  2  3  7  2268  1878  1490  653  343
21  1  1  2  535  298  524  1680  230
17  1  1  2  1098  627  1061  1234  232
23  3  1  2  468  471  257  1470  218
23  2  0  1  1738  1419  1208  807  308
15  0  0  0  921  363  1031  1576  220
15  0  2  4  2436  1082  2810  765  319
20  0  3  7  1498  676  1600  1141  251
16  3  2  4  1244  1274  517  1077  320
14  3  2  4  413  491  153  1709  342
17  2  0  0  753  632  459  1530  343
17  1  1  3  174  112  154  2247  292
17  1  1  2  386  283  301  1800  358
23  0  1  3  239  93  270  2239  326
16  2  2  4  493  422  258  1721  311
16  3  3  7  2067  2063  1038  786  241
23  0  1  2  381  139  439  2078  262
21  1  3  6  394  220  367  2180  267
17  0  1  2  300  129  348  1975  333
15  2  3  7  1237  1060  815  1121  339
15  1  0  0  461  317  382  1890  289
21  2  3  7  596  486  417  1729  327
21  3  1  2  552  542  289  1622  326
23  0  2  5  520  251  519  1544  357
22  1  0  0  350  203  322  2237  294
16  2  3  6  262  226  139  2200  354
15  1  0  1  335  184  304  2187  333
20  2  1  3  290  266  165  2155  338
21  0  0  1  690  277  778  1537  214
20  0  3  6  324  154  338  2269  226
23  0  0  0  323  106  389  1993  310
22  1  0  0  1309  817  1127  1313  314
14  0  1  2  477  154  521  2090  265
21  1  0  0  723  489  603  1479  215
14  2  2  5  975  753  696  1161  200
17  1  2  4  880  452  866  1320  295
23  2  2  5  268  250  143  1674  247
22  0  1  2  2089  832  2391  998  295
16  0  2  5  714  333  710  1597  305
20  0  0  1  744  351  810  1621  278
16  3  0  0  976  978  535  1230  340
16  0  3  6  1207  394  1403  1470  230
16  0  1  3  1871  646  2193  1051  349
23  0  0  0  123  36  148  2315  286
15  0  3  6  514  223  597  1828  315
22  3  3  6  1022  1152  398  1141  331
22  1  0  0  377  196  368  2207  359
21  0  2  4  727  321  764  1703  246
21  0  1  3  2416  787  3045  947  257
20  0  0  1  245  111  268  2511  317
20  0  0  1  310  93  382  2462  272
21  2  2  5  500  379  379  1754  295
15  1  2  4  1249  857  1109  1074  331
23  3  2  5  340  398  121  1621  254
14  1  3  7  296  158  315  1943  326
21  1  3  6  521  336  497  1881  335
17  1  1  2  434  305  355  1753  211
14  1  3  6  874  571  809  1472  270
20  1  1  3  88  54  76  2699  329
20  2  3  7  1009  738  718  1354  291
20  1  2  5  267  166  240  2026  300
14  1  1  3  892  513  835  1312  244
17  0  0  1  543  207  635  2044  381
17  2  1  2  433  383  276  1724  295
22  1  0  0  1980  1037  1900  1051  300
16  1  1  3  692  488  562  1560  171
22  0  2  5  1330  618  1460  1333  312
22  1  2  5  1799  1024  1633  1042  266
15  0  3  7  1107  372  1406  1477  199
20  2  0  1  1088  785  769  1355  174
22  0  0  0  188  63  229  2494  195
14  1  2  5  327  194  316  1745  316
16  2  3  7  510  374  348  1765  328
22  0  2  4  692  276  810  1832  311
17  1  2  4  1236  775  1060  1068  255
22  2  1  2  451  391  322  1782  215
15  1  1  3  353  197  334  2040  284
20  2  3  6  1048  777  735  1188  331
15  0  2  4  641  267  759  1624  326
20  0  2  4  635  220  769  1835  342
21  0  3  6  441  215  450  2156  304
20  2  1  3  893  682  643  1479  335
17  0  2  4  815  329  946  1378  230
23  2  3  7  413  381  232  1577  247
16  1  0  0  947  511  974  1431  267
17  2  1  3  619  532  409  1548  276
21  2  1  3  184  152  128  2416  241
23  1  0  0  345  197  317  1929  328
21  2  2  5  1281  1076  831  1134  263
21  1  2  5  109  61  93  2433  323
20  1  1  3  1611  994  1466  1061  313
15  0  0  1  132  61  135  2603  310
16  3  1  3  286  343  95  1988  252
17  1  3  6  357  216  314  2134  185
16  2  1  2  631  484  432  1672  328
20  1  3  7  582  390  472  1690  284
23  3  1  3  788  828  399  1156  297
17  1  0  1  131  70  119  2569  351
22  0  0  0  279  98  335  2292  122
21  0  1  3  574  159  752  2145  258
23  3  1  2  1342  1469  620  825  275
20  2  2  5  826  623  587  1321  284
23  2  0  0  713  615  459  1211  328
14  1  1  3  512  373  402  1671  314
23  2  2  4  830  686  539  1209  294
15  0  3  6  705  276  846  1606  299
16  1  1  2  221  164  174  2275  266
16  0  3  6  384  121  443  2317  318
21  2  3  7  81  73  48  2526  297
22  1  3  7  138  90  113  2237  266
17  2  3  6  563  527  326  1540  331
16  3  0  1  221  227  112  2099  173
17  2  2  4  385  356  213  1715  302
17  2  0  1  612  434  456  1855  320
17  3  1  3  170  173  89  2111  180
23  0  2  4  2678  804  3244  780  317
22  0  1  3  1739  705  1971  1096  271
21  2  0  1  1702  1585  992  868  343
15  0  2  4  1188  354  1577  1265  252
16  2  3  7  514  473  270  1707  303
22  1  1  3  558  318  506  1662  331
16  0  0  1  240  97  276  2339  295
21  2  0  0  1396  1310  814  976  271
17  2  1  2  354  320  213  1785  332
23  1  0  1  261  161  233  2062  303
22  1  2  4  482  298  408  1885  149
21  0  0  1  274  92  333  2113  175
20  0  2  4  568  276  598  1838  275
16  2  2  4  700  477  492  1586  254
23  2  1  3  1317  1227  739  931  278
14  2  3  6  822  665  549  1472  295
17  2  2  4  338  256  243  1765  313
14  3  0  0  362  349  180  1688  319
17  1  2  4  1272  755  1136  1044  252
17  1  2  4  599  390  498  1470  188
14  0  1  2  353  136  362  2196  317
15  1  2  5  630  406  597  1568  175
14  2  2  5  1654  1310  1150  827  327
16  0  1  2  281  84  343  2408  276
16  3  0  1  1079  1133  540  1178  276
17  1  2  4  1115  610  1054  1157  307
14  2  0  0  1476  1327  760  941  307
21  0  2  5  512  219  543  1979  244
22  1  3  6  1675  981  1392  985  236
16  1  2  4  677  473  509  1547  313
16  2  2  4  1239  1020  691  1139  294
16  0  0  0  191  83  213  2408  289
20  2  2  5  635  578  351  1524  235
20  0  3  6  1132  544  1176  1205  323
21  3  1  3  332  317  165  2015  161
21  1  0  1  418  257  376  1791  318
15  1  2  4  177  115  167  2116  153
17  2  0  0  516  460  285  1707  283
16  1  2  4  439  297  337  1868  251
21  2  3  7  1122  1028  676  1266  293
21  3  0  1  635  700  242  1507  325
16  1  1  2  451  312  373  1869  194
14  1  0  0  872  568  762  1342  236
17  2  1  2  369  348  206  1753  327
16  1  1  2  940  504  934  1451  308
20  1  0  0  840  508  742  1468  264
20  2  3  7  1062  793  739  1312  237
23  0  3  7  572  193  687  1983  328
23  0  1  2  2237  886  2496  801  172
16  2  2  5  524  383  341  1709  329
16  3  3  6  230  253  96  2304  234
22  0  0  0  125  60  130  2333  277
16  0  0  0  474  223  512  1934  298
16  2  0  1  376  293  269  1945  205
22  2  0  1  696  568  540  1493  322
15  0  3  7  446  168  545  2005  269
21  0  3  7  1788  919  1773  1019  324
14  1  1  3  228  124  223  2151  196
14  3  0  0  328  311  170  1796  338
17  3  3  6  196  213  76  2302  230
16  2  0  0  598  535  341  1597  276
14  3  0  0  529  592  185  1509  339
23  2  2  5  897  805  521  1069  283
14  1  3  6  332  198  329  2163  237
21  1  1  3  1668  1056  1491  1084  319
21  1  3  6  567  371  466  1882  272
16  1  1  3  600  319  596  1713  286
16  1  1  2  691  453  595  1587  318
22  0  1  3  1697  726  1887  1056  350
21  1  1  2  298  197  250  2023  369
16  2  2  5  1996  1650  1099  842  254
16  0  3  6  370  157  381  2216  178
22  0  1  3  513  211  582  1862  303
21  2  0  1  543  418  417  1565  295
20  2  0  0  314  247  204  2091  326
17  0  2  4  2330  1133  2500  724  333
22  2  2  5  1181  932  905  1261  255
22  1  0  1  2848  1748  2473  708  323
22  0  1  3  143  52  166  2444  316
23  2  3  7  1353  1282  807  923  324
23  1  0  0  789  522  672  1278  229
21  3  0  0  123  112  69  2272  268
14  1  1  2  246  188  186  2105  331
16  0  1  3  685  325  704  1660  326
17  0  0  1  192  64  232  2644  247
20  0  3  6  203  58  251  2270  325
15  2  0  1  639  548  369  1633  268
20  2  2  5  628  489  432  1548  241
16  0  0  0  245  64  314  2451  282
23  0  0  0  257  80  307  2138  296
15  1  1  3  2162  1314  1955  824  337
15  0  1  3  707  224  854  1786  289
21  0  1  2  1428  523  1728  1201  321
20  0  0  0  1446  550  1648  1196  322
15  2  3  7  2522  2228  1580  724  295
17  3  3  6  172  164  98  2388  189
20  0  2  4  396  106  508  2184  319
14  1  0  1  717  507  568  1497  362
17  1  1  3  576  338  545  1663  269
20  1  3  7  819  594  624  1528  205
14  0  2  4  616  268  644  1810  201
16  2  1  3  1066  844  707  1233  345
15  0  1  3  517  161  639  2016  314
15  2  1  3  418  337  261  1877  325
23  0  1  2  1331  500  1507  1141  318
14  0  1  3  204  101  183  2211  333
15  2  0  1  204  184  102  2189  294
22  0  0  0  1411  671  1525  1285  362
17  0  2  4  1234  432  1512  1169  284
21  3  3  7  636  654  301  1648  233
15  0  1  3  498  192  563  1910  293
17  0  2  4  496  235  543  1741  219
15  0  0  1  290  124  308  2291  263
20  0  0  0  337  114  399  2335  296
20  0  0  0  175  54  206  2648  324
21  3  3  7  267  267  128  2187  339
20  1  0  0  980  696  747  1313  197
22  1  1  3  169  106  148  2221  327
20  0  3  6  1362  667  1400  1088  211
20  0  1  3  1639  502  2033  1192  325
16  1  0  0  1085  768  919  1244  267
20  0  2  4  176  49  218  2629  314
21  2  3  6  328  253  208  2137  234
20  0  0  0  222  66  277  2591  242
20  1  0  1  1438  872  1271  1162  227
16  1  0  0  118  72  109  2429  302
20  0  0  1  223  81  266  2604  222
21  2  0  1  177  150  122  2056  334
23  0  0  0  231  108  254  2014  213
22  1  3  7  1287  653  1194  1175  340
22  0  0  1  1260  637  1325  1209  281
17  0  1  2  1845  863  2101  874  309
21  0  3  6  533  176  620  2189  327
23  3  2  4  395  416  191  1569  331
23  2  2  4  689  594  425  1321  314
20  2  2  4  755  629  477  1515  221
16  0  2  4  937  356  1015  1496  318
22  3  3  6  1513  1658  641  905  246
21  2  2  4  811  693  518  1412  318
23  3  0  1  257  309  94  1794  271
21  0  3  7  1345  445  1601  1327  350
20  0  3  7  756  363  781  1635  347
21  3  2  4  627  667  259  1526  310
14  0  0  1  466  166  510  2098  311
16  1  3  7  284  197  218  2121  300
14  1  2  5  400  254  372  1698  199
16  1  1  2  360  235  308  2000  324
14  1  3  6  260  173  232  2250  198
20  2  2  5  484  438  278  1780  267
20  2  1  2  151  128  96  2419  337
17  2  0  1  1205  892  867  1320  315
21  0  3  7  764  370  778  1666  362
21  1  2  4  214  148  159  2215  296
22  2  0  1  319  296  207  1821  259
20  1  0  1  303  172  271  2277  248
20  0  2  4  182  62  220  2560  292
23  0  0  1  831  303  982  1580  204
20  1  2  5  529  317  483  1686  296
20  0  0  1  1942  807  2135  1057  342
22  1  3  6  470  276  392  1848  307
23  2  1  3  537  480  321  1409  301
23  2  1  2  155  130  97  1974  161
21  2  2  5  735  612  476  1370  329
17  0  1  2  236  81  304  2197  324
17  2  2  4  837  739  497  1238  326
17  0  1  2  289  114  353  2049  213
17  1  2  5  702  540  566  1271  300
16  1  2  4  368  180  361  2055  318
23  0  3  7  1369  594  1470  1007  231
16  2  1  2  653  596  355  1574  334
15  0  0  1  414  139  482  2248  320
22  1  0  0  330  206  285  2285  320
23  3  2  4  260  267  135  1761  318
16  2  0  0  183  167  101  2164  225
21  2  2  5  1227  1058  761  1214  280
23  0  1  3  307  137  322  1993  351
22  1  3  7  381  202  338  1888  289
20  2  0  1  2560  2092  1571  761  315
15  2  1  3  309  254  189  1945  329
14  1  1  3  1097  794  863  1162  344
16  2  2  5  502  410  278  1736  155
23  2  2  5  1324  1036  797  1082  333
14  0  3  6  2385  755  2913  1023  337
17  2  1  3  846  702  592  1353  361
22  1  1  2  468  249  442  1871  221
20  1  3  6  164  89  156  2189  322
21  1  2  5  140  88  120  2389  169
21  0  0  0  1422  571  1615  1067  264
21  1  2  5  788  475  679  1543  349
20  2  1  2  212  149  163  2356  159
16  1  2  5  522  309  451  1728  301
15  0  2  4  1348  639  1500  1092  330
23  1  0  0  1375  848  1240  953  336
16  1  3  6  1485  879  1336  1180  275
23  1  1  3  1050  705  876  1249  338
21  2  0  1  2388  2274  1338  675  303
17  2  0  0  450  354  301  1826  209
15  0  1  2  926  436  969  1410  293
15  1  3  7  449  328  378  1864  276
21  3  2  5  479  475  221  1801  342
14  1  1  3  1380  866  1215  1034  312
14  0  2  5  1981  757  2176  879  284
21  2  0  0  489  358  390  1669  324
17  3  3  6  1175  1193  577  1220  312
23  1  0  1  664  355  659  1573  307
15  1  2  4  157  97  149  2170  279
22  1  3  7  1929  959  1798  936  284
21  3  1  2  414  389  235  1795  337
21  2  2  4  767  714  427  1441  212
15  0  1  2  144  74  154  2423  270
20  0  2  5  559  174  700  1855  251
15  1  1  3  697  376  678  1623  253
22  2  1  2  904  823  518  1105  390
14  3  1  2  1446  1479  688  936  280
21  3  0  1  207  219  79  2044  272
21  0  1  2  994  440  1113  1332  242
14  1  0  0  699  448  612  1510  244
16  1  2  4  750  514  584  1500  275
14  2  2  4  570  456  393  1652  274
23  0  3  7  2516  887  2927  762  242
17  0  3  6  1215  604  1290  1306  302
15  0  0  1  2377  839  2746  940  370
15  1  2  4  297  152  322  1973  233
16  2  0  1  504  379  361  1715  315
15  0  0  0  2436  1236  2407  836  348
16  3  2  4  213  234  71  2157  319
14  0  0  1  751  307  777  1654  298
16  2  0  1  956  703  720  1371  296
16  1  0  1  553  346  516  1763  223
23  0  2  4  690  263  770  1564  255
17  0  1  3  71  29  88  2540  312
23  1  0  0  869  473  851  1309  265
22  0  3  6  286  112  332  2354  322
21  0  3  6  831  430  823  1705  330
22  1  0  0  895  632  703  1559  324
14  1  1  2  600  331  571  1653  336
21  2  2  4  313  281  176  1981  253
16  2  0  1  438  402  243  1806  243
17  3  0  1  862  832  451  1531  322
22  2  2  4  1411  1259  825  951  325
23  2  3  7  636  564  372  1317  327
21  0  0  0  444  166  515  1913  239
22  0  1  3  2487  784  3049  828  193
16  3  2  4  254  279  92  2069  187
22  0  2  4  430  161  472  2052  275
20  1  3  6  1046  622  944  1174  317
14  0  1  3  179  83  172  2294  295
16  1  2  5  368  247  286  1964  331
23  2  3  7  719  583  484  1263  352
16  2  1  2  696  611  401  1551  307
15  0  0  0  1060  502  1091  1420  338
20  2  0  0  1004  792  645  1325  289
23  2  0  0  182  163  117  1812  326
22  1  0  1  2490  1501  2190  746  403
16  3  0  1  242  264  109  2061  186
15  2  1  2  132  116  66  2270  249
15  2  3  7  1286  1128  816  1076  210
21  1  0  0  704  357  711  1514  233
15  0  0  0  599  288  622  1912  346
16  3  1  3  671  786  237  1424  317
23  1  1  2  108  51  114  2234  293
23  2  3  7  1021  842  678  1038  359
16  1  0  1  303  161  312  2141  311
21  0  1  2  806  241  1041  1630  259
21  3  0  1  890  1024  303  1311  326
20  0  2  4  160  46  203  2518  336
23  1  2  4  530  307  479  1647  248
16  3  2  5  115  114  51  2289  327
15  2  2  5  157  145  91  2098  185
21  1  2  4  863  491  776  1465  215
23  1  0  1  1735  932  1718  939  324
14  0  0  0  1109  502  1099  1266  143
14  1  1  3  1161  717  1034  1129  307
21  3  2  5  1049  1063  477  1256  329
20  0  1  2  1506  703  1611  1270  277
15  2  0  1  247  180  180  2214  321
17  2  1  3  1484  1190  1080  978  230
14  1  1  3  840  448  817  1404  367
17  1  3  6  719  366  704  1641  321
23  1  3  7  431  272  373  1544  201
16  1  1  3  810  474  757  1470  339
14  0  1  3  323  86  369  2272  184
22  2  1  3  710  635  439  1447  341
21  2  0  0  69  58  47  2371  189
23  0  1  3  917  396  990  1342  335
22  3  1  2  399  486  168  1709  257
20  1  2  4  728  444  667  1575  297
20  0  1  2  706  258  832  1904  271
23  0  2  4  465  200  493  1779  276
23  3  0  0  245  280  104  1624  270
21  0  0  1  1746  884  1778  922  345
16  0  1  3  832  301  954  1574  388
20  1  3  7  215  128  199  2337  314
16  2  1  2  139  112  84  2356  287
23  2  2  5  687  553  459  1238  287
21  0  2  5  439  181  472  2183  255
22  3  2  4  352  389  165  1884  351
14  1  1  3  222  159  168  2044  285
16  0  2  5  757  260  859  1679  329
23  3  1  2  673  780  274  1260  241
16  2  2  5  1019  735  679  1285  300
21  1  0  1  178  101  178  2431  185
17  0  3  6  228  76  285  2528  309
23  3  2  4  164  163  86  1967  288
21  1  2  4  1249  696  1152  1213  290
16  0  2  4  354  101  421  2259  281
17  3  0  1  682  756  252  1640  261
17  3  0  1  330  308  176  2151  284
17  0  0  0  268  117  308  2216  257
23  0  2  4  1313  438  1542  1167  140
15  3  3  7  296  312  162  1951  334
17  2  0  1  641  584  347  1756  315
17  1  1  3  199  126  184  2095  254
21  0  3  6  1662  551  2030  1141  259
22  0  0  1  1579  546  1909  1097  331
21  0  3  7  719  325  763  1746  366
14  0  0  1  1565  684  1580  1100  334
16  2  2  4  260  213  145  2076  173
23  3  0  0  1903  1943  1054  663  315
20  1  2  5  752  520  627  1414  167
21  2  3  7  1273  1226  705  1154  327
15  1  0  0  1118  802  874  1336  350
20  1  0  1  606  314  582  1913  109
22  1  1  2  240  169  183  2142  174
21  1  3  6  121  75  103  2626  314
15  1  0  1  643  389  575  1721  294
21  3  0  1  491  459  271  1660  243
16  0  1  2  283  88  337  2400  242
20  0  3  7  1503  710  1579  1180  327
17  1  1  3  571  273  575  1727  316
14  2  3  6  1373  1038  997  1153  277
15  2  3  7  413  330  297  1840  260
22  3  3  6  279  295  126  1884  274
22  2  0  1  273  266  173  1851  306
21  1  3  7  1344  761  1250  1226  335
22  0  0  0  1382  656  1496  1322  284
16  0  3  6  374  160  392  2299  245
15  2  1  2  1326  990  923  1086  307
15  0  1  3  1126  542  1158  1334  334
15  1  1  3  834  512  740  1520  180
22  0  3  7  641  305  654  1616  237
23  2  2  4  1107  926  719  1074  252
16  2  0  1  192  172  112  2192  382
21  1  2  5  982  517  921  1457  303
14  0  2  5  980  396  1059  1385  296
21  0  2  4  287  131  283  2194  319
21  1  2  5  640  360  582  1719  325
15  0  1  2  429  180  475  1969  300
22  2  1  3  1209  1060  834  1078  345
16  2  2  5  393  291  253  2002  134
20  2  1  3  442  346  304  1926  363
16  1  0  1  266  181  227  2120  271
16  2  1  2  667  512  461  1579  324
16  1  2  5  494  249  475  1887  257
22  1  0  0  1463  807  1369  1234  366
22  2  0  1  725  607  538  1444  329
20  0  1  3  548  177  668  2101  323
16  2  2  5  309  230  190  2001  245
16  1  1  2  2290  1270  2217  858  300
20  1  2  4  89  54  74  2422  310
21  2  3  6  166  128  116  2464  222
22  2  1  3  1819  1458  1415  850  327
14  1  2  4  478  269  481  1885  218
20  1  0  1  999  521  1009  1300  331
20  2  1  3  743  589  515  1595  295
20  3  1  3  745  833  283  1260  246
23  2  2  5  732  641  438  1172  341
23  2  2  5  535  473  313  1358  192
17  2  0  1  114  82  87  2647  322
20  2  2  5  303  245  196  1879  325
15  0  2  5  460  187  561  1863  266
17  2  1  3  60  48  45  2400  301
14  3  0  0  1286  1257  641  981  368
22  0  1  3  380  151  433  2048  300
22  1  3  6  764  470  612  1489  349
22  2  1  2  537  446  401  1719  318
21  1  1  3  1352  722  1360  1239  287
17  2  0  1  627  549  381  1702  145
23  0  1  2  559  201  644  1751  320
16  1  2  5  618  428  468  1604  216
20  1  0  1  766  467  669  1687  342
20  0  2  4  1361  464  1644  1316  187
22  3  3  6  1566  1574  812  892  161
23  2  2  4  786  646  515  1248  235
23  2  1  3  576  525  343  1416  191
23  3  0  1  733  871  281  1240  292
22  1  3  6  2140  1040  2012  893  289
21  1  1  3  1278  771  1192  1263  292
16  1  3  6  1180  619  1155  1339  293
16  1  1  2  963  606  853  1399  358
22  1  2  4  1204  728  1049  1263  270
20  2  1  3  171  169  84  2358  310
16  1  1  2  1072  787  843  1284  320
21  1  0  1  229  137  198  2075  292
22  3  1  3  446  452  247  1498  280
16  1  3  6  724  423  656  1697  234
21  0  3  7  1886  794  2064  1089  195
22  1  2  5  420  276  334  1994  311
16  0  1  3  1161  344  1412  1358  332
23  2  3  7  979  728  731  1082  335
16  2  1  2  451  410  238  1800  316
16  2  0  1  143  126  91  2258  331
21  2  3  6  182  163  108  2437  314
23  3  1  2  377  378  217  1563  152
21  1  2  5  1649  857  1577  1059  307
23  1  0  1  985  619  871  1246  333
23  1  0  0  468  253  458  1653  312
20  1  1  3  386  272  321  2054  334
20  1  0  0  826  524  708  1495  321
22  3  2  4  352  424  136  1844  300
17  3  0  0  150  167  58  2264  317
21  3  1  2  347  394  124  1889  297
14  1  0  1  1334  772  1262  1085  342
16  1  2  4  714  386  664  1564  279
15  2  2  4  384  311  267  1759  287
20  1  0  1  818  438  778  1659  337
15  2  1  2  1219  1026  733  1149  346
20  1  1  2  1519  918  1404  1190  272
14  0  0  0  446  177  472  1939  320
22  1  2  4  287  167  266  2154  332
20  1  3  6  205  143  160  2099  329
16  1  1  3  352  251  284  1961  182
23  1  1  3  616  379  541  1480  233
20  0  0  1  385  183  404  2249  137
21  0  3  6  248  117  245  2454  380
23  3  2  4  716  795  310  1294  295
17  0  2  4  673  206  829  1516  311
17  0  3  6  536  269  570  1895  293
14  1  0  0  595  336  568  1638  320
22  1  1  3  707  514  534  1500  329
16  1  3  6  196  128  160  2490  327
16  0  3  6  1289  409  1497  1461  330
16  2  3  6  1525  1091  1084  1148  348
16  2  0  0  968  848  591  1323  334
16  3  1  2  402  484  127  1849  327
23  2  1  2  522  449  331  1467  355
15  1  3  7  918  645  811  1396  323
23  1  0  0  833  509  751  1293  315
22  3  1  3  1011  1248  410  1105  183
22  2  1  3  826  725  581  1340  309
15  3  1  3  290  298  132  1897  340
23  0  1  3  562  167  681  1782  334
16  1  2  4  1424  958  1109  1069  311
15  1  0  1  556  385  450  1788  197
22  1  1  3  599  427  464  1646  312
23  2  0  1  187  163  111  1995  326
21  0  3  6  994  315  1191  1693  319
17  0  0  1  628  295  672  1868  314
21  1  1  3  392  232  361  2076  339
14  0  2  4  685  294  719  1763  224
21  3  1  2  1063  1090  511  1175  338
16  3  2  5  566  593  220  1635  337
15  1  0  0  177  112  163  2386  256
16  3  0  0  205  230  89  2131  329
16  2  3  6  1017  756  700  1405  352
15  0  2  5  403  127  546  1877  285
17  0  3  6  804  269  999  1680  351
22  3  2  4  1089  1226  506  1168  304
21  3  2  5  92  95  38  2478  242
23  1  1  3  705  390  682  1489  263
15  0  3  6  348  157  402  2003  219
23  1  0  1  1656  908  1608  960  337
15  1  0  1  829  451  795  1556  289
21  1  3  6  1123  696  975  1416  151
17  3  1  2  746  834  315  1328  233
22  2  1  2  855  747  600  1357  320
16  2  2  5  455  359  265  1797  259
21  1  3  7  393  216  368  2122  263
21  3  1  3  813  815  404  1527  335
22  0  3  6  644  258  713  1767  245
21  0  0  1  444  157  522  1848  326
23  0  2  4  1764  551  2117  1009  217
17  3  3  6  475  500  211  1857  277
21  1  2  4  1569  863  1447  1046  129
21  2  3  7  430  333  326  1946  306
22  1  0  0  1277  671  1228  1364  145
22  3  1  2  75  77  37  2165  331
20  1  0  1  478  321  385  1988  332
20  1  3  7  376  229  331  2067  215
21  0  0  0  1126  440  1297  1243  289
16  0  3  6  249  112  249  2522  198
17  3  0  0  256  256  128  2105  318
21  1  3  6  249  178  194  2370  266
14  0  1  3  448  186  452  1781  308
15  2  1  3  738  533  525  1510  335
21  1  2  5  666  383  581  1701  128
20  2  3  7  1269  913  925  1187  316
15  1  3  6  609  442  523  1628  347
21  3  0  1  1156  1169  563  1132  267
21  1  3  6  1039  578  975  1507  331
16  2  1  3  1107  1009  604  1237  246
21  1  3  6  686  458  560  1793  236
23  1  3  7  462  295  392  1849  254
14  2  1  3  554  423  370  1588  330
15  2  3  6  757  642  513  1454  270
15  0  1  2  1502  582  1709  1133  342
20  1  3  6  629  406  533  1492  333
23  3  2  4  214  212  112  1883  312
15  1  2  4  466  242  501  1738  277
17  1  2  4  544  399  464  1701  337
15  1  0  1  687  416  615  1709  90
17  1  0  1  749  438  647  1724  182
22  1  2  5  795  453  723  1646  323
22  0  1  2  1754  619  2094  1082  329
22  1  0  0  332  211  283  2247  286
20  1  1  3  248  143  229  2382  287
21  0  3  6  328  102  391  2406  308
23  3  3  7  413  478  160  1591  257
16  0  3  6  1048  437  1110  1508  187
22  0  3  6  254  103  284  2134  285
23  1  1  2  686  370  664  1444  329
21  3  2  5  671  708  327  1203  267
15  0  1  3  190  68  230  2516  306
22  1  2  4  810  455  741  1567  308
23  0  0  1  413  201  427  1890  305
20  1  0  1  624  316  624  1942  277
17  0  0  0  96  40  110  2578  260
23  0  1  3  957  297  1157  1447  298
22  1  1  2  1122  792  868  1243  133
20  0  0  1  1045  465  1117  1517  299
15  1  2  5  411  264  384  1826  331
21  2  3  6  888  756  593  1451  253
16  3  3  7  463  534  157  1810  278
15  0  2  5  502  229  577  1776  318
15  0  2  4  1004  325  1300  1364  105
17  0  2  4  679  247  815  1453  163
15  2  2  5  149  124  84  2131  315
17  1  1  2  1091  715  954  1207  285
17  1  0  0  172  97  153  2359  232
20  1  3  7  133  87  107  2538  307
21  0  0  1  229  94  252  2120  289
16  2  0  1  606  521  377  1627  336
17  3  1  3  174  205  70  2139  272
17  2  0  0  364  288  241  1992  322
17  1  1  2  450  310  372  1744  335
15  1  1  3  403  274  331  1972  199
21  1  0  1  1540  958  1334  1114  342
23  3  2  5  129  123  75  1884  349
16  3  3  7  827  901  328  1366  282
23  2  3  7  783  641  518  1210  236
20  0  0  0  82  26  92  2713  290
21  1  0  0  863  494  815  1559  191
17  1  0  1  111  51  108  2742  302
22  1  1  2  247  175  187  2128  315
14  1  3  7  156  90  150  2198  270
17  3  1  3  176  200  68  2126  233
15  2  2  5  724  529  557  1436  388
21  2  1  3  472  409  315  1916  252
17  2  3  6  992  815  653  1356  325
22  1  0  0  261  165  213  2332  317
16  1  1  2  303  191  266  2196  231
15  2  0  1  548  498  286  1726  317
15  0  3  7  732  350  820  1633  340
14  1  0  1  1137  734  991  1219  277
15  1  0  0  834  575  680  1523  272
21  0  3  6  126  63  122  2728  209
21  1  3  7  1514  858  1399  1172  321
23  3  2  5  798  864  367  1147  298
20  0  3  6  301  157  303  1992  291
20  1  0  1  365  260  281  2137  220
17  2  0  1  1154  967  715  1298  227
21  2  3  6  367  318  238  2133  306
21  1  2  5  1426  846  1256  1171  336
16  3  2  4  457  459  200  1754  309
17  1  3  6  1135  760  921  1337  306
16  2  2  5  672  469  465  1562  298
15  2  1  2  1262  1037  769  1109  339
20  2  1  2  1384  1319  746  1133  375
23  3  2  4  223  268  71  1919  311
20  2  0  1  720  572  458  1596  233
21  2  0  0  1998  1715  1326  790  311
21  0  2  4  748  327  786  1653  210
21  3  3  6  463  445  251  1906  300
14  1  2  4  246  196  196  2104  263
15  0  2  5  460  224  505  1834  239
23  2  0  0  735  689  426  1194  367
20  1  2  5  297  161  293  1966  247
21  3  0  1  1088  1197  433  1174  307
22  2  1  2  401  343  290  1858  183
17  2  1  3  812  729  496  1351  317
17  0  0  1  127  57  135  2704  199
20  0  3  7  1806  917  1824  1019  332
21  3  0  1  1664  1903  571  898  352
22  0  3  6  1732  509  2123  1118  318
20  0  2  5  1707  648  2008  969  306
15  2  1  3  352  268  234  1948  335
17  1  1  3  1228  729  1156  1193  315
22  0  1  2  768  379  859  1438  282
21  2  3  7  1441  1443  784  1097  294
17  1  2  4  1403  945  1132  975  148
21  2  1  2  1192  1094  732  1142  323
20  2  3  7  305  242  190  2079  292
23  3  0  1  488  569  195  1480  338
21  1  0  1  552  306  525  1609  247
21  2  3  6  726  673  424  1650  323
21  1  3  7  933  541  893  1512  327
20  2  3  7  393  314  256  2029  230
20  1  3  6  139  83  119  2174  194
20  1  0  0  1177  780  966  1242  216
15  2  3  7  241  191  180  2133  202
16  3  1  2  410  466  161  1827  234
15  0  0  0  586  197  685  1970  326
17  0  2  4  491  153  623  1761  293
23  3  1  2  106  121  45  1988  297
20  0  2  5  1545  730  1656  1034  323
15  1  2  5  329  177  352  1974  318
15  0  3  6  834  392  935  1477  329
23  3  2  5  247  270  114  1705  306
23  0  0  0  820  340  916  1521  321
16  2  1  2  389  320  243  1906  326
16  1  0  0  451  336  367  1781  332
15  2  3  7  282  261  168  2021  330
21  1  1  2  1353  698  1391  1091  305
22  0  3  7  132  44  152  2427  313
21  2  0  1  472  414  302  1569  358
22  2  3  7  636  488  425  1625  346
23  0  2  4  124  42  140  2233  287
16  0  3  6  524  214  549  2088  311
22  3  2  4  364  404  145  1688  261
14  1  1  2  902  496  861  1411  342
16  3  1  2  159  177  59  2325  272
23  0  2  5  1395  421  1690  1066  293
15  2  2  5  678  557  434  1429  343
21  2  0  1  194  155  141  2064  314
15  0  1  2  886  399  937  1453  338
23  2  3  7  511  412  354  1396  322
16  0  0  1  1291  628  1376  1212  328
23  2  1  2  644  597  361  1304  301
15  0  1  2  561  165  690  1942  307
17  2  1  3  791  728  472  1382  198
21  1  2  4  505  272  480  1875  307
14  3  0  0  874  891  391  1231  349
17  2  3  6  1179  905  838  1301  244
21  1  3  6  169  101  147  2547  266
16  1  2  4  481  271  459  1794  311
15  2  2  4  1853  1546  1228  797  339
21  1  2  5  1062  659  907  1283  238
20  0  3  7  435  203  454  1983  330
15  3  3  7  410  429  227  1804  324
15  1  0  1  1052  704  874  1333  212
16  1  1  3  576  390  484  1679  326
22  1  0  0  559  387  446  1924  302
23  3  2  5  741  785  361  1168  332
16  1  1  2  481  328  401  1819  297
21  2  1  3  241  203  181  2305  313
21  2  1  2  736  615  524  1396  218
16  0  0  1  1001  326  1247  1480  286
16  2  3  7  398  306  262  1901  331
14  0  1  2  556  225  566  2002  343
14  1  1  3  971  535  935  1290  339
20  0  1  3  172  75  185  2630  213
22  0  0  0  157  55  186  2785  240
16  2  1  2  233  194  142  2188  279
23  1  3  7  963  535  901  1158  275
22  2  2  4  221  157  180  2234  315
23  0  0  0  1807  607  2192  915  212
22  3  2  5  1620  1772  798  914  314
17  1  2  4  1477  770  1438  992  308
22  0  2  4  612  283  669  1840  324
23  0  0  0  1471  532  1744  1091  335
22  1  3  6  820  410  759  1521  141
16  2  3  7  759  638  443  1497  294
16  2  3  6  931  832  484  1444  320
23  0  0  1  1527  468  1901  1124  344
21  0  3  7  522  214  568  2007  247
17  1  3  6  346  166  346  2171  199
17  0  0  0  1259  599  1325  1198  260
17  1  3  6  219  130  199  2394  279
23  0  1  2  600  222  687  1735  144
14  1  1  2  941  506  918  1417  319
22  0  0  1  512  185  603  2075  294
15  2  0  1  827  736  448  1435  333
15  0  2  4  633  280  740  1612  329
16  1  0  0  443  248  442  1855  220
14  3  0  1  776  864  270  1304  337
22  0  3  7  752  293  855  1691  314
20  2  3  7  1045  940  557  1332  241
22  1  0  1  702  357  670  1797  324
17  0  0  0  344  119  399  2122  310
16  2  1  2  1101  913  693  1286  332
23  3  1  3  567  669  218  1435  285
15  1  2  4  1151  665  1163  1155  292
14  1  2  5  312  224  266  1766  319
20  0  3  7  238  113  250  2439  299
22  0  1  3  1217  567  1312  1261  227
23  3  1  3  752  857  318  1210  231
15  3  3  6  251  280  117  1896  278
22  1  0  0  1325  704  1307  1336  252
22  0  2  4  287  115  331  2378  226
20  2  0  0  439  330  298  1909  311
15  2  2  5  829  681  562  1316  328
16  3  0  1  881  897  472  1305  339
15  0  1  3  1426  585  1576  1191  342
15  1  3  7  611  403  570  1703  214
21  3  2  5  318  317  138  1944  165
15  1  2  5  387  249  366  1855  321
22  1  1  2  573  347  497  1735  303
17  3  1  3  353  423  121  1846  245
15  0  2  4  564  187  732  1656  281
21  1  2  5  509  297  454  1873  334
20  1  0  0  314  213  251  2114  241
20  2  1  2  1368  1062  969  1168  296
22  3  2  5  380  455  145  1874  334
22  3  2  4  551  673  200  1566  193
20  1  1  2  657  401  596  1824  307
15  1  1  3  425  218  425  1995  267
21  0  1  2  950  373  1119  1359  337
20  2  2  5  1020  824  672  1253  313
16  3  2  4  1553  1451  795  948  355
20  2  3  7  918  808  511  1390  307
15  0  1  3  953  354  1096  1455  324
16  2  2  5  951  812  494  1330  215
16  1  2  4  1464  902  1233  1048  298
21  1  3  7  608  355  620  1705  324
21  0  1  2  1755  569  2217  1029  255
20  1  2  4  667  403  611  1620  284
20  2  0  0  220  179  126  2190  197
16  0  2  5  517  228  520  1874  300
14  1  0  1  473  257  464  1828  340
16  0  2  5  538  180  613  1919  293
21  3  1  3  408  419  188  1999  208
21  0  1  3  244  77  306  2539  327
21  2  2  5  150  130  94  2321  290
20  0  3  6  1067  480  1143  1277  279
20  0  2  4  679  307  739  1696  332
22  1  3  6  706  399  656  1766  292
17  2  1  3  120  88  90  2295  267
20  1  0  1  678  407  606  1741  289
15  1  2  4  367  186  402  1907  330
23  0  1  3  194  71  220  2266  321
23  1  0  1  1628  1043  1424  882  257
21  1  0  1  305  153  289  2391  307
17  1  2  4  82  35  84  2313  263
23  2  2  4  1526  1279  981  894  320
21  0  3  7  181  50  220  2634  271
15  2  0  1  203  185  114  2205  309
23  3  2  5  1504  1555  767  762  340
17  2  1  3  750  660  475  1384  169
20  2  2  5  383  299  267  1822  329
21  0  2  5  460  132  564  2104  304
22  0  3  6  531  179  673  1871  315
17  3  1  2  622  639  325  1440  281
20  2  3  7  473  392  289  1928  241
21  2  2  4  456  378  296  1823  276
20  0  0  1  513  185  602  2146  319
22  1  0  0  1352  997  1019  1226  325
14  1  3  6  365  278  329  2030  172
14  1  0  0  397  265  338  1814  156
16  2  0  0  112  76  85  2410  268
16  0  1  3  1311  447  1531  1225  353
22  3  3  7  1253  1449  454  976  193
21  1  1  3  1205  697  1129  1218  335
15  2  2  4  1129  865  834  1278  266
15  0  2  4  1505  508  1938  1053  300
15  1  0  1  816  456  769  1593  322
22  1  0  0  1850  1239  1516  1078  263
22  2  0  0  524  420  404  1896  262
20  2  1  2  905  762  580  1424  271
16  1  0  0  275  161  265  2190  204
17  0  3  6  1210  621  1264  1344  312
21  2  1  3  335  280  235  2183  284
21  1  2  4  109  59  97  2491  279
15  0  3  6  231  116  244  2143  211
16  1  3  6  218  131  197  2484  327
16  1  3  7  778  552  607  1497  340
21  1  3  7  624  409  522  1750  339
21  1  1  3  1988  1303  1725  931  302
22  0  0  0  506  253  532  2089  354
22  0  1  2  954  320  1150  1506  284
21  0  2  5  1577  483  1887  1186  343
20  0  0  1  1273  391  1553  1432  224
16  1  2  4  514  326  421  1774  291
22  1  2  4  2756  1477  2597  790  338
17  2  3  6  143  111  103  2485  242
23  2  3  7  640  542  405  1310  324
23  3  0  0  1119  1271  482  875  304
22  3  3  7  454  505  183  1595  294
14  0  2  4  2422  1087  2500  852  312
20  2  0  1  1295  1012  839  1166  337
17  2  2  4  229  163  178  1929  242
23  0  3  6  783  291  910  1505  336
23  1  0  1  722  423  686  1467  194
16  0  0  1  1361  506  1625  1212  357
14  0  3  6  358  133  424  2437  271
23  0  2  5  602  227  673  1552  194
15  3  0  1  455  444  240  1793  306
15  2  3  6  325  277  205  1914  324
22  1  0  0  1379  801  1249  1354  261
17  2  0  1  940  745  616  1510  219
21  0  1  2  1621  719  1815  1034  234
14  0  1  2  564  251  545  1824  328
14  0  1  2  1988  953  1855  917  191
22  0  0  1  336  147  373  2110  254
17  1  1  2  668  436  621  1442  101
23  0  2  4  501  170  566  1933  383
15  2  1  3  548  411  376  1734  300
22  1  2  4  115  54  110  2530  272
16  2  0  0  471  398  302  1736  290
15  0  1  3  2343  785  2791  929  250
21  0  3  7  402  179  451  2115  203
23  3  2  4  315  336  147  1727  317
23  0  2  4  976  287  1184  1431  322
14  1  0  0  455  231  463  1775  315
15  0  1  2  299  96  368  2357  339
14  0  1  3  2144  898  2142  899  288
17  0  3  6  289  116  340  2341  203
23  0  0  0  149  62  164  2204  290
16  3  0  1  799  797  438  1362  187
20  1  0  0  1323  925  1030  1151  306
22  0  2  5  774  385  821  1671  290
23  2  0  0  212  179  137  1760  259
14  0  1  3  339  138  340  2146  310
14  1  2  4  956  602  903  1344  330
16  2  3  6  994  810  613  1372  340
14  1  3  7  375  279  307  1763  363
16  0  0  1  364  192  378  2101  311
21  0  3  7  618  212  726  1919  176
20  1  1  2  579  368  516  1825  270
16  2  0  0  539  410  393  1672  254
21  3  1  3  471  507  188  1926  325
21  3  0  0  1457  1514  663  1006  204
16  3  3  6  927  1081  311  1430  304
21  1  3  7  331  231  295  1872  258
14  0  3  7  533  174  618  1942  216
21  0  2  4  244  96  274  2098  322
16  1  1  2  335  202  314  2096  327
23  3  0  0  2230  2615  884  574  242
23  3  2  4  515  586  199  1483  222
16  3  1  3  486  561  184  1703  340
16  2  1  2  507  384  360  1763  332
23  0  3  6  973  326  1160  1645  299
16  2  0  0  215  186  129  2166  312
22  0  3  7  572  265  592  1712  289
23  0  1  3  1872  579  2262  953  347
20  0  1  2  409  209  435  2201  261
15  1  2  4  286  153  304  1958  297
20  2  1  2  640  497  454  1761  334
14  0  0  0  743  275  801  1593  337
17  2  2  4  344  296  211  1730  276
17  2  3  6  448  346  315  1969  326
17  2  1  3  2504  1878  1947  700  235
14  1  3  6  1206  653  1291  1316  301
16  0  0  1  467  227  497  1952  274
21  1  1  2  1386  958  1138  1053  293
22  0  3  6  681  235  789  1716  327
15  0  2  5  670  292  789  1573  332
21  0  0  0  1034  470  1120  1387  331
16  0  2  5  1483  652  1516  1130  306
22  0  2  4  459  218  498  2022  197
22  1  0  1  299  182  262  2023  340
15  1  3  7  581  341  584  1745  204
21  1  3  7  486  348  368  1878  318
14  1  0  1  700  400  667  1572  321
20  2  0  1  968  854  526  1356  339
23  3  1  2  270  303  116  1719  144
21  2  1  2  1076  918  737  1178  261
16  0  3  6  190  81  190  2619  178
22  3  1  3  843  897  391  1316  250
15  1  2  4  1355  821  1319  1006  306
22  2  0  1  1170  1033  825  1094  298
20  1  2  5  94  40  97  2377  377
21  2  1  3  288  243  199  2177  327
21  0  2  5  283  112  298  2297  202
22  0  2  4  2734  998  3293  829  339
15  2  2  5  147  134  84  2111  273
20  1  2  5  1094  590  1070  1219  268
17  0  0  1  306  128  349  2281  318
21  1  0  1  1298  659  1334  1090  316
21  1  3  6  1451  761  1404  1228  184
23  1  3  7  254  122  256  1942  311
23  3  0  0  479  533  221  1344  214
16  2  0  0  1129  936  741  1193  131
21  3  0  0  1190  1349  426  1133  260
16  1  2  4  625  403  507  1650  274
17  1  1  3  718  442  612  1391  317
21  2  2  4  418  321  303  1857  261
14  0  2  4  876  327  976  1611  282
22  0  1  3  505  170  610  1913  282
17  1  2  4  1461  873  1303  985  325
16  1  1  3  1287  683  1277  1191  273
16  2  2  4  1225  904  787  1177  279
23  0  1  2  1563  710  1643  972  342
20  0  2  5  1151  599  1185  1228  246
21  1  1  2  783  435  771  1457  253
15  1  0  1  963  603  844  1427  179
16  3  0  1  120  125  64  2295  218
21  1  0  1  425  302  331  1749  329
22  3  2  5  495  623  162  1643  186
21  1  0  1  617  385  538  1543  301
20  0  3  6  706  306  774  1580  258
15  2  2  4  742  595  510  1387  324
23  0  2  5  1036  320  1247  1219  211
21  0  0  0  1457  564  1681  1088  236
23  1  1  2  961  569  868  1244  295
17  0  1  3  332  158  373  1918  223
23  2  1  3  392  328  253  1658  301
16  3  0  0  319  346  144  1949  253
22  1  0  1  120  87  86  2288  320
15  2  0  1  303  208  229  2140  348
14  1  2  5  1389  1002  1183  945  358
20  3  0  0  482  500  245  1686  397
20  2  1  2  599  462  437  1786  292
23  2  2  4  417  381  230  1590  261
20  1  3  7  279  166  245  2214  313
20  0  0  1  259  89  301  2602  266
20  0  2  5  1576  711  1720  984  286
17  1  2  4  249  166  199  1963  312
20  1  1  3  654  450  552  1724  350
14  1  2  5  217  160  178  1911  251
17  1  2  4  692  467  552  1426  242
20  1  1  2  749  399  752  1745  320
21  2  1  2  660  548  463  1496  320
14  1  0  1  456  252  450  1863  338
23  0  0  1  1223  478  1408  1240  248
21  2  3  7  974  741  648  1301  126
14  1  0  0  164  100  147  2211  234
17  1  1  2  875  545  796  1368  347
22  1  1  2  427  294  338  1867  337
21  0  3  7  537  181  640  1891  256
17  2  0  1  1197  922  825  1302  369
23  0  1  3  173  59  196  2152  345
16  3  0  0  753  738  432  1400  160
17  2  3  6  479  349  359  1945  174
16  2  2  5  382  300  221  1898  213
16  3  3  7  459  521  169  1763  364
23  2  3  7  2247  1974  1352  670  284
16  2  3  7  742  676  378  1474  332
22  1  3  6  1634  838  1496  1050  225
20  0  2  4  224  93  255  2359  114
22  1  2  4  1441  843  1292  1161  272
16  2  0  1  528  390  391  1776  226
21  2  2  5  693  591  444  1566  323
21  2  2  4  1060  852  735  1267  313
15  2  0  1  279  225  176  2187  305
17  0  0  0  365  136  421  1968  269
23  3  0  1  595  696  231  1401  241
20  0  2  4  1123  428  1309  1437  334
23  0  1  2  1225  509  1343  1174  286
16  1  3  6  1624  1147  1266  1060  344
17  1  1  3  1921  1270  1669  849  193
20  2  3  7  1188  1027  679  1223  235
16  1  0  0  608  397  547  1626  322
21  1  1  2  1463  945  1292  1049  289
17  2  0  0  213  189  115  2131  317
16  1  1  3  1107  684  1000  1257  338
15  1  3  6  643  357  668  1662  245
17  1  2  4  180  119  139  2268  335
22  0  1  2  306  107  370  2248  315
14  2  1  3  719  549  485  1442  336
20  0  3  6  911  380  1009  1349  360
17  0  1  3  97  41  112  2450  326
16  3  2  4  713  713  313  1475  365
14  1  1  3  1859  1252  1552  897  352
17  2  1  3  151  135  84  2167  254
16  2  2  4  629  539  324  1526  302
20  0  1  3  1726  839  1820  1067  311
15  2  2  5  617  431  502  1515  318
22  2  2  5  330  249  263  2131  333
17  1  1  3  1031  668  909  1312  330
22  3  0  0  428  478  153  1796  177
14  0  0  1  585  228  619  1801  306
23  0  2  5  2417  793  2851  743  278
14  3  0  1  722  691  374  1384  311
16  2  0  0  633  484  451  1629  282
20  0  0  1  362  139  405  2388  225
15  2  2  4  197  153  146  1926  306
17  2  3  6  166  123  127  2465  338
15  1  2  4  284  173  273  1952  338
17  2  0  0  1046  780  750  1282  308
15  1  0  0  337  188  314  2209  275
21  3  1  3  137  150  53  2501  272
22  0  1  2  1193  637  1209  1223  315
14  0  3  6  518  179  625  2204  244
23  2  0  0  560  484  364  1368  319
23  0  2  5  382  146  419  1772  334
20  1  1  3  192  104  183  2477  204
16  0  1  3  844  332  945  1620  303
20  0  0  1  175  72  198  2723  298
15  1  2  4  127  70  134  2207  254
17  0  3  6  924  409  1037  1515  309
20  0  1  3  209  67  251  2577  335
14  1  0  0  1369  946  1130  1036  341
21  1  0  1  945  612  806  1264  239
21  1  0  1  389  211  376  1859  335
17  1  1  2  755  522  623  1464  206
15  2  0  1  260  197  172  2164  320
20  1  0  1  245  132  230  2430  295
23  1  0  0  969  642  825  1167  236
14  3  1  2  953  1020  409  1199  349
20  0  1  2  2112  840  2418  1003  284
16  0  2  4  311  102  354  2299  211
23  3  1  3  1246  1301  643  881  338
15  1  1  3  2286  1267  2205  809  337
21  3  2  4  1106  1188  438  1173  214
21  0  3  7  387  116  469  2229  333
17  0  1  2  63  23  77  2463  283
16  0  3  6  148  54  172  2813  320
20  2  0  1  386  341  207  2029  328
22  3  3  7  609  614  309  1413  327
21  3  1  3  180  192  72  2357  258
23  0  0  1  1749  646  2053  1047  241
20  2  1  3  786  596  581  1554  352
15  1  1  2  303  187  283  2070  338
14  0  2  4  756  318  806  1678  137
20  0  1  3  247  98  280  2515  331
22  0  0  0  528  260  558  2051  257
16  2  3  6  1102  899  673  1305  253
20  2  2  5  366  306  230  1859  332
16  2  1  3  189  165  101  2206  239
21  3  1  3  87  85  41  2621  286
20  2  3  6  1389  1096  904  992  340
20  2  2  5  652  540  410  1496  351
20  0  2  5  619  202  760  1719  267
23  2  0  1  829  679  576  1271  305
17  1  1  2  265  153  247  2049  318
22  0  2  4  107  45  123  2488  367
23  0  0  1  209  70  255  2339  326
22  1  1  2  739  555  563  1505  297
16  1  0  0  281  200  238  2076  310
16  0  0  1  333  137  375  2198  283
22  1  0  0  1689  1031  1476  1137  269
14  2  3  6  2490  1928  1750  762  348
20  1  3  7  1087  689  926  1298  335
23  2  1  3  685  634  391  1301  246
15  1  2  4  180  96  177  2164  243
16  3  2  4  2110  2093  946  756  337
14  1  2  5  263  176  233  1873  357
16  1  2  5  708  375  661  1657  263
14  1  2  4  340  261  269  1958  151
22  3  2  5  511  613  208  1710  323
15  2  3  7  327  266  229  1991  262
22  3  3  6  491  522  234  1590  277
15  0  3  7  1154  558  1278  1315  345
20  0  1  3  407  189  436  2193  310
17  1  0  0  1882  1176  1570  914  413
21  3  0  1  1285  1345  576  1077  199
17  1  1  3  246  153  228  2171  336
16  3  0  0  315  378  107  1971  342
15  0  0  0  2177  1077  2187  915  350
17  1  2  4  882  581  723  1238  306
21  2  1  2  752  570  596  1419  319
21  1  0  1  2591  1594  2304  673  330
14  1  0  1  468  314  396  1767  306
23  2  2  5  531  450  333  1396  274
14  3  2  4  418  472  175  1677  253
20  2  0  1  219  197  116  2301  297
21  0  0  1  195  87  207  2146  284
16  3  1  2  818  851  400  1367  270
21  1  1  2  376  242  330  1878  308
23  3  2  5  975  998  512  1003  334
22  0  0  1  221  88  257  2206  382
22  1  0  1  1032  575  960  1320  344
17  2  1  2  2062  1972  1155  781  188
20  2  0  0  79  80  30  2414  242
20  1  2  4  131  71  128  2461  223
16  1  0  0  1036  778  854  1245  192
16  2  3  6  293  262  162  2205  322
15  0  2  4  1219  466  1508  1220  336
23  1  0  0  781  476  709  1321  304
23  3  1  2  814  940  333  1177  268
20  1  3  6  101  67  81  2241  261
22  3  2  5  195  245  70  2186  331
21  2  2  4  436  406  238  1798  333
22  3  3  6  371  380  182  1758  355
14  0  3  7  910  414  958  1410  215
21  2  3  7  158  147  95  2436  292
23  0  1  3  2187  994  2306  772  167
20  0  0  1  495  229  523  2041  234
16  2  0  0  1435  1180  947  1018  338
22  1  0  0  489  309  420  2010  297
23  1  1  3  653  395  586  1503  290
16  0  0  0  919  414  1018  1462  262
16  1  3  7  2587  1844  2000  715  343
20  2  2  5  1865  1388  1357  859  179
16  1  1  3  221  146  192  2206  199
16  0  0  0  286  90  359  2355  329
17  0  1  2  1044  493  1181  1285  339
22  2  1  2  993  899  668  1260  265
23  1  2  4  2100  1240  1886  781  323
21  1  3  6  547  398  418  1767  295
23  3  2  4  624  659  307  1333  291
22  2  1  3  1419  1124  1106  1009  342
20  1  1  3  877  561  772  1481  339
15  0  1  3  254  72  314  2438  315
17  2  1  3  1453  1294  917  978  294
16  1  3  7  412  251  362  1938  375
17  0  3  6  72  32  76  2780  264
14  1  0  0  1242  718  1167  1109  241
17  1  0  0  1129  630  1023  1301  219
16  0  0  0  601  274  664  1795  216
20  2  2  4  430  330  303  1734  298
16  2  2  4  636  453  428  1653  210
22  0  2  5  2739  886  3419  894  341
15  2  1  2  803  562  602  1439  258
22  1  3  6  1255  626  1160  1199  227
16  3  1  2  1064  1052  571  1247  251
21  0  2  4  304  92  352  2188  255
21  1  1  2  950  555  901  1322  170
17  3  0  1  401  377  220  2094  232
16  1  3  7  131  88  114  2379  364
20  2  2  4  970  771  661  1346  243
14  1  1  3  483  293  436  1734  339
17  2  1  2  422  331  316  1779  340
14  0  0  1  491  211  501  1892  360
22  3  2  5  366  399  191  1926  219
17  2  0  1  747  630  459  1646  315
21  2  2  4  904  743  612  1344  297
15  0  3  6  311  127  363  2128  301
21  0  0  0  565  257  588  1893  367
17  3  2  4  763  746  408  1304  313
17  1  0  0  474  254  436  1947  316
22  3  2  5  379  452  147  1861  343
23  0  1  2  587  174  719  1758  241
16  0  3  7  726  250  829  1705  197
22  0  0  0  467  174  556  2258  180
16  3  3  7  582  605  264  1617  363
16  1  0  1  394  263  347  1999  336
17  3  1  2  120  141  49  2145  335
21  0  1  2  317  139  350  2066  295
23  0  0  1  1564  531  1898  1136  316
15  0  2  5  469  210  533  1805  332
20  1  2  5  240  163  211  2078  262
16  1  0  1  320  174  324  2146  348
14  1  1  3  187  112  167  2160  329
23  0  0  1  658  228  788  1782  319
14  0  3  6  925  339  1070  1640  201
17  2  0  0  1119  1027  599  1193  274
15  2  0  1  292  271  145  2052  318
21  3  1  2  1139  1197  514  1169  185
20  2  1  2  937  873  523  1422  302
23  2  2  5  335  245  253  1698  268
21  1  3  6  533  303  488  1998  357
22  2  0  0  329  304  214  2100  287
22  1  0  1  342  190  315  2042  346
17  1  1  3  461  260  446  1800  202
16  1  0  0  428  304  360  1843  348
20  1  1  3  551  404  437  1789  249
22  0  0  1  926  349  1095  1515  295
20  1  2  5  115  85  90  2260  271
20  0  2  4  762  231  959  1747  318
17  1  3  6  2512  1399  2335  829  153
16  2  2  5  1439  1138  850  1050  294
16  0  3  6  307  138  326  2353  371
16  0  2  4  321  129  333  2115  290
21  0  3  6  273  106  302  2526  228
21  3  1  2  1023  1041  495  1220  230
21  2  1  3  1327  1139  895  1154  280
17  1  0  0  2314  1626  1736  819  268
15  2  1  2  333  258  221  1880  329
22  2  1  2  600  448  421  1604  326
21  1  2  4  222  156  191  2023  333
21  0  3  6  627  235  717  1981  282
21  0  0  0  221  100  239  2197  144
20  1  3  6  390  221  360  1793  246
14  1  0  1  259  142  256  2147  315
22  1  2  5  1085  690  908  1369  319
16  2  0  1  506  378  373  1828  233
23  0  0  1  535  252  570  1735  329
20  1  1  2  658  494  510  1665  261
20  0  3  6  1128  578  1127  1203  220
14  1  2  5  751  513  663  1334  333
22  3  3  6  805  891  330  1309  298
22  1  3  6  281  173  222  2018  166
16  0  1  2  1135  420  1291  1380  295
16  3  2  5  402  442  130  1845  344
23  3  2  4  1368  1496  626  894  168
15  2  1  2  609  452  427  1606  226
22  1  1  2  1265  689  1180  1220  141
15  1  2  4  846  600  731  1343  318
16  1  1  3  379  267  306  1962  315
23  3  2  5  305  352  121  1686  337
23  1  1  2  403  207  392  1840  249
20  0  0  0  1768  555  2153  1102  307
21  3  0  1  1446  1544  612  956  278
20  1  3  7  764  469  667  1570  184
21  1  1  2  597  345  569  1640  168
14  1  0  1  1409  823  1315  1028  333
22  0  3  6  433  184  474  1948  343
23  0  0  1  1641  665  1857  1087  309
16  1  3  7  431  271  372  1924  326
23  3  1  2  656  698  326  1256  352
20  1  1  3  1434  813  1392  1224  328
16  2  2  4  402  312  239  1914  321
17  0  3  6  673  291  760  1790  305
16  3  1  3  491  491  255  1687  301
14  0  0  0  980  449  971  1349  284
22  1  3  7  516  307  430  1727  232
15  2  2  4  482  375  354  1621  318
23  1  1  2  1732  999  1597  842  331
23  1  1  2  310  195  267  1836  318
23  3  2  4  833  896  392  1174  328
23  1  3  7  622  400  520  1745  289
20  1  3  6  794  559  621  1315  291
17  1  1  2  160  94  158  2247  275
14  2  2  4  544  435  370  1658  252
17  1  0  1  834  448  765  1688  322
16  0  1  3  370  184  370  2030  407
16  2  0  1  653  532  436  1614  307
23  2  2  5  971  728  714  1059  310
17  3  1  3  191  214  73  2052  294
14  1  2  5  132  79  124  2095  266
14  1  0  0  1513  924  1374  968  230
20  0  2  4  765  391  787  1579  327
17  1  1  3  115  62  109  2406  296
16  1  2  4  679  355  638  1630  226
14  0  0  1  1287  471  1405  1286  308
15  1  0  0  554  340  495  1825  212
22  0  1  3  1005  344  1210  1432  310
14  1  0  0  1416  907  1241  1047  344
22  2  1  3  492  419  352  1703  270
22  1  1  3  154  96  134  2275  341
17  3  0  0  1542  1582  708  974  242
22  2  3  6  819  623  592  1531  355
22  1  1  3  106  67  90  2297  354
21  3  3  7  283  288  138  2173  295
14  0  1  3  756  354  722  1554  315
21  0  1  3  401  184  419  2061  350
20  1  3  7  1174  623  1142  1311  254
21  2  3  6  1472  1374  927  1085  262
17  0  0  1  309  130  349  2387  330
15  2  1  3  1086  863  695  1309  143
21  2  1  3  301  233  233  2243  306
22  2  1  2  587  513  412  1604  185
20  0  2  5  786  338  875  1495  323
17  0  0  0  98  37  110  2583  300
16  2  1  3  1200  959  788  1152  220
15  0  0  1  322  122  364  2366  300
16  2  2  5  898  746  489  1391  256
21  1  3  6  116  69  99  2669  299
21  2  1  3  609  519  418  1710  315
22  3  2  4  263  305  104  1924  386
20  0  0  0  159  76  165  2673  316
21  2  3  7  2262  1864  1561  838  346
22  0  3  7  388  142  446  2005  357
16  1  2  4  212  123  185  2231  321
23  3  1  3  1149  1173  612  1099  273
20  2  3  7  1076  838  707  1317  219
22  3  1  3  770  949  310  1285  349
15  1  3  7  340  242  301  2024  273
17  1  0  1  999  602  854  1489  314
15  0  3  6  333  125  412  2004  336
20  3  0  0  858  1022  301  1354  303
23  0  1  3  659  199  802  1725  329
17  1  0  0  523  293  466  1842  322
16  1  0  1  780  540  660  1455  336
21  3  1  3  369  394  156  2092  338
20  2  1  3  1227  1036  795  1222  338
23  3  2  4  1193  1287  552  946  284
16  2  1  3  219  188  129  2137  265
16  3  1  2  1040  1115  472  1253  231
14  3  1  2  564  664  185  1514  306
21  0  3  6  390  183  402  2257  229
17  1  2  4  329  213  275  1869  262
15  2  0  1  581  438  395  1706  336
21  0  3  6  707  309  765  1503  331
20  1  2  5  442  281  397  1765  330
14  0  1  2  853  299  910  1648  328
22  1  2  5  774  445  704  1720  199
22  2  0  1  619  529  383  1637  222
22  2  0  0  539  386  369  1756  370
14  0  0  1  412  131  479  2179  287
17  3  0  1  302  296  152  2176  251
23  2  1  3  1278  1186  721  939  260
17  0  3  6  1012  492  1090  1421  289
15  2  3  6  476  380  347  1736  192
17  2  0  0  2417  1726  1813  828  346
22  0  1  3  995  480  1057  1356  344
21  1  1  2  114  58  114  2337  323
20  0  0  0  1055  424  1224  1383  357
15  2  2  5  335  244  262  1893  297
21  1  0  1  864  534  764  1332  317
23  3  1  2  1159  1209  604  952  277
21  0  1  3  829  259  1011  1693  241
21  0  3  7  818  376  867  1625  316
14  1  1  2  494  365  380  1747  287
14  2  3  6  310  230  231  2163  343
20  0  3  7  122  43  143  2629  323
16  0  0  0  1100  386  1333  1400  208
22  2  0  0  894  686  644  1374  241
21  0  0  1  305  124  354  2036  295
16  1  3  7  619  355  560  1701  316
14  0  3  6  1712  664  1940  1161  305
15  0  1  3  2020  734  2345  1003  257
22  0  2  4  411  198  444  2137  327
22  2  0  1  1454  1219  1085  953  308
23  0  3  7  2757  986  3185  679  276
16  1  3  6  232  168  178  2321  277
20  2  3  6  796  656  489  1352  313
17  2  0  0  804  669  482  1465  238
14  0  0  1  395  117  464  2252  175
20  2  3  6  557  426  378  1598  258
22  1  0  1  1120  684  984  1224  245
16  3  0  1  614  643  304  1557  328
20  0  3  7  1008  305  1244  1528  350
20  1  3  6  281  140  285  1987  303
15  2  1  3  1989  1758  1097  816  358
20  1  3  6  1605  1083  1309  929  230
21  0  3  7  475  153  564  2081  334
14  1  3  6  857  552  804  1450  193
16  1  0  1  425  285  382  1930  272
14  0  3  7  1121  495  1202  1311  344
21  2  3  6  286  227  208  2205  305
21  2  2  5  472  427  284  1810  303
17  2  0  1  52  45  30  2672  336
22  1  0  1  949  677  733  1320  289
21  3  0  1  540  534  271  1512  258
21  3  3  6  305  318  136  2171  238
17  0  0  1  344  142  392  2313  293
16  3  1  3  819  926  333  1358  198
20  1  3  6  1040  669  883  1194  368
21  2  0  1  161  118  120  2093  331
16  1  1  3  190  111  180  2315  334
20  1  1  3  861  481  830  1578  339
21  0  1  3  836  351  963  1682  331
16  3  0  0  629  702  273  1547  279
20  1  2  4  377  246  334  1985  325
21  0  0  1  770  226  930  1612  273
15  2  2  5  109  80  90  2256  139
17  0  1  3  424  154  536  1918  328
16  2  1  3  229  194  139  2122  226
16  1  3  7  185  107  157  2291  328
21  3  0  1  190  213  67  2116  263
23  0  1  3  618  295  630  1560  318
20  2  0  0  480  395  287  1819  213
15  1  3  7  1732  1146  1589  982  346
16  0  0  1  661  302  723  1715  331
16  0  2  4  430  121  512  2144  290
22  1  2  4  1101  725  901  1327  292
16  1  0  1  1856  1051  1850  940  346
14  3  0  1  1160  1178  527  1043  320
21  3  1  2  818  873  342  1382  339
23  0  3  7  234  98  251  1983  196
23  2  1  2  316  301  169  1695  359
21  2  0  1  785  609  586  1351  194
15  2  0  1  976  821  588  1329  360
15  0  1  2  563  265  586  1824  374
17  1  2  4  198  129  160  2006  307
15  0  3  6  132  80  127  2381  297
15  1  1  2  769  439  721  1547  226
20  2  2  4  242  219  141  1872  257
20  0  3  6  560  258  595  1605  225
22  0  1  2  418  163  487  2075  346
23  3  0  0  275  292  144  1628  173
17  2  3  6  351  321  196  2151  248
23  0  1  2  377  184  393  1945  196
22  1  2  4  1043  550  991  1469  306
21  1  3  7  1331  897  1074  1200  341
21  1  3  7  648  457  504  1638  248
16  0  0  1  359  138  427  2216  295
23  0  3  7  1126  539  1157  1149  336
17  3  2  4  1980  2092  895  724  263
16  1  1  2  1089  670  981  1322  315
23  2  2  5  256  203  176  1719  331
14  0  0  0  1014  333  1148  1482  279
14  1  3  7  280  157  287  1947  326
14  0  1  2  300  82  336  2435  361
23  1  2  5  772  403  746  1291  304
15  0  0  0  1649  632  1849  1152  319
23  2  1  2  1681  1597  914  806  330
17  3  1  2  587  581  324  1488  293
17  2  1  2  549  500  332  1557  265
21  1  3  6  135  89  117  2621  342
21  1  3  7  1330  710  1274  1298  321
15  1  0  1  822  542  700  1520  233
22  2  1  2  645  536  482  1561  334
21  0  2  5  1787  741  1934  1012  328
23  2  3  7  410  311  297  1552  323
23  0  1  2  428  127  521  1951  280
15  1  3  6  2368  1410  2360  762  350
14  0  1  3  753  328  733  1563  336
21  1  2  5  270  162  232  2236  237
20  0  3  6  517  225  558  1763  206
16  0  1  2  584  170  722  1973  294
20  0  1  2  411  173  458  2304  198
21  1  1  2  815  492  756  1378  332
20  0  1  2  613  288  658  1958  301
22  1  2  4  224  122  203  2308  323
23  2  2  5  1150  954  747  925  328
23  3  1  2  1461  1659  620  813  336
14  0  2  5  683  251  762  1596  311
20  0  3  6  627  198  764  1662  332
23  0  0  1  164  78  166  2650  329
14  3  0  1  619  658  246  1463  308
22  2  1  2  462  389  337  1780  217
17  0  3  6  790  244  997  1727  359
14  0  2  5  1487  707  1502  1008  226
14  0  1  3  1367  517  1420  1197  332
16  3  3  6  646  644  326  1666  335
23  0  2  5  1177  348  1433  1147  272
20  0  0  0  683  207  837  1892  290
21  1  2  4  1049  597  946  1286  216
14  0  2  5  550  197  622  1764  232
20  2  3  7  476  342  334  1890  128
14  1  1  3  1222  726  1120  1117  255
16  1  2  5  632  390  531  1602  270
16  1  2  5  313  208  246  2005  214
20  1  3  6  660  462  523  1495  330
21  0  0  1  229  94  253  2094  323
15  0  3  6  159  63  200  2409  242
14  1  0  0  2336  1387  2169  712  333
14  1  2  5  884  658  736  1222  201
21  1  3  6  791  476  698  1718  287
23  3  3  7  675  797  243  1330  343
14  1  0  1  794  531  670  1432  317
16  2  3  6  785  594  524  1621  202
22  1  3  6  762  375  717  1552  294
21  1  2  4  206  125  194  2283  317
20  1  2  4  2411  1364  2313  821  226
16  2  2  5  126  86  84  2373  272
22  1  1  3  394  250  341  1993  268
22  0  3  7  1476  691  1529  1040  345
16  2  0  1  379  324  234  1951  307
15  3  1  2  679  654  355  1451  353
21  2  1  3  825  625  656  1585  343
20  2  3  7  523  389  360  1818  339
17  1  0  1  741  497  584  1730  356
17  2  2  4  730  640  447  1348  320
17  2  3  6  1300  1063  855  1239  251
21  0  3  7  1390  491  1623  1296  337
14  3  2  4  822  961  319  1288  347
17  1  0  0  278  156  247  2192  264
20  2  1  3  1200  1134  661  1225  210
22  0  0  1  1386  670  1427  1195  169
21  1  1  2  518  291  505  1695  339
21  0  2  4  526  250  515  1814  271
22  2  0  0  213  176  159  2382  316
17  0  3  6  1280  518  1484  1320  343
21  0  2  4  827  346  885  1625  247
20  2  1  2  775  600  516  1447  305
22  0  2  4  370  168  404  2164  320
17  3  1  2  861  1018  308  1248  340
16  2  3  6  460  413  241  1994  322
17  0  3  6  314  149  335  2284  236
20  0  3  7  1037  352  1244  1514  324
21  0  1  3  875  385  982  1669  312
23  1  0  0  336  171  337  1821  227
16  2  3  6  274  242  149  2240  273
22  3  2  5  715  728  298  1466  310
22  0  1  3  316  151  336  2034  306
15  1  2  5  920  596  859  1298  260
14  0  2  5  480  154  562  1827  257
23  1  2  5  446  254  414  1610  344
20  2  0  0  570  409  406  1666  321
20  0  1  2  933  420  1017  1619  360
16  3  2  4  192  210  64  2169  323
23  3  0  1  447  464  230  1513  301
21  1  1  3  150  91  129  2528  282
16  0  0  0  1564  596  1850  1122  284
22  2  1  3  542  462  396  1616  338
15  0  0  0  242  90  267  2468  212
21  0  1  2  1068  403  1275  1329  283
15  1  1  2  461  239  453  1895  276
23  2  3  6  318  268  196  2159  98
16  0  1  3  481  228  498  1929  310
16  2  1  3  398  338  242  1794  279
14  2  1  3  471  327  343  1618  232
21  2  3  7  225  184  155  2264  297
22  0  2  4  369  185  394  2125  232
17  3  3  6  697  791  255  1589  289
16  3  3  6  355  360  189  2033  254
22  3  3  6  274  303  112  1871  334
23  3  2  4  113  116  51  2060  348
14  3  1  3  187  208  64  1964  312
22  0  1  2  290  152  291  2133  382
15  2  3  6  561  430  424  1655  312
22  1  1  2  540  344  456  1714  272
15  3  3  7  383  442  159  1786  308
17  2  0  0  1737  1492  1032  930  322
23  3  2  5  1673  1736  847  735  296
22  2  0  0  338  266  227  1739  264
16  1  0  0  381  227  367  2006  328
22  1  1  3  574  368  481  1645  205
20  1  2  4  396  228  365  1983  287
16  2  2  4  1058  900  559  1244  213
20  0  3  7  363  137  409  2189  271
22  1  0  1  517  339  446  1649  299
16  3  2  5  395  418  148  1843  346
21  0  1  3  1691  764  1878  1124  239
22  2  0  0  965  872  657  1399  305
14  3  2  4  371  432  151  1756  344
20  2  2  5  735  598  498  1343  323
21  0  2  4  1196  548  1232  1322  319
15  0  0  1  1427  455  1710  1283  359
14  1  3  6  608  408  554  1749  209
14  1  3  6  497  279  506  1941  181
16  0  1  2  662  273  725  1782  322
21  2  3  6  1696  1400  1171  1033  268
15  2  2  4  280  232  176  1889  360
22  1  2  4  399  249  347  2002  364
16  0  0  0  252  99  295  2409  260
15  1  3  7  147  100  135  2380  321
20  0  2  4  936  438  1006  1491  262
22  1  1  2  619  425  488  1591  329
20  2  3  7  975  868  523  1371  125
15  0  3  6  1672  822  1839  1026  247
20  0  3  7  705  252  831  1730  312
20  1  1  3  312  173  303  2238  339
14  0  3  6  557  240  606  2057  331
23  2  2  4  430  365  271  1584  286
17  2  0  1  765  580  531  1714  238
15  1  3  6  854  640  709  1377  296
16  1  1  3  131  79  116  2410  340
15  2  0  0  2581  2058  1664  731  309
20  1  3  6  769  473  665  1390  248
22  3  3  6  855  979  312  1232  344
15  0  1  2  1702  764  1817  1028  245
20  2  3  6  624  441  464  1521  297
22  0  3  7  1636  598  1874  1072  275
16  0  3  7  300  98  352  2418  271
22  0  0  0  846  412  901  1662  310
23  3  0  0  962  1173  337  1018  176
22  2  0  0  330  306  218  2030  255
20  1  1  3  763  425  736  1663  336
21  2  0  0  935  731  699  1266  320
15  0  3  6  109  62  115  2395  369
17  2  1  3  1014  807  737  1249  345
21  0  0  1  1805  762  2012  946  222
21  2  0  0  365  321  230  1772  288
23  3  1  3  390  467  135  1616  263
22  1  1  2  88  57  72  2518  355
16  2  3  7  1190  890  808  1222  269
20  0  2  5  1102  446  1250  1258  311
22  1  3  7  1267  767  1035  1116  242
23  1  1  2  2621  1394  2559  710  129
15  2  0  1  1127  838  787  1266  335
23  1  2  5  1280  755  1140  967  309
21  2  3  6  178  169  98  2446  159
17  0  1  3  226  105  255  2260  302
23  0  3  7  1728  513  2122  920  261
23  3  2  4  411  442  193  1591  252
23  0  1  3  586  169  717  1792  329
22  1  2  5  597  370  507  1879  218
22  2  0  0  476  377  374  1943  328
21  1  3  7  429  305  325  1979  331
17  1  0  0  375  255  289  1998  227
21  2  1  3  371  284  295  2086  293
17  1  2  4  260  177  203  1859  249
23  0  1  3  1365  462  1608  1120  308
23  3  2  4  419  501  141  1662  189
15  0  1  3  391  121  472  2190  337
23  1  0  1  768  542  600  1396  295
21  3  1  3  345  333  183  2093  288
14  0  1  3  547  254  515  1732  236
17  1  0  0  648  397  548  1665  362
16  2  2  5  418  274  300  1935  269
17  3  1  3  1175  1392  424  1070  300
21  2  0  0  986  838  666  1199  230
21  2  1  3  349  272  270  2050  235
23  3  1  3  499  574  210  1424  339
23  0  3  7  1939  581  2365  862  325
15  3  3  6  381  452  149  1705  251
17  0  1  3  835  417  921  1401  303
21  0  3  7  1314  502  1494  1326  341
17  0  1  3  1008  517  1101  1312  331
14  0  1  3  771  275  815  1646  288
15  3  2  5  240  242  128  1857  328
22  1  0  1  137  97  112  2226  310
15  0  3  6  435  219  470  1889  199
15  0  3  7  644  255  775  1718  321
16  1  3  6  393  235  350  2173  268
23  3  1  3  285  347  103  1763  359
20  0  3  7  255  109  283  2427  218
15  0  0  0  504  249  503  2126  328
20  0  1  3  1408  678  1491  1247  322
15  2  1  3  699  617  382  1484  288
15  0  0  0  1419  584  1567  1278  284
20  0  1  3  223  82  264  2649  210
22  1  2  4  403  224  372  2080  330
22  1  0  0  1842  1069  1674  1099  324
22  0  3  6  662  317  672  1675  330
16  1  0  1  190  122  176  2306  222
20  1  0  1  1167  666  1074  1327  212
21  0  1  2  207  56  279  2332  236
16  3  1  2  186  199  81  2196  292
22  1  1  3  155  90  138  2285  263
16  0  2  5  631  180  755  1855  344
21  0  2  4  498  171  574  2037  296
15  1  2  4  2101  1365  1948  754  347
16  2  1  3  445  369  282  1768  305
22  2  0  1  423  366  309  1734  326
15  0  1  2  769  223  953  1698  318
15  1  0  1  117  67  105  2524  300
23  3  2  5  889  887  482  1072  327
16  3  1  3  140  153  61  2306  237
14  3  1  3  376  426  138  1669  310
16  0  2  4  153  60  159  2490  173
17  0  1  2  1097  480  1077  1369  301
22  1  3  7  1047  685  970  1337  178
20  1  0  1  248  131  236  2420  307
23  0  3  7  893  325  1035  1327  283
23  1  1  2  139  74  129  2171  210
22  3  2  5  304  318  162  2038  280
14  1  1  2  374  203  360  1948  335
16  3  0  0  1124  1166  577  1122  289
23  0  1  3  376  179  380  1861  309
14  0  1  2  830  266  916  1670  225
17  1  0  1  925  483  871  1579  284
20  2  2  4  784  668  480  1433  158
16  1  1  2  734  471  647  1528  303
17  3  2  4  639  638  325  1390  184
20  0  2  4  279  129  303  2277  278
16  2  2  5  215  191  102  2143  211
23  0  2  5  176  60  204  2083  235
20  0  1  2  1249  418  1518  1482  367
15  1  0  1  426  289  350  1977  249
22  2  0  1  2675  2269  1977  671  349
17  0  3  6  1248  506  1488  1220  235
20  2  3  6  181  156  100  2058  129
15  2  1  3  120  91  77  2342  207
22  2  0  0  478  421  335  1959  214
21  2  1  2  247  231  137  2045  350
23  0  0  1  1211  585  1261  1219  333
17  1  3  6  936  565  817  1483  359
20  1  3  7  642  372  583  1717  342
20  2  2  4  753  625  477  1490  209
22  0  3  7  106  39  118  2391  277
17  2  1  3  948  820  617  1255  244
15  1  1  3  356  223  313  2040  298
16  3  1  2  406  423  193  1815  217
22  2  0  1  322  287  222  1857  329
17  2  1  2  998  871  645  1165  262
21  0  2  4  255  86  301  2325  310
23  3  1  3  1020  1197  391  1032  292
14  1  2  4  413  262  381  1827  256
14  0  0  1  795  298  852  1685  315
17  3  1  2  233  268  85  1971  322
22  2  1  3  388  333  278  1789  320
16  3  1  3  1018  1028  524  1195  356
15  0  0  0  1563  620  1747  1183  189
14  1  0  1  594  425  470  1595  308
15  0  1  2  627  180  785  1865  358
21  0  1  3  1368  414  1756  1396  327
16  0  1  2  433  167  488  2104  292
23  2  2  4  362  272  264  1747  233
17  0  2  4  423  153  510  1806  138
22  0  1  3  794  399  825  1475  361
20  1  1  2  719  460  636  1696  172
22  0  0  0  1336  710  1369  1258  328
15  2  0  0  570  491  336  1720  165
20  2  2  5  397  307  282  1759  344
16  3  1  2  446  511  173  1798  329
23  3  3  7  534  595  226  1457  326
22  1  3  6  881  468  783  1449  290
21  0  2  4  994  306  1315  1404  304
17  1  0  1  768  439  678  1738  309
23  0  2  4  1217  413  1423  1216  278
14  0  0  1  2055  657  2344  1054  341
21  2  1  2  165  137  112  2144  239
14  1  3  6  1294  909  1141  1215  325
23  3  0  0  455  456  262  1410  376
15  3  3  7  999  1153  436  1206  209
17  1  3  6  454  240  435  2051  261
16  3  1  2  352  357  179  1899  340
21  3  3  6  659  666  315  1713  239
16  0  1  3  244  119  249  2243  206
20  2  1  2  1248  1173  684  1226  309
21  2  2  4  642  485  474  1558  182
17  2  2  4  370  315  228  1704  255
14  1  0  0  1329  887  1136  1086  385
22  1  3  6  492  324  373  1780  166
23  1  2  4  321  163  310  1919  288
20  2  1  2  1375  1162  887  1167  336
15  2  3  6  87  59  70  2397  147
21  1  1  2  291  177  267  2063  341
20  0  3  6  196  51  249  2272  217
15  1  2  4  380  240  362  1815  169
20  0  2  5  493  225  533  1835  328
20  1  3  6  389  235  339  1823  331
22  1  2  5  248  170  186  2309  301
16  3  3  7  881  925  393  1343  259
23  2  1  2  1024  905  623  1082  340
16  3  0  0  1145  1223  549  1143  281
16  1  1  2  1645  1158  1343  987  355
21  0  1  2  392  146  481  2032  272
16  0  3  7  914  378  976  1547  236
22  2  3  7  335  294  179  1992  234
21  1  0  1  1281  736  1196  1056  332
15  1  0  1  757  396  746  1623  341
16  0  2  5  872  320  958  1589  259
22  1  2  4  576  294  560  1826  327
22  1  3  7  96  53  81  2258  213
16  3  2  5  237  229  114  2076  194
21  2  1  2  293  266  185  1935  217
21  2  1  2  531  396  433  1688  340
23  2  1  3  283  241  177  1824  278
21  0  3  6  82  19  102  3042  312
16  2  3  6  1238  938  830  1259  303
20  1  3  7  948  632  779  1410  298
15  0  2  5  1257  503  1526  1179  342
16  0  2  5  164  55  184  2513  207
23  0  1  3  278  85  337  2182  338
20  0  0  1  1130  329  1405  1526  262
20  1  1  2  275  155  261  2403  243
23  1  3  6  739  383  726  1498  319
21  0  0  1  1348  414  1679  1202  364
15  1  2  4  898  459  979  1366  313
21  3  0  1  501  571  171  1649  202
22  2  1  3  355  310  250  1815  246
15  2  1  2  937  732  629  1325  361
22  0  3  6  2204  1057  2249  857  215
21  1  1  2  1110  657  1038  1209  338
15  1  0  0  90  60  78  2452  295
21  2  3  7  1261  1206  700  1195  349
14  2  3  7  263  217  169  1925  304
21  0  1  2  1143  543  1239  1229  285
17  0  3  6  223  81  267  2499  315
21  2  2  5  554  411  421  1728  206
16  2  2  4  685  466  485  1565  285
17  2  1  2  146  120  104  2129  329
15  2  1  2  227  204  121  2087  208
23  3  2  4  161  154  86  1930  302
20  2  0  0  1409  1092  926  1114  290
16  1  1  3  137  87  117  2358  300
23  0  1  2  1231  505  1352  1165  336
21  0  2  5  365  139  409  1975  324
16  2  2  5  221  192  108  2163  128
22  0  2  4  1083  445  1160  1445  249
23  0  1  3  1283  496  1447  1184  312
22  3  3  7  1206  1253  586  1011  340
21  1  1  3  496  290  476  2078  363
16  2  1  3  559  448  365  1669  225
21  0  3  7  433  205  490  1980  292
14  2  3  6  430  320  315  1959  383
20  1  3  7  1611  845  1575  1103  333
16  2  1  2  413  318  286  1907  280
20  2  2  5  395  380  215  1781  350
20  0  3  7  482  185  537  1954  366
21  0  3  7  186  78  197  2488  387
14  1  2  5  385  214  389  1764  309
15  0  0  0  1708  675  1902  1126  272
22  1  0  1  232  140  204  2104  277
20  1  0  0  1366  863  1167  1163  330
21  1  1  2  350  185  367  1926  292
14  0  0  0  467  186  493  1877  327
16  3  0  0  592  657  258  1578  211
16  3  0  0  412  436  199  1801  332
14  1  0  1  2209  1279  2089  799  261
14  0  0  0  1504  706  1465  1060  344
20  2  1  3  2230  2099  1230  831  351
15  3  3  6  302  342  127  1816  307
21  0  1  3  94  35  107  2722  288
21  1  0  1  217  126  200  2321  270
16  2  1  3  909  677  647  1378  248
14  1  2  4  502  352  439  1847  231
22  1  2  4  245  164  199  2235  309
21  0  0  1  830  273  1016  1501  340
20  1  1  2  268  181  229  2331  310
20  1  1  2  374  206  356  2233  308
20  2  3  6  1343  983  952  1044  349
22  2  0  0  153  128  111  2488  242
15  0  3  6  925  426  1046  1403  233
14  1  3  6  290  177  279  2237  329
15  1  3  6  137  106  108  2259  225
17  2  0  1  536  413  370  1931  354
20  1  2  4  1212  855  988  1144  233
22  0  1  2  342  110  430  2185  318
16  2  3  7  997  886  536  1259  187
21  3  2  4  501  555  179  1712  333
14  0  2  5  321  124  350  2083  231
23  1  3  7  442  230  427  1672  237
16  0  1  2  1026  437  1104  1416  203
17  3  2  4  1162  1253  501  1019  260
14  2  2  5  270  197  197  1877  258
20  1  2  5  827  538  719  1393  178
21  0  0  0  512  162  633  1811  328
16  3  2  4  1531  1718  479  992  290
21  1  1  3  564  384  473  1859  284
16  1  2  4  465  316  360  1834  328
23  0  2  5  990  370  1116  1287  314
23  3  2  5  1546  1729  649  759  244
20  1  0  1  215  117  193  2466  309
20  2  3  7  229  190  139  2263  325
22  0  1  2  67  20  88  2431  334
15  1  1  2  1730  989  1631  977  368
20  1  0  0  580  346  523  1890  319
22  1  0  0  436  303  351  2077  307
22  1  1  2  908  555  781  1472  363
21  1  0  0  518  350  427  1706  342
14  2  2  5  215  177  146  1905  335
15  0  1  3  407  118  482  2174  355
23  3  0  0  220  221  126  1716  321
14  3  3  6  1043  1208  371  1230  251
21  3  2  5  259  265  127  1826  174
17  3  1  2  303  344  123  1833  316
16  1  0  1  260  190  214  2202  216
20  1  3  6  1159  618  1127  1182  263
22  1  2  4  1722  1235  1293  985  178
16  0  0  0  381  131  460  2228  337
20  0  0  1  253  96  286  2607  262
21  0  2  5  1436  476  1684  1247  323
15  1  1  2  842  530  741  1443  313
20  1  1  2  304  186  277  2272  303
15  2  0  1  234  208  125  2170  265
17  0  2  4  180  80  207  2171  308
20  2  3  6  294  219  206  1907  335
22  1  0  1  754  543  575  1433  277
22  0  2  4  1067  448  1219  1479  208
23  2  3  6  190  150  119  2080  332
16  0  0  1  1528  550  1845  1187  353
17  1  0  1  546  314  484  1963  240
16  1  2  4  916  466  873  1448  334
20  2  3  6  289  224  203  1936  119
22  2  0  0  1228  1168  782  1194  284
21  3  0  1  913  1057  300  1291  332
21  2  0  0  608  533  391  1554  278
17  2  1  3  523  454  346  1648  293
22  3  2  5  475  528  217  1759  333
22  0  2  5  687  275  803  1895  276
20  2  1  2  1181  930  789  1202  319
23  0  1  2  200  86  220  2224  318
17  2  2  4  636  579  357  1435  325
23  3  0  1  359  362  201  1682  165
15  2  0  0  736  551  514  1566  208
20  2  0  1  779  616  499  1562  270
20  0  2  4  433  218  454  2052  290
20  2  0  0  765  570  526  1570  326
22  1  1  3  1109  689  951  1230  341
15  1  3  6  781  453  781  1438  221
17  1  1  3  523  281  519  1785  342
17  3  1  3  154  160  78  2154  346
22  1  0  1  1672  1103  1382  964  323
14  1  2  4  622  418  556  1655  254
14  0  1  2  535  174  595  1991  315
16  2  1  2  342  301  196  2020  224
16  2  1  3  858  780  472  1356  294
23  0  2  5  240  112  246  1945  216
15  2  1  2  1203  1046  686  1121  272
23  1  2  5  301  152  293  1796  339
21  0  0  0  703  271  815  1578  278
21  1  2  5  818  405  809  1596  206
14  1  1  3  185  118  153  2161  311
21  2  1  3  243  202  174  2281  283
16  2  0  1  216  161  157  2118  193
21  1  1  2  783  482  716  1442  385
20  2  2  4  597  429  459  1690  330
21  0  2  4  927  370  1045  1455  302
16  3  3  7  1305  1340  615  1057  276
23  1  1  2  1310  787  1211  1119  221
15  0  2  4  394  135  496  2045  277
15  2  3  6  257  235  158  1966  332
20  2  3  6  119  102  69  2212  328
17  2  1  2  359  270  279  1817  309
20  0  1  2  539  269  558  2055  273
17  0  2  4  1028  458  1157  1214  332
21  3  1  2  132  127  63  2238  239
21  0  2  5  1464  712  1466  1167  254
20  2  2  4  845  721  519  1410  324
15  3  2  4  281  303  128  1771  185
16  2  0  1  121  99  75  2379  338
20  1  0  1  1350  703  1317  1272  311
14  3  2  4  679  809  246  1394  152
22  3  1  3  656  820  255  1349  284
22  2  1  3  830  688  627  1335  255
20  0  2  4  805  371  875  1598  330
16  0  3  6  640  319  625  1874  297
22  1  0  0  443  276  397  2055  359
14  3  0  0  213  234  83  1937  213
21  1  2  4  298  151  279  2088  273
17  1  1  2  526  344  463  1647  239
15  1  1  3  871  459  858  1463  285
21  0  3  6  578  284  591  1976  329
23  0  1  3  319  162  316  1950  206
21  0  3  7  939  480  929  1574  273
22  0  3  7  946  465  965  1333  370
23  0  1  3  1088  329  1327  1338  316
14  1  0  1  571  309  561  1705  344
15  1  0  1  875  513  805  1552  348
20  1  1  2  334  247  261  2156  396
17  2  2  4  202  147  148  2003  202
14  1  0  1  614  402  525  1599  246
17  1  1  3  380  263  310  1882  343
20  0  3  6  364  174  378  1872  231
16  3  3  7  264  298  94  2094  334
22  1  2  4  524  308  464  1815  251
15  1  1  3  220  149  181  2247  301
22  0  0  1  854  259  1059  1706  227
21  2  0  1  250  199  190  1919  234
17  1  2  4  683  361  660  1487  300
17  2  1  2  214  181  141  2047  272
21  2  1  3  851  654  667  1544  205
20  1  1  2  446  310  366  1989  283
20  0  3  7  1043  487  1098  1438  315
16  0  0  1  525  169  650  2064  349
16  0  2  5  1114  409  1225  1353  336
15  0  1  2  384  120  474  2185  346
16  1  2  4  504  261  483  1834  349
15  0  1  3  438  158  509  2082  301
20  0  0  1  2007  814  2231  1054  218
20  0  1  3  599  257  669  1955  306
21  3  0  1  1724  2010  651  916  326
21  1  1  3  983  649  851  1478  289
21  0  0  0  922  360  1052  1399  310
23  2  1  3  530  453  342  1471  210
16  3  3  6  862  992  303  1480  239
20  1  3  7  139  83  119  2500  305
16  2  1  2  2642  2011  1837  731  301
16  1  2  4  340  196  297  2010  357
21  1  3  7  1285  746  1165  1279  354
16  0  2  5  807  307  874  1593  299
14  1  2  4  404  281  355  1874  180
21  2  3  6  430  356  296  2029  208
23  3  0  0  382  449  160  1469  295
16  2  0  0  1024  827  701  1248  199
15  1  2  5  502  339  449  1711  415
22  3  2  5  280  306  133  2027  228
15  1  2  5  570  368  528  1639  229
23  0  1  3  702  296  766  1558  300
20  2  0  1  1281  1055  770  1211  308
16  2  1  2  632  591  327  1616  288
23  0  1  3  374  162  396  1862  242
17  2  1  2  112  103  63  2190  334
17  0  0  0  947  322  1142  1443  327
23  0  0  1  971  478  1010  1351  327
14  0  0  1  419  182  429  1992  347
20  1  1  2  914  482  912  1591  343
21  1  1  2  772  387  806  1509  321
16  2  2  4  684  473  472  1566  324
16  2  0  0  176  128  130  2263  270
22  1  0  0  1212  828  974  1354  215
17  2  2  4  1357  1001  1011  971  267
23  0  3  7  1518  743  1535  935  231
23  3  2  4  633  751  227  1439  358
21  0  3  6  185  82  192  2601  308
21  3  0  0  644  636  322  1547  244
16  0  0  1  192  85  214  2428  307
16  0  3  6  414  203  409  2180  325
22  2  1  2  434  400  283  1741  269
23  0  1  3  935  323  1104  1413  362
23  3  1  3  1365  1686  456  947  193
17  1  2  4  418  283  331  1706  278
20  2  3  6  1626  1161  1210  907  350
23  3  1  2  662  787  249  1280  348
14  0  2  5  2242  827  2497  846  357
14  1  3  6  2411  1380  2449  790  320
15  2  0  1  447  379  270  1834  193
14  1  0  0  608  327  596  1619  198
20  1  1  2  627  396  558  1802  325
20  0  2  4  1281  444  1553  1297  334
17  1  1  2  490  331  416  1731  294
22  0  0  0  706  367  732  1836  337
21  3  1  3  1310  1286  682  1208  252
17  2  1  3  142  116  102  2209  349
15  1  1  3  470  307  395  1824  272
15  2  3  6  2201  2100  1234  731  364
20  2  0  1  1385  1032  957  1165  358
16  0  1  2  90  43  92  2643  238
21  0  2  4  501  165  593  2002  341
14  0  3  7  510  191  589  1909  289
15  1  2  5  737  381  789  1529  284
22  3  3  7  291  343  105  1769  201
22  3  3  7  500  534  225  1543  320
23  2  2  5  328  284  203  1581  310
16  3  0  1  646  656  345  1544  248
17  0  1  3  1475  682  1694  1071  356
21  2  1  2  788  605  616  1369  350
15  1  1  3  1579  1088  1295  1029  135
20  2  3  7  154  116  99  2470  312
23  1  0  1  684  380  688  1716  361
15  2  0  1  713  534  492  1587  194
23  2  1  3  304  240  207  1843  213
15  0  2  4  922  368  1103  1427  334
16  0  0  0  410  173  446  2018  338
21  3  2  5  814  761  412  1380  272
16  2  2  4  277  204  182  2090  241
17  0  0  0  998  498  1027  1371  330
15  2  2  5  976  873  583  1182  297
20  0  3  6  1293  478  1507  1194  236
22  0  2  4  173  74  190  2550  301
17  2  1  2  714  681  407  1417  101
17  3  0  1  425  405  224  1968  340
20  1  2  5  299  201  254  1878  277
17  1  0  0  900  475  839  1458  256
17  1  1  3  637  433  539  1570  268
23  1  0  0  1326  756  1270  1020  186
22  1  1  2  566  309  529  1807  338
22  1  2  4  1511  838  1403  1134  342
23  1  3  7  737  512  581  1281  268
20  0  0  0  1495  472  1814  1273  369
22  0  3  6  803  271  942  1610  343
16  0  0  1  280  89  351  2408  354
22  0  2  4  313  161  331  2258  246
23  2  2  4  376  275  280  1727  190
15  1  0  1  728  517  575  1558  326
16  1  3  7  1420  991  1102  1036  366
20  1  3  6  296  216  225  1970  180
15  1  0  1  1685  888  1665  1039  167
16  0  0  1  578  237  664  1861  169
15  2  0  1  171  136  106  2300  327
23  0  0  1  420  121  530  2043  270
22  1  0  1  476  331  378  1795  395
15  0  1  2  188  53  238  2457  287
15  2  3  6  519  454  339  1641  337
23  2  2  4  381  309  258  1738  381
15  1  3  6  1062  594  1095  1255  358
15  1  2  4  186  117  170  2138  319
16  3  0  0  2236  2222  1248  723  370
15  2  1  2  641  483  442  1577  311
17  0  0  0  854  263  1059  1564  176
15  0  1  2  1515  424  1895  1199  311
22  1  2  4  298  211  226  2118  192
14  1  0  0  728  437  667  1489  288
21  0  3  6  1574  535  1856  1259  350
17  0  2  4  491  259  541  1595  215
17  2  0  1  765  573  538  1642  349
15  1  2  5  1114  768  988  1143  210
23  1  3  7  481  246  473  1652  209
21  1  1  3  250  168  214  2392  307
22  2  0  1  624  551  439  1524  242
14  2  3  6  627  496  425  1711  154
15  1  3  6  212  151  182  2158  242
21  0  0  1  601  322  611  1596  272
16  2  3  7  642  581  334  1602  208
16  2  1  2  879  648  618  1369  359
21  0  2  5  305  89  374  2384  321
15  0  0  0  1110  529  1134  1382  259
15  2  2  5  192  151  138  2068  322
21  2  0  1  77  79  42  2251  318
14  3  2  4  329  389  127  1822  225
21  3  0  0  1319  1399  573  1104  233
23  0  1  3  180  58  216  2647  356
23  2  0  1  1562  1360  997  843  352
21  0  2  5  896  281  1068  1619  342
16  1  0  1  127  63  132  2477  317
20  2  1  3  242  185  169  2220  373
21  3  1  3  1227  1268  644  925  272
23  1  0  1  651  333  661  1622  321
14  3  2  4  904  1083  331  1232  334
14  1  2  4  187  141  157  2288  367
14  1  3  6  1302  737  1338  1268  345
21  2  0  1  611  480  449  1477  238
21  2  1  3  269  205  214  2319  241
20  1  0  0  170  98  149  2405  198
16  1  3  6  989  527  947  1536  347
17  0  0  1  915  292  1118  1703  307
20  2  0  0  682  517  466  1596  290
16  1  0  1  286  154  301  2191  270
23  1  1  2  267  155  247  1982  245
21  2  2  5  467  351  351  1815  196
15  0  2  5  190  79  223  2302  212
20  2  2  5  178  172  99  2130  333
17  2  2  4  581  475  384  1486  222
21  3  1  3  131  143  50  2510  227
14  3  0  1  1284  1281  615  1016  271
21  3  1  2  641  635  346  1520  248
17  0  2  4  180  96  187  2162  309
17  1  3  6  1396  911  1162  1165  203
20  2  0  0  984  766  648  1364  354
21  0  2  5  1586  746  1619  1044  331
16  1  1  2  455  302  389  1874  232
23  2  0  1  1058  885  688  1289  354
23  0  0  0  89  32  103  2311  320
15  0  0  0  724  353  733  1704  331
22  2  2  4  1455  1149  1116  1032  337
16  1  2  5  437  243  451  1806  347
20  0  1  2  266  86  300  2390  202
21  2  3  6  1539  1184  1154  1150  326
17  3  2  4  507  557  204  1441  293
20  1  3  7  1828  988  1748  987  363
21  3  2  4  318  298  165  1991  315
20  2  0  1  1857  1627  1026  933  368
22  0  0  1  392  177  435  1963  351
20  1  2  5  553  313  538  1683  337
22  0  1  2  528  215  596  1954  160
21  0  0  1  1231  469  1425  1226  139
16  1  0  1  126  70  122  2475  315
21  1  1  3  309  196  272  2191  384
20  2  2  5  1094  861  752  1150  337
20  0  1  2  795  246  980  1845  314
20  1  3  7  656  443  533  1614  240
23  3  0  1  931  1114  351  1089  297
22  1  3  6  445  212  414  1918  245
15  0  1  2  569  218  639  1904  303
16  2  2  4  592  423  395  1683  330
23  0  3  7  434  133  544  1787  280
17  1  1  3  805  571  651  1429  351
23  1  2  5  130  70  122  2036  235
21  0  2  4  676  257  760  1784  338
21  1  1  2  627  400  554  1604  350
20  0  1  3  314  119  359  2430  354
16  0  2  4  729  310  755  1620  345
20  1  1  2  208  116  196  2161  269
15  1  2  4  140  69  150  2256  288
21  2  1  3  1340  1249  797  1158  378
20  0  3  6  246  79  294  2185  294
16  1  0  1  1023  679  914  1300  350
16  0  2  5  1759  498  2098  1088  270
16  2  3  7  360  303  211  1928  290
15  0  1  3  1156  528  1222  1285  296
23  0  1  2  289  120  324  2067  312
15  0  2  5  1048  329  1354  1349  348
16  0  3  6  691  300  720  1917  225
14  1  2  5  1702  983  1686  880  315
22  0  0  0  1176  470  1363  1528  341
23  0  2  4  591  264  613  1611  278
20  0  2  4  1309  644  1371  1261  301
16  3  2  4  261  281  88  2023  295
23  0  0  1  858  350  973  1474  301
22  2  3  6  2659  2037  1950  678  350
16  0  3  6  832  422  805  1691  330
22  3  0  1  360  458  132  1698  289
14  0  3  7  468  216  489  1846  349
20  1  1  2  1122  727  985  1292  283
15  0  1  2  821  287  967  1623  192
15  2  1  3  163  120  117  2309  306
16  2  3  7  309  253  182  1971  285
20  0  3  7  323  105  389  2318  233
23  2  2  4  928  748  628  1194  362
21  1  0  1  131  94  95  2121  344
15  3  2  4  671  674  372  1357  292
22  3  2  5  423  494  178  1800  283
14  1  2  5  907  579  852  1224  219
16  3  2  5  151  145  64  2257  274
15  1  0  1  440  300  365  2018  341
14  0  3  6  1717  855  1732  1080  319
17  2  0  0  446  382  269  1836  201
22  2  1  2  1270  1097  908  1077  266
16  1  2  5  464  310  362  1800  210
14  2  2  5  999  830  659  1131  304
20  0  3  7  402  175  431  2140  211
16  0  0  0  534  213  618  1866  249
16  3  1  2  526  525  271  1676  266
23  2  1  3  189  173  109  1931  328
22  0  0  0  1815  723  2107  1229  345
23  1  0  1  531  273  537  1703  191
20  1  2  5  907  465  915  1326  358
22  0  0  1  899  395  1024  1327  241
23  0  2  5  1230  407  1446  1119  357
20  0  2  5  689  261  799  1619  295
17  3  1  3  299  316  143  1898  359
23  0  3  7  257  75  317  2066  282
15  2  3  6  936  794  626  1293  327
21  0  3  6  336  163  344  2364  321
16  0  0  1  574  181  718  1934  332
14  1  2  5  763  568  634  1323  356
23  1  1  2  420  259  371  1690  386
17  1  0  1  1393  912  1113  1205  367
16  0  1  3  1394  609  1490  1197  319
20  0  2  5  863  387  949  1443  324
14  1  1  3  622  446  501  1550  327
16  3  2  4  293  275  144  1975  345
16  2  3  6  1397  1180  813  1181  351
15  2  2  4  1067  815  788  1162  311
15  1  2  5  276  166  271  2016  207
23  1  2  4  109  59  108  2265  323
21  1  3  6  2274  1712  1725  870  359
14  0  0  1  834  244  977  1702  342
20  0  3  7  1269  384  1570  1342  313
20  1  2  5  922  485  928  1396  306
17  2  1  2  1864  1496  1341  844  348
17  0  1  3  1147  541  1302  1232  347
21  0  0  1  249  105  260  2078  321
22  1  2  5  286  188  229  2242  225
21  1  0  1  326  217  272  1863  369
21  1  0  1  1119  765  909  1112  187
21  3  3  6  283  302  118  2270  318
21  1  0  1  183  128  142  2091  220
17  0  1  2  1036  553  1101  1264  234
20  0  0  0  592  253  653  1903  194
15  1  0  1  859  621  669  1405  255
16  3  2  4  192  198  72  2176  347
15  2  2  4  265  219  172  1922  320
22  1  3  6  157  91  136  2302  218
16  0  2  5  1280  411  1474  1284  347
15  0  0  0  1488  511  1743  1247  348
17  3  1  2  537  568  266  1576  332
21  1  0  1  490  265  471  1685  318
23  1  0  1  783  459  730  1447  267
20  0  2  5  884  302  1069  1445  246
17  1  0  0  310  158  294  2168  202
17  0  1  2  776  337  911  1473  319
21  0  3  7  280  107  313  2397  136
23  1  2  4  617  306  612  1581  317
20  2  2  4  625  476  444  1672  352
16  0  2  5  797  329  837  1576  351
20  2  0  1  337  306  171  2033  263
16  1  3  6  680  374  631  1746  324
21  1  2  5  539  311  475  1895  197
16  0  2  4  733  214  867  1768  334
16  1  1  3  553  317  526  1782  354
23  0  1  3  1100  437  1120  1322  374
15  0  0  1  1176  538  1228  1369  318
20  2  2  4  478  373  332  1787  219
14  0  0  1  1629  746  1600  1050  346
21  2  1  2  361  267  290  1838  372
22  0  3  6  273  115  296  2299  226
14  3  0  0  1196  1179  587  1026  281
21  3  1  2  377  385  159  1725  407
20  1  3  6  1638  1186  1252  906  339
15  1  3  7  415  315  341  1857  352
23  0  2  5  1125  499  1177  1119  386
15  2  0  1  211  161  140  2254  210
22  2  3  6  862  627  666  1376  317
21  1  1  2  303  166  301  2016  232
20  2  0  1  1226  961  795  1207  203
20  1  2  5  136  101  112  2246  326
21  1  3  6  1272  897  991  1274  341
21  2  2  4  559  520  299  1725  178
17  1  3  7  1129  680  1137  1268  187
14  1  2  5  500  334  453  1598  298
21  0  0  1  1071  400  1252  1306  242
16  1  3  6  1119  585  1086  1428  251
17  2  2  4  947  729  676  1204  348
17  3  0  1  636  631  308  1731  335
23  2  3  7  564  420  419  1379  300
14  3  2  4  1147  1341  443  1062  371
17  2  3  6  287  235  188  2164  159
21  0  1  3  611  195  780  2000  345
20  0  0  1  663  232  779  1992  314
15  2  1  3  439  314  319  1815  229
16  3  1  3  276  276  144  1975  293
14  0  0  0  1862  754  1950  978  345
22  1  3  6  312  206  228  1972  308
21  0  0  1  1198  387  1472  1265  356
22  0  2  5  2632  1098  3018  861  361
17  1  0  1  551  276  527  1956  320
15  1  0  1  702  364  696  1699  293
21  1  1  2  366  183  385  1939  347
21  3  0  1  95  97  44  2606  296
16  2  0  0  556  435  383  1735  317
21  2  2  4  962  711  724  1312  370
22  2  0  1  474  417  286  1774  343
21  0  1  2  1750  733  2014  955  376
15  0  3  6  719  327  822  1561  104
22  1  2  5  155  99  126  2381  315
20  0  2  4  160  58  172  2385  355
21  2  1  2  1349  1220  834  1001  333
20  1  2  5  669  375  651  1545  351
14  1  2  4  538  421  437  1706  311
21  0  3  7  386  197  387  2112  305
15  1  0  0  204  144  164  2394  304
14  3  2  4  441  509  181  1695  339
17  1  0  1  536  328  450  1894  323
15  1  3  6  506  389  419  1749  302
21  0  3  7  338  118  394  2127  164
22  1  0  0  241  214  152  2289  338
20  0  3  7  220  70  262  2554  337
16  0  3  7  842  311  935  1620  344
21  0  1  2  701  216  885  1683  378
15  0  1  2  595  183  729  1874  297
16  2  0  0  547  498  311  1663  305
23  2  0  1  304  266  191  1816  370
21  1  0  0  560  391  441  1651  250
17  2  0  1  817  693  490  1572  353
22  0  1  2  803  360  877  1545  193
15  2  3  7  703  612  456  1507  332
21  3  1  3  451  501  191  1915  177
22  3  3  7  276  294  120  1800  329
21  1  0  1  914  549  828  1281  337
23  2  2  4  491  441  283  1530  250
22  0  3  6  572  234  629  1763  332
22  1  3  6  1817  954  1760  1047  292
21  2  0  1  233  178  183  1964  346
23  0  1  3  545  225  596  1684  311
23  0  2  4  2024  748  2297  913  179
20  2  2  5  1221  1035  757  1077  346
23  2  3  7  937  766  629  1108  200
21  2  0  0  100  80  64  2279  273
16  1  1  2  1702  929  1658  1031  337
17  0  1  2  419  154  527  1951  187
22  3  2  5  609  666  303  1600  284
20  2  2  4  357  311  206  1978  329
21  1  2  4  744  393  786  1458  324
16  3  3  6  152  162  66  2450  336
22  3  3  7  1113  1234  462  1036  305
21  3  1  3  850  910  357  1498  382
14  0  0  0  683  251  745  1793  312
20  1  3  7  2397  1305  2287  814  336
22  0  1  3  610  305  639  1729  278
23  3  2  4  375  367  201  1686  295
15  2  2  4  634  446  509  1511  336
21  2  2  5  374  286  285  1943  365
16  3  2  4  1103  1143  448  1153  180
20  2  0  1  279  244  157  2170  328
21  1  3  6  681  428  587  1745  378
22  1  0  1  589  424  458  1619  344
14  1  0  1  1264  876  1042  1065  369
17  2  0  0  1053  782  757  1316  307
21  2  1  3  582  457  440  1782  355
21  1  3  7  1419  785  1334  1189  158
14  1  2  4  589  330  593  1711  333
22  2  0  0  154  126  112  2450  227
17  3  0  1  636  730  210  1661  292
16  2  2  4  352  280  203  1934  227
21  0  3  7  1276  599  1426  1217  344
15  2  1  3  114  80  78  2435  242
17  0  1  3  708  338  798  1532  285
16  2  0  1  1026  789  730  1300  340
14  1  3  6  1142  690  1120  1289  351
21  0  0  1  114  58  111  2328  282
17  0  2  4  1730  786  1911  940  321
14  0  2  5  2478  914  2774  768  359
16  2  3  7  657  505  433  1598  333
17  0  2  4  932  317  1093  1550  320
23  2  1  2  287  244  190  1794  303
17  0  2  4  274  123  294  1972  295
16  0  0  0  604  252  693  1812  117
21  1  1  2  437  266  405  2264  336
14  0  0  0  599  271  598  1691  320
17  2  1  3  215  152  152  2019  244
17  1  0  0  136  99  102  2351  349
20  0  0  0  206  77  241  2607  347
20  2  3  7  721  602  433  1551  261
15  0  2  5  861  385  970  1428  272
22  0  1  3  901  426  960  1452  312
22  0  1  3  725  265  850  1645  319
22  0  2  5  1790  662  2146  1117  239
21  0  2  4  2495  1095  2633  824  314
15  1  2  5  542  385  467  1624  345
20  2  2  4  1477  1081  1097  1051  304
22  2  1  3  535  440  402  1563  356
15  1  3  7  433  320  366  1874  344
22  1  0  1  1948  1298  1600  863  334
22  0  3  7  1106  446  1221  1319  333
15  2  3  7  825  676  583  1419  359
16  3  1  3  577  594  288  1592  256
23  3  2  5  218  221  116  1737  275
15  1  1  3  892  642  716  1390  201
23  0  2  5  174  81  179  1984  310
23  0  3  7  208  78  229  2132  230
22  0  0  0  921  352  1078  1762  377
15  0  3  6  605  248  716  1676  362
23  0  1  2  748  335  790  1479  328
16  0  3  7  381  181  383  2087  348
17  3  1  3  295  315  133  1929  296
16  0  0  0  366  157  411  2142  302
23  1  1  2  1165  660  1088  1127  279
22  1  3  7  1281  839  975  1120  214
15  1  2  5  263  161  250  2002  322
16  0  0  0  1643  819  1736  1073  281
20  2  0  1  1278  1083  808  1134  330
17  2  1  3  2051  1632  1496  820  180
20  1  0  1  192  114  170  2491  298
23  0  2  5  650  299  666  1454  339
20  2  2  4  1035  763  772  1302  253
23  3  2  4  253  296  94  1872  344
14  1  2  5  850  623  712  1247  336
22  0  0  1  1154  531  1266  1296  343
17  0  1  3  292  97  380  1975  349
21  2  3  6  90  72  62  2689  291
22  2  0  1  300  280  196  1895  164
21  1  0  1  1347  785  1251  1059  323
14  0  3  7  751  358  778  1531  331
14  0  1  3  1196  434  1264  1380  358
17  0  1  2  612  198  793  1678  339
23  2  2  5  427  335  302  1516  263
17  2  1  3  251  234  146  2042  304
16  2  3  6  230  191  129  2385  267
14  1  2  4  600  454  488  1680  329
21  3  1  2  270  256  145  2030  355
20  2  2  4  1337  993  983  1095  358
20  0  3  6  663  323  684  1586  374
14  0  0  0  882  309  982  1607  297
14  0  1  3  938  421  910  1427  283
15  0  2  5  938  313  1214  1459  181
22  0  1  3  522  205  601  1885  342
14  0  2  4  911  302  1053  1694  408
15  2  1  3  665  556  398  1577  238
14  0  2  4  461  164  525  2090  340
14  1  2  5  476  299  454  1673  342
22  2  2  4  1456  1178  1096  1076  346
16  3  2  5  1359  1285  677  1052  355
17  0  0  0  629  316  645  1711  346
17  3  1  2  581  620  276  1482  224
21  1  0  0  958  630  801  1279  269
17  0  0  1  330  146  359  2340  270
14  1  2  5  1649  935  1661  886  351
16  0  3  6  665  285  699  1916  93
22  1  3  6  457  289  359  1843  243
15  0  0  1  1110  494  1171  1415  342
16  0  3  7  689  327  692  1682  320
22  2  1  3  222  188  163  2053  382
20  1  3  6  719  494  577  1434  374
21  1  1  2  845  553  731  1396  164
14  1  1  2  1053  772  824  1242  283
17  1  0  0  650  403  547  1684  250
21  2  1  2  319  238  256  1909  355
16  2  2  5  396  325  216  1890  339
20  2  3  7  381  289  257  2048  256
16  2  0  1  99  91  52  2388  268
20  1  0  0  1045  670  886  1328  236
22  3  2  4  719  811  328  1367  205
23  3  2  5  924  1000  419  1077  284
16  0  0  1  936  441  1014  1486  331
15  1  1  2  1369  712  1367  1123  320
14  0  3  7  1748  801  1847  1024  219
15  0  0  1  394  143  459  2279  232
21  0  2  4  1342  647  1355  1230  346
20  0  3  7  1062  533  1079  1400  319
22  1  0  1  528  325  457  1711  361
15  0  1  3  229  106  238  2319  327
23  3  0  1  889  1051  336  1112  350
23  3  0  1  276  318  116  1782  291
21  3  0  0  305  328  127  1990  353
15  0  3  7  857  463  901  1477  304
14  0  0  1  771  317  804  1628  315
22  1  1  2  390  262  309  1896  299
17  2  1  3  436  337  329  1906  300
23  1  0  0  1529  1015  1299  919  350
14  0  1  3  1287  568  1260  1238  338
17  0  0  1  634  277  692  1882  255
16  0  3  6  729  350  725  1778  345
14  1  3  7  497  322  469  1656  188
21  3  1  2  1030  990  551  1187  303
23  2  1  2  938  763  641  1168  333
21  1  2  5  1129  698  960  1331  174
16  3  0  1  460  502  210  1739  233
21  2  3  6  338  268  244  2217  284
16  1  0  0  428  286  380  1849  387
16  1  3  6  465  267  423  2045  345
16  3  1  2  417  437  201  1817  174
16  2  3  6  385  339  206  2079  334
22  0  3  6  1531  681  1616  1116  326
17  2  2  4  473  429  264  1604  182
23  1  2  5  511  299  464  1513  341
20  1  1  3  731  498  620  1643  308
20  1  3  7  502  302  445  1942  258
21  2  0  1  538  443  383  1550  317
23  1  2  4  717  358  707  1438  167
20  0  2  4  967  301  1198  1541  290
21  1  2  5  282  163  249  2208  345
22  2  1  2  1060  949  714  1219  332
20  2  2  4  358  312  222  1951  337
16  0  2  4  649  257  695  1763  328
16  3  0  1  327  381  125  2001  270
14  0  0  0  2702  1075  2843  774  330
15  0  0  1  755  268  868  1730  311
14  1  1  2  731  438  675  1577  316
15  3  3  6  204  215  106  2020  306
20  1  2  4  480  262  475  1934  120
23  0  2  5  667  315  688  1416  298
16  0  2  4  900  338  984  1531  254
14  0  1  2  736  332  713  1655  197
23  2  0  1  618  461  433  1830  312
21  3  1  3  291  282  151  2188  331
22  0  2  4  886  290  1104  1723  281
14  0  1  2  536  252  558  1848  322
14  0  1  3  498  206  507  1794  344
14  0  0  1  1575  515  1787  1171  341
16  3  0  0  549  654  190  1674  350
15  2  1  3  505  403  316  1756  327
23  2  2  5  497  457  276  1413  288
16  3  1  2  370  373  194  1924  340
22  0  3  7  1201  543  1267  1221  330
14  3  2  5  718  872  244  1229  307
21  2  3  7  436  373  291  1977  298
20  2  3  6  566  466  350  1563  200
23  3  0  0  508  580  246  1324  288
20  0  3  6  422  189  450  1849  343
21  0  0  0  339  140  375  2062  339
17  1  1  3  93  54  87  2418  320
21  1  0  1  491  263  483  1719  333
17  1  0  0  579  392  451  1721  196
20  2  0  0  1374  979  992  1130  341
21  2  1  3  45  27  40  2712  239
16  3  2  4  222  229  90  2121  309
23  2  3  7  1140  1005  682  1010  322
20  0  3  6  430  145  518  1882  331
21  0  3  7  445  137  542  2233  318
15  2  1  2  742  655  405  1453  346
20  2  2  4  383  307  262  1920  332
16  3  0  1  1390  1482  563  941  333
23  2  1  3  908  796  564  1205  313
21  0  0  1  233  116  238  2553  262
20  0  0  0  451  202  481  2066  343
15  0  3  7  779  339  905  1578  341
23  2  3  7  1499  1361  932  807  255
20  0  0  1  490  173  570  1986  339
22  0  0  1  727  264  852  1807  299
20  0  2  4  177  53  215  2525  302
20  2  0  0  625  468  426  1644  272
16  1  2  5  765  386  736  1526  324
22  3  3  7  287  299  130  1813  350
23  0  2  5  1839  665  2103  936  335
17  2  1  3  480  401  326  1701  244
23  2  3  7  306  225  226  1747  342
22  0  2  4  500  184  598  2068  339
20  0  1  2  564  271  604  2037  285
20  2  3  6  167  141  96  2081  198
20  1  2  5  225  144  195  2093  245
14  3  0  1  527  598  175  1541  354
15  0  1  3  618  241  680  1757  223
22  0  1  3  164  80  170  2280  391
16  1  2  5  1329  855  1076  1103  303
15  2  0  1  213  160  148  2259  298
22  1  3  7  589  300  539  1700  333
23  3  3  7  701  841  244  1307  346
23  1  1  3  98  58  86  2237  294
23  1  1  2  1164  684  1061  1149  283
16  3  0  0  509  612  172  1696  347
21  2  2  5  1369  1094  949  1116  314
16  2  0  0  158  115  113  2306  327
20  0  2  4  1013  313  1262  1523  328
23  2  1  3  492  364  387  1717  248
20  2  0  0  621  514  414  1623  223
23  0  3  7  425  154  498  1830  149
22  0  0  1  893  478  903  1387  258
17  1  0  1  184  106  166  2554  313
17  1  0  0  571  311  509  1804  280
21  2  3  6  924  717  696  1312  301
23  0  1  3  1407  589  1546  1062  328
23  1  1  3  1196  659  1184  1364  280
23  2  3  7  1453  1201  952  862  312
21  1  0  1  718  509  562  1424  285
21  0  3  7  2195  1055  2253  898  236
15  3  2  4  560  597  270  1441  308
17  3  0  1  1102  1228  408  1281  325
16  0  0  0  1749  894  1823  997  333
22  1  1  3  804  544  648  1463  225
14  3  0  0  369  373  167  1694  326
20  2  0  0  1824  1611  983  896  345
21  1  3  6  934  495  901  1581  258
17  1  0  1  2001  1187  1737  993  251
22  1  0  0  1373  748  1294  1288  325
21  0  1  3  179  81  197  2555  245
22  1  0  1  807  423  778  1504  315
23  2  2  4  433  367  272  1641  257
22  1  1  2  246  162  213  2153  345
16  3  3  6  203  238  69  2347  302
14  2  2  4  668  539  459  1485  185
21  1  1  2  919  588  819  1347  287
16  1  2  4  354  173  336  2064  279
22  3  2  4  93  107  43  2336  274
15  0  0  1  1666  808  1691  1095  323
14  1  2  5  1312  725  1340  1018  281
23  0  2  4  1177  448  1320  1218  287
21  2  2  5  1017  830  699  1298  269
22  1  3  6  1505  754  1387  1094  314
21  1  2  5  1140  574  1109  1346  293
20  2  2  5  1331  1077  875  1034  223
15  0  1  2  162  57  182  2553  302
23  0  3  7  247  86  297  2088  397
22  0  0  1  601  207  728  1811  326
23  2  1  3  530  421  367  1551  315
14  3  3  6  502  584  168  1690  342
21  1  1  2  497  318  430  1804  188
14  0  0  1  639  298  621  1724  272
17  0  1  2  1029  346  1325  1318  319
21  1  0  0  661  453  526  1529  321
23  2  1  3  379  301  269  1719  339
23  1  0  1  641  364  615  1561  327
16  0  1  3  810  249  976  1641  313
15  3  2  5  241  257  112  1864  320
23  0  1  2  1053  399  1193  1311  158
16  2  1  3  1338  1236  717  1067  350
15  0  0  1  536  220  584  1943  248
21  3  0  0  847  923  335  1361  263
20  0  0  1  114  56  115  2809  240
16  1  1  3  421  295  342  1865  295
17  1  2  4  1100  764  867  1113  251
15  0  2  5  589  234  713  1691  182
14  0  1  3  346  148  345  2059  170
15  0  1  2  1445  575  1623  1110  299
15  0  1  2  580  193  688  1887  248
14  0  1  2  1280  493  1326  1301  209
20  2  2  5  742  545  540  1357  274
22  1  0  0  420  298  328  2056  289
15  2  0  1  951  846  528  1332  310
16  1  1  2  636  465  499  1608  320
21  3  2  5  386  404  168  1961  179
16  2  1  2  425  372  247  1870  280
15  0  0  1  647  308  673  1773  273
16  1  0  1  666  420  623  1654  328
14  0  2  4  903  285  1064  1670  297
15  2  3  7  340  272  248  1972  292
17  0  0  1  506  247  520  2009  344
14  3  3  6  733  863  242  1468  331
21  1  0  1  498  322  420  1649  244
23  0  2  4  917  433  936  1324  289
14  1  2  4  682  385  693  1652  191
15  0  0  1  727  234  864  1806  356
22  1  1  2  1018  706  801  1293  310
21  2  2  4  428  303  284  1911  278
23  2  2  4  984  893  562  1084  93
16  3  2  4  1334  1356  565  1029  188
15  1  0  1  2153  1277  1966  892  244
22  0  3  6  245  87  284  2351  304
17  3  3  6  253  258  120  2260  320
14  1  3  6  463  291  440  1947  295
15  2  3  6  365  332  198  1822  333
21  3  1  3  213  206  118  2357  353
16  1  1  3  482  293  437  1866  227
22  2  0  0  298  258  174  2101  254
15  0  3  7  302  142  339  2224  323
21  0  3  7  675  341  675  1775  303
22  0  3  6  653  190  800  1743  263
22  1  2  5  556  328  493  1858  254
20  2  1  3  95  67  71  2540  189
20  1  0  1  907  544  806  1510  214
22  1  2  5  917  624  721  1511  305
16  1  3  6  260  167  219  2253  315
15  1  2  4  317  162  341  1948  357
20  0  1  2  304  92  369  2542  327
23  3  1  2  114  128  48  1985  328
20  0  1  3  490  222  528  2071  336
23  0  1  2  473  219  506  2172  299
20  1  1  3  104  63  93  2643  290
20  2  0  1  559  406  389  1830  250
23  2  2  5  335  256  248  1653  322
22  3  1  2  777  789  403  1292  314
15  1  0  0  685  506  518  1623  216
23  3  1  3  762  856  336  1180  307
22  1  3  6  457  237  418  1884  248
15  0  2  5  1608  741  1830  994  269
21  0  0  0  1333  486  1577  1184  333
17  1  0  1  636  332  601  1892  312
21  3  3  6  221  222  107  2341  336
23  0  3  7  402  149  454  1839  227
23  3  1  2  700  827  222  1384  191
21  3  3  6  352  378  140  2119  297
23  0  2  5  874  267  1054  1367  297
21  3  3  6  1120  1141  535  1305  340
20  0  0  1  143  48  170  2843  199
16  1  3  6  1071  635  956  1366  288
21  2  3  6  284  235  203  2240  405
22  1  0  0  264  186  208  2365  285
14  0  3  7  428  170  476  2107  312
22  2  2  4  345  294  242  1966  285
14  1  1  3  693  365  679  1496  286
15  0  3  7  579  292  617  1808  329
23  3  1  2  316  392  103  1602  234
16  1  2  4  659  369  586  1620  297
23  3  1  2  341  359  167  1604  221
21  2  1  3  515  438  297  1709  370
15  0  1  2  228  66  280  2444  338
22  3  2  4  663  769  283  1475  270
20  0  0  0  237  76  287  2517  229
16  0  0  1  294  120  336  2272  308
21  2  2  5  592  509  376  1661  236
21  0  1  2  526  235  578  1734  233
21  1  2  4  569  312  523  1755  337
16  2  2  4  128  82  89  2468  314
16  0  0  1  660  284  742  1767  320
20  2  0  0  685  493  493  1582  339
21  1  3  7  467  326  366  1937  293
20  1  3  6  545  353  463  1624  138
16  1  0  0  202  104  206  2293  316
14  0  0  1  806  389  776  1462  285
21  0  2  4  485  190  539  2004  305
21  0  3  7  1001  305  1220  1555  340
20  2  1  3  115  100  68  2481  334
21  2  1  2  1585  1454  949  902  355
20  1  0  0  1622  1054  1354  1012  290
20  0  3  7  326  160  337  2261  301
21  3  2  5  861  813  459  1392  338
21  1  2  4  1127  758  894  1217  334
16  1  2  4  1119  574  1066  1397  335
15  2  0  0  538  409  372  1812  195
22  2  3  6  314  244  220  2232  342
15  1  2  5  185  123  179  2198  243
22  1  2  4  1410  1003  1074  1143  357
22  3  2  5  136  160  48  2189  293
21  3  0  0  446  441  226  1767  257
17  1  1  2  116  72  108  2316  326
16  2  0  1  755  640  478  1479  341
17  2  0  1  97  88  49  2636  297
15  3  3  6  234  271  89  1917  242
22  0  1  2  542  225  612  1928  327
15  0  0  0  933  431  978  1520  165
16  1  3  6  415  302  318  2064  233
21  3  2  5  945  897  505  1373  249
21  1  3  7  783  512  650  1616  223
16  1  1  2  454  239  453  1949  176
20  1  3  6  590  317  562  1599  278
15  1  0  0  251  157  228  2334  327
21  1  3  6  429  235  408  2014  261
20  2  1  3  212  175  136  2326  331
16  1  0  0  146  89  135  2373  312
22  0  0  1  450  155  546  2021  183
14  0  3  7  1487  469  1813  1181  346
21  2  3  6  1520  1328  971  1113  339
15  2  2  5  854  652  627  1308  298
17  1  1  3  821  570  683  1416  114
17  2  0  1  281  215  187  2297  280
15  1  2  5  1092  782  938  1160  339
16  0  3  6  674  223  778  1843  325
23  3  2  4  410  479  159  1609  255
22  1  2  4  551  335  475  1834  279
17  2  2  4  405  319  273  1694  272
16  1  1  2  696  384  676  1692  332
16  1  1  3  738  493  626  1514  325
17  2  3  6  1421  1069  1038  1181  303
16  0  2  4  508  228  512  1912  316
21  0  0  0  349  171  340  2180  165
21  2  3  7  687  528  517  1647  199
15  0  3  6  534  268  580  1771  334
16  0  1  3  145  41  175  2611  324
21  0  1  2  557  179  706  1901  326
23  0  1  2  761  346  804  1445  206
20  1  0  0  278  161  253  2290  284
20  2  2  4  1764  1604  982  948  331
15  1  1  3  486  328  410  2044  277
21  1  1  3  1159  652  1134  1337  275
17  0  1  2  1261  629  1396  1079  176
14  1  1  3  442  296  373  1750  231
15  1  2  5  1543  916  1530  970  293
22  1  1  2  366  209  329  2001  318
22  1  0  0  485  353  365  2008  307
14  2  2  4  499  384  355  1758  322
15  1  2  4  175  86  187  2135  188
22  0  0  1  680  241  823  1636  350
23  2  1  3  264  217  165  2101  422
23  2  2  4  1386  1126  924  909  331
14  0  0  0  803  325  840  1537  206
16  1  0  0  263  139  271  2212  241
20  0  2  5  1347  657  1420  1086  289
21  2  3  7  281  253  168  2142  255
17  1  1  3  536  383  429  1878  266
16  0  0  0  989  397  1150  1448  335
21  1  3  6  578  348  516  1934  311
21  0  3  6  726  372  716  1815  307
21  1  3  6  617  325  597  1936  324
21  1  2  4  179  132  136  2030  288
14  1  2  4  136  101  111  2379  273
15  0  0  0  622  201  731  1923  161
16  1  0  1  828  600  687  1478  325
20  2  2  4  1420  1260  829  1079  266
17  3  1  2  618  663  293  1455  219
14  1  0  0  639  365  614  1549  265
14  0  0  0  1368  452  1546  1217  229
15  0  0  1  1316  586  1388  1257  235
14  1  1  3  1002  621  892  1272  231
20  0  1  2  1437  688  1529  1274  278
20  2  2  5  2198  1901  1324  775  250
17  2  3  6  261  199  185  2265  301
21  0  3  6  2415  952  2709  946  248
15  2  3  7  141  122  84  2266  290
21  3  2  5  1962  1840  1070  865  208
21  2  0  0  703  598  475  1444  300
23  0  0  0  125  58  128  2187  170
14  0  0  0  902  389  915  1396  144
17  2  3  6  745  583  522  1623  206
17  3  2  4  337  354  151  1712  295
14  1  2  5  731  410  745  1368  339
15  0  1  2  386  152  423  2087  294
21  0  2  5  1315  593  1375  1238  349
22  0  2  4  1739  704  2012  1252  278
16  1  1  3  255  167  222  2161  234
21  1  1  3  1218  827  1025  1285  326
17  2  3  6  324  233  250  2057  247
15  0  0  1  656  269  716  1856  272
14  1  1  3  934  550  859  1292  318
17  2  0  0  1342  972  996  1127  301
20  1  1  2  450  341  352  1950  229
14  1  3  6  1420  772  1503  1170  338
15  0  2  4  1481  567  1816  1051  273
20  1  0  1  828  570  656  1514  228
23  0  0  1  1033  315  1282  1403  266
23  2  2  4  1993  1508  1442  707  137
17  0  1  3  781  380  884  1459  194
22  0  1  2  231  72  282  2384  199
20  1  2  5  647  366  619  1555  317
15  0  2  4  267  121  299  1973  311
16  0  0  0  355  99  454  2267  328
16  1  3  6  708  480  574  1642  207
20  2  1  3  652  542  382  1550  265
22  1  0  0  694  487  543  1709  304
16  0  1  3  156  63  169  2469  286
15  1  2  4  254  160  239  2011  220
20  0  1  2  1264  431  1516  1413  222
22  3  2  5  307  349  137  1978  185
17  1  0  1  1304  695  1215  1305  304
15  2  1  3  2222  1602  1616  808  225
17  1  0  1  211  136  164  2465  249
15  1  1  3  634  413  542  1628  324
22  2  2  4  856  667  669  1499  264
16  1  0  0  567  328  555  1760  241
23  0  2  5  118  47  125  2078  305
21  0  0  1  560  244  617  1760  234
16  2  1  3  870  789  480  1374  214
17  0  0  0  419  133  513  1914  312
17  0  1  3  328  118  411  2130  283
21  1  0  0  1222  861  966  1129  235
16  0  0  1  809  402  860  1545  313
23  1  0  1  588  311  580  1657  188
22  3  3  7  318  306  175  1784  238
14  1  0  1  227  144  199  2175  297
23  2  3  6  913  731  568  1447  242
23  2  2  5  1786  1331  1316  737  260
17  0  1  3  1019  342  1307  1337  327
22  0  0  0  517  244  560  2061  237
20  1  1  2  198  143  154  2451  117
23  0  2  5  615  252  670  1521  192
21  1  3  6  189  125  155  2512  178
14  0  1  3  553  156  626  1951  291
20  1  1  3  320  182  301  2262  292
16  3  3  6  460  485  205  1937  311
22  3  1  2  638  761  275  1428  314
20  1  0  1  660  383  603  1832  278
22  0  3  6  672  249  743  1641  241
17  2  0  1  722  596  494  1598  309
20  0  1  2  793  344  879  1720  215
22  1  3  6  587  354  483  1620  205
22  0  3  7  148  56  160  2304  212
14  3  0  1  393  413  164  1710  334
14  1  0  1  433  271  390  1721  324
16  2  0  0  813  692  507  1416  298
15  1  1  2  1293  718  1247  1148  324
16  1  3  6  510  320  439  1951  200
20  1  0  0  146  98  117  2461  293
20  2  1  2  427  377  260  2016  285
15  2  3  6  1240  1039  849  1095  253
22  1  0  0  162  115  131  2488  294
20  1  3  6  1967  1290  1643  825  275
21  2  2  4  926  805  582  1318  210
23  1  0  1  174  89  178  2242  314
20  1  1  2  512  304  478  1991  282
14  0  1  3  731  337  697  1585  248
20  0  0  1  539  251  571  2059  334
17  1  1  2  396  233  373  1810  318
16  1  0  0  834  521  778  1456  273
20  1  2  4  275  168  259  1976  300
20  1  3  6  613  322  592  1606  263
21  3  3  7  831  815  429  1468  296
23  0  1  2  1440  607  1564  1042  250
22  0  1  3  245  98  276  2341  237
22  3  3  6  535  541  270  1571  339
17  3  0  1  490  498  227  1854  272
23  0  1  2  513  248  523  1672  301
22  1  2  5  477  273  430  1982  256
16  1  2  5  619  398  503  1632  319
14  1  0  0  563  293  573  1660  242
23  2  2  4  834  700  531  1206  223
17  1  0  0  960  596  796  1397  305
16  0  0  1  674  305  746  1687  257
17  2  2  4  500  442  295  1519  314
22  1  0  0  1009  608  897  1488  316
16  0  1  2  387  151  434  2153  315
23  2  1  3  161  142  101  1991  272
14  1  0  0  608  381  545  1581  181
20  1  1  3  280  168  256  2310  251
23  3  3  7  418  467  180  1580  239
15  2  3  6  413  319  308  1806  295
14  0  1  2  1040  451  1022  1376  216
20  2  1  2  2345  1859  1631  843  290
15  0  1  2  260  105  288  2210  288
15  2  3  6  505  451  320  1629  273
23  1  1  3  508  275  488  1607  204
22  2  2  4  353  278  278  2009  318
17  3  3  6  184  176  99  2335  275
23  1  1  2  756  419  725  1496  281
23  3  2  5  989  1155  371  1026  269
23  0  0  1  842  383  908  1482  299
20  2  3  7  848  641  580  1455  297
22  1  3  6  1229  669  1076  1217  315
23  1  1  3  350  193  329  1875  317
20  0  2  5  240  104  268  2177  281
21  1  2  5  437  292  345  1908  309
17  2  2  4  1216  1074  720  1044  266
21  0  3  7  866  329  981  1603  319
15  2  2  5  897  656  699  1287  315
22  0  2  5  579  266  629  1929  300
17  0  1  2  1866  656  2370  927  290
22  1  3  6  1207  618  1097  1213  336
14  3  0  0  1219  1327  459  989  273
22  0  2  4  917  456  972  1534  233
21  2  3  7  257  245  146  2234  303
16  0  3  7  1403  490  1600  1313  297
14  0  2  4  205  100  198  2313  262
20  2  3  7  622  463  430  1694  224
23  2  2  4  1422  1143  960  970  241
22  1  1  2  960  509  911  1414  224
22  0  0  1  161  51  199  2447  290
22  2  2  4  567  459  426  1730  266
20  1  3  6  678  465  544  1428  298
22  0  0  1  397  137  476  2023  318
23  0  0  0  1206  608  1234  1113  267
16  0  1  2  1037  414  1150  1439  306
20  0  2  5  544  276  570  1730  268
15  2  0  1  991  882  548  1283  268
22  3  1  2  1560  1908  630  914  322
20  2  1  2  658  509  496  1484  189
14  0  0  0  649  232  710  1784  276
21  2  1  2  275  244  180  1964  266
15  1  0  1  757  405  729  1613  270
23  2  1  3  2036  1887  1155  706  324
14  1  1  2  1188  837  962  1132  252
23  1  0  1  621  354  593  1635  323
21  0  2  5  567  278  563  1827  274
22  0  2  5  462  213  504  2068  300
22  3  3  7  94  103  32  2096  264
21  0  2  4  517  190  596  1933  227
23  3  0  0  239  276  97  1673  243
20  1  3  7  500  303  489  1839  291
16  3  1  3  395  445  157  1805  158
16  1  2  5  1235  802  990  1154  327
20  0  2  4  889  421  956  1468  327
16  0  2  5  1438  506  1612  1196  278
16  3  1  3  155  148  84  2214  338
17  2  2  4  490  381  343  1533  209
20  0  3  6  997  464  1053  1253  177
23  2  2  5  124  87  96  1931  267
17  3  0  0  998  1005  475  1231  218
20  2  1  3  788  719  458  1500  319
21  0  3  7  485  234  503  2015  291
17  0  1  3  817  300  1029  1473  301
15  1  1  2  180  84  182  2342  140
21  0  1  2  277  86  354  2249  319
17  2  0  0  594  541  325  1652  172
14  1  0  0  739  416  718  1470  313
15  1  0  1  985  612  872  1402  210
16  2  3  6  1803  1588  990  961  304
14  0  3  6  287  108  322  2551  262
16  0  2  5  417  166  445  2140  192
21  3  2  5  397  417  152  1827  326
22  1  0  1  81  50  68  2300  295
22  0  0  1  2489  1190  2689  813  231
22  0  0  1  273  132  287  2185  369
20  2  3  7  822  678  508  1483  320
21  1  1  2  150  82  150  2315  237
22  0  0  0  656  323  698  1945  213
20  1  2  4  641  400  617  1461  298
23  2  1  2  2194  1954  1330  667  324
20  1  0  1  425  266  364  2061  198
16  2  2  4  116  95  65  2357  244
21  0  2  5  1641  584  1879  1179  323
15  2  1  3  1174  1003  682  1174  317
20  2  1  3  208  185  121  2330  235
17  3  0  0  1025  1154  366  1216  250
23  0  2  4  1665  669  1829  985  215
21  2  2  5  161  129  126  2284  310
21  0  0  0  1602  693  1760  1041  305
23  3  1  2  1391  1426  744  841  309
16  1  1  3  1167  654  1127  1237  282
23  2  1  3  612  478  445  1371  313
16  1  3  7  396  215  371  2031  139
23  3  1  3  1068  1206  458  1006  282
21  0  2  4  353  157  389  2186  292
16  3  0  1  1041  1158  449  1199  251
17  0  1  2  560  282  615  1672  246
23  3  0  0  606  617  349  1285  144
22  2  0  1  194  158  148  2111  255
22  2  1  3  967  809  713  1244  205
21  2  1  3  740  680  445  1570  277
21  0  3  6  128  41  150  2731  312
14  1  2  5  2284  1773  1808  652  289
15  0  0  0  1961  870  2078  1006  355
15  1  1  2  378  235  336  1952  253
20  0  0  0  1139  578  1144  1343  334
17  1  0  0  332  162  315  2100  246
14  2  2  5  497  369  373  1539  258
15  1  2  5  393  252  364  1818  254
22  2  2  5  2155  1715  1647  870  271
14  1  1  2  401  229  377  1928  348
21  1  1  2  747  504  622  1474  269
16  1  3  7  600  429  465  1648  281
22  0  0  0  2374  895  2804  1052  311
22  0  1  3  890  425  951  1422  212
16  1  1  3  1185  627  1180  1224  227
23  3  2  5  1022  1058  521  981  324
20  2  0  0  471  344  326  1768  348
23  3  1  2  483  568  178  1429  307
15  2  1  3  1567  1207  1055  988  276
22  0  2  4  864  352  1001  1649  262
17  2  0  1  150  117  102  2598  308
15  2  1  2  323  245  229  1971  202
14  0  1  3  1617  475  1829  1150  182
14  0  2  4  1759  565  2044  1139  309
22  2  0  0  1108  843  750  1266  221
17  0  2  4  783  296  945  1410  288
15  2  2  4  924  692  703  1244  231
21  1  2  5  315  163  348  2032  315
22  0  2  4  361  115  443  2327  246
15  1  2  4  281  175  271  1965  220
20  2  3  7  398  324  246  2038  208
22  2  1  2  367  306  273  1896  266
21  2  1  3  557  440  365  1679  326
14  1  2  5  2205  1456  2007  692  257
15  1  1  3  409  279  340  1937  248
21  0  2  5  241  104  239  2261  416
16  3  3  7  687  762  269  1528  273
21  1  1  2  520  286  513  1725  316
23  3  1  3  1041  1202  424  1050  191
15  1  1  2  1038  586  990  1276  256
15  3  3  7  138  149  73  2208  298
15  2  2  5  76  68  46  2210  286
21  0  0  0  1408  536  1639  1087  297
20  0  1  3  2367  1112  2533  874  205
15  0  0  0  679  226  807  1856  231
22  0  2  4  934  407  1057  1527  299
16  0  0  1  754  307  870  1644  224
14  1  2  4  660  371  666  1641  313
20  0  1  2  2350  903  2715  958  291
16  3  0  1  1468  1686  584  1020  341
22  0  1  2  1247  560  1368  1245  232
21  2  3  7  683  611  424  1629  195
22  0  1  3  539  245  587  1796  208
16  0  3  6  820  369  840  1704  313
14  0  3  7  1719  571  2071  1069  302
16  2  1  3  671  537  443  1533  198
23  1  0  0  1425  739  1432  990  305
14  0  0  1  1297  388  1503  1347  325
22  0  2  5  559  184  700  2082  200
23  3  1  2  496  571  207  1402  271
17  3  0  0  859  934  335  1345  270
14  2  3  6  1469  1138  1039  1105  179
17  3  0  1  787  888  282  1552  363
20  0  2  5  193  89  201  2211  292
16  1  2  5  482  243  459  1852  283
16  3  0  1  1056  1092  546  1173  337
21  1  3  6  248  158  210  2406  319
22  1  2  4  335  196  295  2062  305
16  0  2  5  325  107  366  2288  315
16  3  1  2  1190  1229  589  1140  337
17  0  1  3  124  66  138  2249  303
16  0  2  5  231  88  244  2359  276
21  1  0  1  547  345  480  1657  303
23  2  1  3  482  421  300  1550  291
20  2  1  2  226  168  164  2335  208
15  2  2  4  261  226  161  1853  292
16  0  0  1  938  388  1081  1474  326
16  0  0  0  605  220  719  1803  252
21  1  0  0  1441  921  1237  1045  279
22  1  2  4  840  504  730  1503  264
16  2  0  0  804  630  563  1405  314
17  1  1  2  212  110  213  2153  345
20  2  2  4  171  131  98  2249  323
17  1  0  0  453  236  424  1960  287
14  1  3  7  412  226  431  1781  305
20  0  2  4  637  187  853  1693  337
17  1  1  2  294  164  295  2020  193
22  0  3  7  1436  745  1499  1058  228
22  3  2  4  310  389  102  1906  141
15  1  3  7  516  373  427  1815  330
14  1  2  4  376  240  352  1956  157
22  1  0  0  1371  954  1084  1235  252
17  0  1  2  1621  694  1877  946  222
21  1  0  1  366  212  341  1828  246
21  1  1  3  364  179  377  2200  254
15  2  1  2  476  353  333  1755  210
22  3  0  0  1498  1718  598  978  337
17  2  0  0  1125  990  642  1195  338
14  1  2  5  388  258  349  1729  314
15  2  0  0  2229  1764  1455  850  284
20  2  1  3  667  509  478  1674  311
14  0  2  5  417  204  411  1754  320
22  0  2  4  710  301  807  1735  214
20  2  3  6  341  266  226  1833  308
16  2  2  5  467  370  270  1764  314
15  0  2  4  1827  866  2046  899  315
23  2  1  3  231  197  141  1860  203
15  2  1  2  156  134  88  2210  100
15  2  0  1  359  309  204  1965  235
21  0  2  5  1685  502  2055  1103  248
15  2  2  4  1055  766  834  1173  324
23  2  2  4  432  378  257  1586  315
21  1  0  1  1165  618  1150  1160  162
23  1  1  3  465  269  428  1664  313
22  3  1  3  186  200  87  2023  222
20  0  2  4  1806  635  2228  1045  244
22  0  3  7  72  26  78  2448  271
21  1  2  4  605  371  516  1685  273
16  3  3  7  161  163  75  2260  328
16  0  2  4  965  365  1054  1463  266
20  2  0  0  662  485  465  1614  317
20  0  3  6  1515  748  1546  1017  308
20  0  3  6  255  102  287  2145  260
15  2  0  0  1686  1230  1208  1000  314
17  0  2  4  320  148  352  1947  295
14  1  3  6  1262  881  1098  1230  259
21  0  2  5  720  304  775  1747  312
23  2  0  1  1039  939  624  1086  306
22  3  2  5  959  1068  456  1239  253
21  2  2  4  1629  1440  987  942  230
15  1  2  4  421  247  419  1785  193
21  3  0  1  2007  2021  987  786  242
21  2  1  3  746  686  455  1605  243
23  2  2  5  58  40  43  2075  317
20  2  3  7  402  356  215  1951  305
14  0  0  1  575  193  645  1945  315
22  0  1  2  798  291  939  1656  240
17  0  0  0  687  204  855  1763  275
22  1  3  6  108  50  100  2416  247
21  1  2  4  96  44  98  2233  290
21  1  0  1  288  149  286  1965  232
16  2  1  2  638  501  424  1627  297
17  0  1  2  1361  604  1590  1043  325
20  0  0  0  156  59  180  2616  307
20  2  0  1  968  781  603  1407  224
16  3  1  2  367  369  190  1907  168
21  0  3  6  1092  510  1145  1542  242
22  1  1  2  243  155  217  2079  169
22  0  0  0  115  44  131  2776  302
16  3  0  1  330  325  179  1912  323
21  0  3  7  897  442  910  1510  319
21  2  1  2  542  406  433  1617  237
14  1  0  0  239  173  189  2024  315
21  2  0  0  211  168  155  2096  316
15  1  1  3  1520  1046  1239  1014  329
22  1  3  6  1130  573  1035  1274  289
23  3  3  7  324  338  159  1697  302
14  0  2  5  353  147  381  1931  302
16  2  3  6  780  568  546  1634  234
22  2  0  0  596  466  489  1794  350
21  1  2  5  691  474  532  1532  265
20  1  1  2  374  243  331  2141  213
21  1  3  6  418  284  333  2146  314
20  1  3  6  223  157  165  2059  113
23  2  1  2  348  268  237  2018  318
21  1  2  5  296  179  253  2151  257
20  0  3  7  972  497  981  1441  324
21  2  3  6  313  284  188  2216  118
17  1  0  1  610  358  532  1876  292
23  1  0  1  304  178  264  2367  177
22  0  3  7  260  74  310  2233  323
22  1  0  1  1519  1089  1186  1011  326
17  2  0  1  687  587  411  1707  223
20  2  2  4  927  709  650  1355  267
15  2  2  4  386  314  258  1698  153
21  2  0  1  453  398  284  1683  174
21  2  3  7  720  587  505  1578  294
16  0  3  7  1397  572  1500  1185  105
20  0  0  0  849  388  896  1589  282
20  0  3  7  1077  437  1209  1402  248
17  3  3  6  188  207  75  2341  310
15  2  2  4  1209  1038  767  1036  221
14  0  2  5  294  154  279  1922  196
16  2  2  4  852  589  593  1413  148
21  0  3  7  502  206  552  2013  140
17  2  1  3  1132  1059  653  1167  320
20  1  3  7  852  612  728  1311  285
22  1  0  1  1166  679  1056  1232  259
21  2  0  1  345  275  257  1790  270
15  2  2  4  306  260  198  1828  295
15  3  3  6  374  414  184  1745  218
15  0  3  7  1336  468  1682  1264  314
16  1  2  4  183  97  176  2351  312
22  1  3  6  677  334  632  1643  145
22  0  3  7  691  340  692  1539  260
21  2  1  3  1023  832  744  1371  250
17  1  3  6  1130  698  980  1358  290
20  2  0  1  1252  1104  677  1185  327
20  2  1  2  785  622  499  1423  242
17  3  3  6  95  95  46  2491  230
15  1  3  7  736  507  655  1514  320
21  0  0  0  976  292  1223  1395  279
23  3  2  5  1097  1195  493  952  314
23  0  0  0  480  231  505  1651  297
21  0  0  0  500  234  537  1738  239
17  0  1  3  742  237  968  1660  188
21  1  1  3  235  118  234  2410  187
22  0  1  3  1087  524  1151  1285  252
17  1  0  0  729  509  564  1590  228
21  2  1  2  220  183  153  2088  225
16  2  2  5  815  593  532  1454  243
14  0  0  0  458  184  478  1937  229
21  0  3  7  907  319  1061  1641  198
14  1  3  6  1620  957  1620  1054  323
20  0  0  0  660  253  755  1843  220
17  2  0  1  317  232  227  2251  265
17  1  1  3  2291  1604  1888  802  324
17  0  0  0  183  77  202  2299  305
15  0  2  5  337  149  385  2003  201
22  3  3  6  1294  1504  463  999  345
16  3  1  3  702  830  248  1495  240
21  3  2  5  1040  1085  411  1233  204
20  1  2  5  1577  893  1505  985  214
14  0  0  1  437  155  466  1947  344
21  0  0  1  478  188  546  1795  305
20  0  3  6  961  296  1187  1375  248
20  0  1  3  872  432  910  1640  272
17  2  1  2  350  311  216  1814  267
16  0  2  5  1358  621  1355  1180  256
22  1  2  5  380  254  303  2066  188
22  1  0  0  553  323  493  1954  182
23  3  1  2  357  411  144  1608  364
17  2  2  4  307  232  221  1837  183
23  3  2  4  276  277  123  2027  210
20  2  1  2  1037  871  670  1377  337
14  3  2  5  403  473  155  1528  220
20  0  2  5  687  265  805  1593  325
14  1  2  4  1056  769  889  1238  251
21  3  0  0  1370  1485  553  1075  305
14  0  1  2  385  146  402  2093  162
23  3  1  2  278  332  104  1664  165
17  3  3  6  252  253  123  2202  250
21  2  1  3  219  183  146  2279  309
22  0  2  4  312  120  369  2294  332
23  3  3  7  402  482  135  1600  304
14  3  3  6  457  530  164  1742  342
22  3  1  3  836  1051  310  1205  297
15  2  1  2  1070  807  740  1247  301
23  0  0  1  245  105  267  2216  282
21  1  3  6  1297  951  971  1265  273
16  2  2  4  227  178  158  1970  257
17  0  1  3  958  308  1253  1472  204
15  0  1  2  724  258  855  1723  310
17  1  1  2  174  131  132  2151  279
21  2  0  1  312  259  219  1848  316
20  0  1  2  846  343  967  1766  314
15  1  3  6  541  377  486  1723  208
23  0  0  1  599  252  661  1933  268
23  1  2  5  88  48  78  2067  232
17  1  1  3  1391  748  1400  1145  325
21  3  2  4  742  764  328  1468  326
21  0  2  5  190  87  190  2438  356
20  1  1  3  543  302  534  1766  229
23  3  0  1  469  536  188  1494  296
15  1  2  4  199  134  177  2041  189
22  1  1  3  889  487  826  1423  199
14  0  0  0  407  182  406  1930  255
16  1  1  3  1528  792  1534  1051  231
21  3  0  0  472  492  212  1759  333
23  3  2  5  754  870  293  1188  244
22  1  2  5  693  354  667  1766  337
15  3  3  6  531  572  281  1520  330
16  1  0  1  509  308  492  1818  224
22  0  1  3  1010  376  1182  1433  281
16  3  3  6  339  334  176  2090  251
16  3  0  0  1042  1062  550  1195  325
14  3  0  1  857  880  373  1242  270
20  2  0  0  543  404  378  1742  157
17  0  0  0  606  288  621  1703  312
20  2  1  3  837  792  456  1524  301
21  2  1  3  90  77  56  2570  237
22  3  0  1  481  595  183  1567  320
22  0  2  4  1683  829  1796  1067  310
21  0  2  4  683  266  753  1682  309
15  1  0  1  380  236  335  2092  279
22  0  0  1  2548  1350  2615  776  322
21  2  3  6  270  238  143  2281  275
20  1  1  3  1737  945  1711  1102  273
15  0  1  2  1065  531  1094  1345  248
14  3  1  2  1230  1389  459  1015  274
21  0  1  2  959  290  1238  1462  308
21  1  1  3  1102  727  950  1391  287
15  2  2  4  403  302  302  1736  316
16  1  0  1  709  402  704  1569  339
20  0  3  7  1772  865  1827  1038  275
20  1  3  6  670  419  589  1495  288
23  3  2  4  187  221  65  1931  96
20  0  3  7  535  237  581  1913  330
16  1  1  2  331  214  288  2055  320
16  0  0  1  1065  530  1128  1346  316
14  3  2  4  400  475  151  1713  288
17  1  3  6  1380  865  1180  1169  304
23  0  2  5  55  17  66  2266  247
16  2  1  2  322  294  174  2025  312
16  2  3  6  801  642  503  1574  219
17  2  3  6  820  637  590  1557  239
22  1  2  5  1644  1118  1268  986  310
20  1  0  0  441  275  378  1961  277
16  1  2  4  86  55  66  2472  294
20  0  0  0  783  326  860  1682  121
16  2  1  2  1143  950  714  1228  262
21  3  1  3  622  616  314  1746  290
20  0  1  2  1342  436  1646  1400  356
23  3  0  1  453  536  178  1508  311
22  1  0  0  1166  789  940  1352  287
14  0  2  5  559  257  563  1593  231
16  2  1  2  889  715  583  1395  313
21  1  3  7  479  248  460  1998  243
23  3  0  1  897  891  525  1135  96
15  0  2  5  836  406  925  1443  197
16  0  0  0  739  289  868  1678  294
20  2  2  5  1229  1016  783  1086  222
15  2  1  2  786  684  445  1358  291
20  2  3  6  649  505  435  1495  279
21  1  2  5  551  353  443  1802  309
22  3  1  2  386  389  196  1870  257
20  2  0  1  210  165  136  2314  295
16  2  2  4  1385  1198  704  1089  235
20  2  0  1  1693  1511  901  974  229
15  3  2  4  315  306  181  1729  203
22  2  0  1  466  444  297  1657  200
21  2  3  7  745  601  493  1474  329
22  1  3  6  483  315  369  1758  155
15  2  1  3  355  276  253  1983  265
22  2  0  0  1182  1008  874  1288  277
16  0  1  2  226  75  265  2453  319
22  1  0  0  448  278  386  2143  416
15  0  0  1  285  102  326  2305  327
16  0  2  4  268  67  319  2464  302
17  0  1  2  491  160  655  1759  275
16  2  0  1  1483  1355  837  1021  329
22  1  3  7  447  226  410  1818  249
20  1  0  0  1079  780  813  1283  213
20  2  1  3  318  292  180  2114  327
16  0  3  7  165  67  191  2423  332
16  1  3  7  500  339  404  1841  237
15  0  1  3  300  144  309  2177  315
20  2  2  4  617  524  375  1589  192
17  0  3  6  604  187  766  1914  171
20  0  2  5  513  202  599  1852  272
16  0  1  2  1269  593  1322  1281  327
15  1  2  4  117  76  105  2164  310
16  2  0  1  1065  818  805  1257  334
20  1  1  2  97  52  99  2674  285
15  1  2  4  349  231  317  1867  274
21  2  1  3  754  671  482  1603  161
23  2  3  7  528  434  346  1396  309
14  0  3  7  1794  632  2116  1019  219
14  2  2  5  442  331  326  1625  345
20  2  1  3  96  84  53  2498  304
17  2  1  3  140  138  77  2172  304
20  1  3  6  344  234  279  1910  264
20  2  2  5  2072  1585  1462  781  320
20  0  2  4  535  181  645  1967  230
16  0  3  6  207  72  230  2723  184
15  0  0  0  1573  753  1607  1124  293
17  2  3  6  121  91  87  2573  245
16  3  2  5  435  475  148  1800  302
20  1  3  7  1620  1010  1403  1049  301
14  1  2  4  443  268  425  1910  309
21  3  0  1  318  344  148  1976  314
20  1  2  4  547  384  411  1677  158
15  2  2  4  1306  1018  950  1008  254
20  0  2  5  253  93  296  2041  277
16  2  3  6  453  385  263  1958  301
16  3  2  4  1382  1437  556  1004  318
15  2  1  3  456  372  282  1775  256
16  1  2  4  702  423  590  1549  169
23  2  1  3  1260  1063  820  974  242
23  3  0  0  404  451  183  1427  336
16  0  1  3  1709  835  1739  1001  230
16  0  0  0  188  70  225  2405  209
21  2  3  6  822  686  561  1594  301
16  0  3  7  610  180  721  1847  247
21  1  2  4  522  309  470  1627  243
22  0  3  7  375  182  385  1962  312
16  3  0  0  806  975  279  1383  341
23  2  2  4  1364  1070  936  1105  269
23  1  3  6  1270  752  1268  1190  287
20  0  3  6  473  198  521  1820  341
14  0  0  0  659  269  681  1678  297
23  2  3  7  463  353  334  1496  290
16  2  3  6  1018  833  617  1361  333
14  1  0  1  593  421  477  1575  325
21  1  1  3  2372  1619  1978  845  330
22  0  3  6  1127  441  1263  1370  270
22  1  0  0  351  206  318  2248  153
21  2  1  3  349  258  290  2169  235
20  0  3  7  923  280  1142  1557  325
20  0  2  4  519  150  653  2009  318
17  2  0  1  1342  1085  880  1243  247
22  2  1  2  839  700  622  1332  282
14  3  0  1  699  706  315  1358  312
20  0  2  4  713  338  761  1704  224
23  2  2  4  407  344  257  1668  297
21  0  0  0  867  328  1004  1444  278
21  0  1  3  474  170  578  2280  257
20  2  3  7  1821  1321  1307  964  278
21  0  3  6  838  389  872  1737  192
22  1  1  3  283  144  267  2068  265
22  3  3  6  503  493  259  1545  312
17  2  0  1  428  327  294  2061  305
16  2  3  7  179  127  128  2229  312
14  1  1  2  644  374  599  1609  291
22  0  0  0  651  332  685  1930  207
23  2  3  7  1129  921  748  1021  324
20  1  1  3  2219  1409  1992  847  273
22  2  0  0  824  668  634  1502  316
23  1  2  5  968  509  1038  1348  321
16  2  2  5  95  66  63  2475  234
14  0  3  6  2207  750  2630  993  215
17  0  1  2  863  319  1082  1429  172
15  0  3  6  580  288  634  1735  326
15  2  0  0  965  690  697  1411  310
22  0  3  6  1617  705  1723  1083  315
15  0  3  6  260  132  285  2180  357
16  3  2  4  680  689  292  1477  176
17  2  0  1  126  109  75  2569  229
20  1  1  2  1171  720  1069  1279  316
20  1  1  2  218  162  174  2361  271
15  1  3  6  1236  895  1066  1152  224
23  1  1  2  588  356  543  1509  314
16  2  2  4  182  130  112  2249  283
16  2  1  3  873  673  597  1369  329
15  0  2  5  432  197  501  1944  223
23  1  1  2  656  387  603  1445  284
15  1  0  1  1586  829  1553  1121  210
14  3  3  6  537  621  191  1644  292
14  1  3  6  339  233  298  2146  271
16  1  0  1  385  207  395  2002  308
16  3  3  6  155  154  68  2442  263
16  0  2  4  1030  288  1235  1481  324
22  0  2  4  1250  400  1565  1359  221
16  0  1  3  277  98  319  2190  215
21  2  3  7  266  210  189  2210  222
21  3  0  1  671  788  206  1472  315
15  1  2  4  1034  571  1070  1231  320
21  3  1  2  1489  1459  788  970  327
16  1  0  0  112  63  113  2518  336
21  3  2  4  366  349  186  1916  287
22  0  3  6  2715  885  3222  786  266
17  2  1  2  224  185  156  2020  300
21  0  3  6  577  211  678  1683  342
23  3  1  2  798  846  411  1125  262
14  1  1  2  301  177  274  2032  328
23  3  2  4  157  176  70  1998  293
21  2  3  7  634  607  351  1654  191
15  0  0  1  783  330  842  1659  242
21  1  0  1  1088  641  1000  1167  269
17  1  2  4  335  237  257  1813  360
23  0  2  5  1780  863  1800  857  304
20  1  1  2  418  228  408  2183  279
20  2  3  6  489  358  340  1673  250
20  0  3  6  368  151  409  1986  316
21  2  3  6  219  215  108  2370  248
15  1  0  0  1436  842  1325  1134  243
21  0  0  0  137  40  168  2421  308
20  0  3  6  1838  678  2141  935  306
17  0  1  2  141  61  165  2312  243
22  0  3  6  1625  484  1985  1115  225
20  1  1  3  712  498  614  1649  252
22  1  0  0  330  190  306  2307  300
23  3  0  1  395  435  184  1586  153
17  0  1  3  209  94  246  2224  220
20  2  1  2  483  405  317  1906  310
17  0  0  1  2487  910  2916  877  317
16  3  3  7  240  253  102  2207  324
14  2  3  6  1032  863  675  1315  290
23  2  0  0  323  283  206  1623  229
17  3  0  1  392  390  190  1990  292
16  0  3  7  1118  520  1134  1341  293
22  2  2  5  297  232  222  2103  179
14  2  2  4  594  477  405  1653  284
20  0  3  7  967  481  984  1470  325
16  1  3  6  113  73  92  2595  266
20  1  1  3  95  55  86  2638  328
21  0  1  2  1338  566  1531  1127  322
23  0  2  5  769  229  937  1448  301
17  1  0  0  721  431  621  1600  295
15  2  3  6  170  150  106  2084  276
17  1  1  3  524  283  503  1719  147
20  2  1  2  2848  2469  1777  705  314
21  1  3  7  219  129  185  2365  190
14  3  0  1  677  758  235  1402  251
15  1  1  3  502  321  437  1838  147
16  1  0  1  715  419  694  1584  257
21  2  2  5  312  228  242  2092  295
21  0  2  5  582  235  630  1889  211
20  1  1  3  772  475  706  1626  256
20  2  0  1  374  313  217  1979  198
16  1  0  0  290  157  302  2155  257
16  1  0  1  1430  985  1162  1091  338
23  2  3  6  335  296  215  1862  114
15  1  0  0  293  193  245  2214  251
23  0  1  2  772  275  902  1533  245
17  1  1  3  125  89  97  2283  258
21  1  3  6  1725  1244  1310  1055  157
20  2  3  6  202  164  130  2069  211
17  2  3  6  624  520  398  1622  314
16  3  2  5  546  563  219  1647  252
22  0  3  7  222  90  236  2259  326
20  1  0  0  497  262  486  1906  242
20  1  3  7  1146  719  988  1302  184
17  3  0  1  864  859  424  1454  222
17  3  2  4  381  440  136  1667  266
15  0  3  7  204  83  242  2369  137
15  0  2  5  1776  828  2004  945  246
20  2  2  5  617  432  500  1578  314
15  1  3  6  677  438  628  1506  186
14  1  1  2  1314  788  1198  1116  162
15  1  2  4  590  371  548  1536  215
21  0  2  4  240  105  266  2020  340
17  3  1  2  653  774  230  1422  318
20  1  1  3  529  356  453  1820  323
22  1  0  1  305  202  253  2002  168
22  1  2  4  773  552  584  1525  172
15  2  3  6  1814  1620  1138  842  260
14  1  1  2  547  388  437  1689  324
21  1  3  7  600  422  470  1786  318
22  0  0  1  76  35  84  2349  365
15  2  1  2  398  354  215  1811  329
15  1  1  2  878  566  754  1390  234
15  3  3  6  385  440  174  1695  336
23  2  2  4  1011  890  599  1099  337
16  3  2  4  236  247  90  2088  325
16  0  0  0  508  184  612  1935  254
17  1  0  0  146  91  120  2400  398
20  2  2  5  156  120  108  2169  307
16  0  1  3  415  181  454  1982  207
14  1  0  1  343  200  315  1948  320
20  2  3  6  1473  1073  1048  976  296
15  2  2  4  1256  1100  767  1007  181
20  1  2  4  450  312  358  1641  325
20  0  2  5  433  178  480  1875  257
15  1  3  6  949  725  770  1319  325
14  1  0  0  1384  848  1253  1012  248
22  0  0  0  1711  730  1927  1219  320
16  1  2  5  959  500  896  1409  255
17  0  2  4  463  229  459  1886  247
15  2  2  5  197  156  135  2019  317
20  1  1  2  346  243  281  2174  307
21  2  1  2  632  504  479  1527  224
17  0  0  1  254  81  307  2587  310
20  2  3  6  1081  883  678  1159  290
20  0  3  6  966  374  1098  1305  288
22  3  2  5  733  858  298  1432  163
16  3  2  4  246  279  69  2109  225
21  1  1  3  338  176  339  2099  256
21  1  2  4  358  195  365  1939  362
21  2  1  2  445  403  267  1690  294
17  0  1  2  802  297  1000  1491  309
20  0  2  5  1437  646  1581  1111  262
20  0  3  7  881  330  1013  1587  344
20  0  1  2  260  119  263  2211  341
17  0  2  4  861  326  1025  1356  135
21  0  1  2  2366  919  2792  817  297
20  0  2  5  1654  595  1978  1046  251
15  0  3  6  1115  583  1186  1294  260
21  0  2  5  1514  587  1677  1205  119
14  1  3  6  542  308  559  1788  229
21  2  0  1  351  293  244  1805  238
14  2  3  6  330  227  265  2166  321
15  1  3  6  757  448  754  1488  269
21  2  1  3  631  489  480  1773  278
23  2  0  0  229  195  147  1747  238
20  2  0  0  598  473  388  1720  310
14  1  3  6  433  272  423  1964  182
23  3  3  7  367  387  171  1651  265
17  2  0  0  285  228  189  2107  223
23  1  1  2  391  230  353  1719  134
16  2  2  4  299  220  193  2014  137
23  2  3  7  620  524  393  1336  304
21  1  1  2  866  545  774  1421  310
22  3  3  7  1364  1396  680  909  330
15  0  0  0  119  56  129  2769  279
14  0  3  7  482  225  504  1869  289
22  0  0  0  425  150  510  2320  237
17  0  2  4  1805  686  2152  878  282
23  2  3  7  407  326  278  1551  200
21  1  0  1  826  540  699  1324  314
20  2  2  5  467  405  279  1706  325
22  0  1  3  589  318  593  1663  298
14  3  1  2  263  272  120  1910  153
21  2  2  5  1195  1079  696  1168  225
20  2  1  3  587  515  357  1733  295
16  0  0  0  676  250  808  1753  227
15  1  1  3  149  100  125  2317  292
20  2  2  4  2249  1841  1452  756  277
14  0  2  5  1159  564  1158  1165  263
17  3  1  2  561  658  201  1474  191
16  1  2  5  1031  521  1001  1351  359
23  3  1  2  691  697  374  1266  243
21  3  0  1  628  631  305  1506  302
23  0  3  6  798  293  916  1921  342
20  2  1  3  129  92  98  2521  293
16  2  0  0  278  213  204  2023  249
14  2  2  5  263  198  190  1847  313
21  0  2  5  334  103  403  2298  274
15  1  0  0  409  219  397  2123  245
22  0  2  4  1542  783  1617  1114  274
20  1  3  7  1919  1148  1719  935  351
23  2  1  3  807  760  446  1174  301
17  1  1  2  121  75  116  2330  299
20  1  2  4  844  448  907  1384  325
15  0  3  6  356  150  419  2051  303
21  3  0  0  923  970  409  1290  225
23  0  2  4  337  148  353  1913  308
17  1  2  4  510  273  482  1658  194
23  2  1  3  474  434  278  1506  247
14  0  1  2  266  121  257  2242  247
17  0  2  4  1691  829  1804  883  193
14  1  3  7  240  149  228  1996  195
15  2  3  7  549  471  362  1629  273
22  0  3  6  1967  886  2064  952  317
20  0  1  2  1777  700  2041  1137  304
23  3  0  1  151  164  78  1960  309
23  0  1  3  179  46  212  2340  270
22  1  1  2  637  451  504  1539  257
21  0  1  2  645  286  721  1679  299
14  2  1  2  455  347  304  1758  290
23  0  0  0  102  23  137  2385  345
20  2  3  6  1426  1129  922  971  319
14  0  1  2  411  191  398  1992  247
20  1  2  4  458  311  389  1878  141
23  0  0  1  348  166  366  1992  304
14  0  1  3  998  319  1100  1510  223
21  0  0  0  546  158  688  1788  327
23  3  0  1  472  482  260  1488  255
23  3  3  7  156  187  54  1985  226
22  0  1  2  183  80  197  2461  235
15  2  1  2  1187  893  818  1133  323
22  0  0  1  1942  695  2327  1017  150
16  3  3  7  1980  2275  697  854  290
21  3  0  1  1337  1374  628  1033  321
17  0  0  0  414  203  431  1988  209
20  2  2  5  283  216  197  1965  316
23  0  0  0  573  227  656  1714  289
23  0  2  5  337  145  353  1802  171
16  1  1  3  325  192  301  2027  315
16  2  1  2  207  169  132  2196  334
20  1  2  5  166  98  155  2208  246
15  2  0  1  623  542  351  1630  240
16  1  0  1  189  121  181  2345  290
21  3  1  2  1356  1313  728  1027  320
21  1  2  4  345  228  272  1995  198
23  1  1  2  1282  770  1146  1024  296
22  3  2  5  256  291  116  2060  319
20  1  2  4  196  133  162  2259  218
20  0  0  1  123  39  139  2859  317
21  2  1  2  200  179  121  2095  135
14  0  1  3  284  127  272  2042  196
15  0  3  7  1123  507  1280  1306  294
20  2  0  0  156  110  115  2345  272
17  3  2  4  603  599  305  1428  255
16  2  3  6  371  309  224  2102  299
20  1  2  5  1301  811  1161  1066  183
21  1  2  4  1004  591  881  1354  251
17  2  1  3  261  211  185  2028  244
15  2  0  0  611  531  346  1643  309
23  0  2  4  1041  503  1047  1313  290
21  1  2  4  266  121  274  2182  248
23  3  0  1  677  728  330  1272  317
17  0  2  4  213  65  272  2107  274
16  2  0  1  752  540  580  1516  247
23  3  2  4  311  356  130  1747  290
15  0  1  3  458  184  513  2003  245
23  0  3  7  1208  528  1310  1316  149
22  3  3  7  651  646  337  1407  166
14  0  3  7  209  94  222  2182  286
14  3  0  0  1486  1674  509  881  247
20  0  2  4  888  454  908  1483  303
17  2  2  4  174  130  110  2299  313
21  1  0  1  348  235  282  1838  324
15  1  0  1  238  169  190  2238  321
16  2  3  7  618  518  349  1608  324
16  2  0  0  229  165  176  2144  180
23  0  0  1  1311  480  1542  1291  248
15  0  2  5  158  52  200  2375  334
23  3  1  2  262  289  119  1735  165
20  0  2  5  1073  529  1128  1274  317
17  0  3  6  462  204  518  1996  272
23  3  0  1  714  822  297  1257  308
14  3  1  2  1326  1453  537  986  175
23  0  2  5  506  168  591  1627  310
15  2  2  4  1500  1103  1148  979  327
16  0  3  7  401  144  449  2036  247
15  1  2  5  997  670  905  1264  219
20  1  1  3  655  469  533  1700  296
16  0  1  3  341  102  411  2236  323
14  3  0  0  197  210  79  1943  324
21  1  0  1  1355  876  1152  1029  175
15  1  0  1  783  540  630  1574  244
20  2  2  5  569  450  383  1584  234
21  1  1  3  105  61  92  2633  183
16  2  1  3  280  225  181  1955  240
21  1  1  3  283  200  254  2184  284
22  1  1  3  512  287  469  1768  293
21  2  0  0  202  153  135  2215  223
17  0  2  4  1646  786  1783  945  353
22  3  3  6  1206  1352  481  1020  315
14  3  2  5  672  794  262  1221  260
16  0  1  2  536  216  578  1894  347
22  3  2  5  396  390  182  1838  214
20  2  2  4  825  678  538  1416  311
15  0  2  5  1220  386  1592  1261  176
14  0  1  2  1338  596  1304  1179  220
21  2  1  3  252  194  200  2266  278
20  1  3  6  872  545  756  1309  319
17  1  0  0  287  167  256  2155  278
21  1  0  1  1371  970  1077  1037  259
20  0  3  6  95  41  101  2352  146
20  1  1  2  1438  941  1256  1173  175
16  0  0  0  1417  610  1597  1150  308
22  1  2  5  951  580  821  1494  220
20  0  0  1  1152  457  1298  1432  338
22  2  0  0  265  243  171  2234  154
22  3  1  3  424  538  152  1584  210
22  0  1  2  753  264  903  1736  308
21  1  2  4  625  341  583  1678  329
15  0  0  1  348  108  410  2305  173
15  2  1  2  556  460  338  1610  319
21  1  2  4  1475  897  1261  1085  270
16  2  2  5  1551  1055  1096  1039  351
14  1  2  4  923  611  842  1341  350
22  1  0  0  173  113  133  2338  326
15  0  2  5  308  132  357  2061  295
16  0  3  7  339  156  341  2163  258
23  3  2  4  1410  1388  792  847  234
16  2  2  4  460  337  294  1783  251
20  1  2  5  1488  833  1436  1040  210
16  3  3  6  980  1060  413  1372  262
16  1  2  5  844  448  785  1479  231
22  0  0  0  1501  618  1716  1289  286
20  0  1  3  2076  730  2475  972  308
21  0  0  1  759  299  868  1442  157
16  0  1  3  324  136  348  2121  285
17  0  2  4  820  413  867  1390  317
14  1  1  2  849  557  718  1426  309
20  0  1  3  421  150  497  2278  185
22  1  2  4  473  337  362  1908  290
17  3  3  6  1134  1164  534  1269  258
22  3  1  2  286  363  106  1840  322
23  3  2  4  149  161  62  1993  303
21  1  0  1  390  258  326  1793  275
15  2  1  2  412  285  301  1877  313
16  1  1  3  2250  1618  1789  780  317
21  2  2  4  358  331  203  1958  211
20  2  0  1  659  481  454  1694  234
15  2  0  0  237  204  133  2215  349
22  3  3  6  434  457  206  1653  229
23  3  0  1  308  318  166  1733  165
22  0  0  1  1244  465  1474  1339  243
17  0  2  4  1054  445  1205  1215  249
16  2  3  7  1118  1003  590  1224  200
21  0  1  2  1005  322  1273  1474  281
14  0  2  5  290  102  329  2143  299
20  1  1  2  1711  923  1704  1117  306
20  1  3  7  1900  1342  1484  940  284
17  3  1  3  115  123  48  2230  264
23  3  0  1  606  689  215  1520  320
15  2  2  5  551  395  443  1580  289
17  2  3  6  476  386  318  1921  283
23  0  2  5  158  63  169  2159  308
17  2  1  2  121  111  71  2174  290
14  1  0  1  380  249  325  1897  251
21  0  1  2  349  171  377  1985  345
15  1  1  2  150  89  131  2319  346
17  0  1  2  750  394  807  1439  253
22  0  2  5  191  60  231  2625  344
23  3  1  3  799  935  309  1190  197
16  2  1  2  1054  775  757  1301  194
14  1  2  5  327  240  274  1771  260
15  1  2  5  1023  529  1117  1255  156
22  1  0  0  287  180  247  2321  221
22  3  0  1  553  597  255  1626  168
20  2  2  5  315  244  215  1925  207
15  3  3  6  212  254  89  1955  202
17  0  1  2  838  301  1058  1460  307
22  3  1  2  694  818  307  1411  234
14  3  0  0  701  765  266  1349  331
20  1  1  3  1879  1195  1677  871  168
17  0  1  3  766  255  984  1632  328
21  0  0  0  100  24  130  2446  319
17  1  1  2  800  525  699  1379  202
15  2  1  2  829  688  499  1381  126
15  0  2  5  1287  571  1490  1161  93
16  1  2  4  1131  699  946  1230  328
20  1  1  2  595  435  474  1794  237
15  1  2  4  779  424  817  1404  309
14  3  0  0  385  367  201  1695  231
14  1  2  4  1156  668  1150  1190  275
17  0  0  0  423  161  493  1990  285
20  1  1  2  229  151  198  2391  213
20  2  3  7  462  412  242  1870  167
22  2  1  3  1323  1045  1039  1057  240
23  0  0  1  387  123  485  2041  271
17  2  1  2  1150  1094  645  1092  308
21  0  3  6  750  287  861  1554  275
21  2  3  7  149  126  101  2422  187
14  3  1  2  295  325  114  1843  267
21  1  0  1  1223  922  1000  1040  306
23  1  3  7  556  296  538  1513  306
17  2  3  6  1315  1204  738  1154  304
17  1  2  4  558  375  453  1527  196
20  2  1  3  686  568  452  1692  294
15  0  2  4  1544  698  1771  1040  191
17  3  1  2  991  1106  422  1144  276
17  1  3  6  396  209  381  2070  291
21  3  2  4  1333  1265  695  1087  333
21  3  0  1  1021  1227  336  1169  202
23  1  0  1  108  62  102  2189  262
21  0  1  3  1224  584  1319  1335  315
17  2  0  0  1023  760  737  1331  234
20  2  2  4  470  370  326  1817  311
17  3  3  6  1868  2027  776  900  237
15  1  0  1  971  609  846  1428  239
15  0  3  7  628  297  707  1745  253
21  0  0  0  928  370  1058  1374  302
20  1  3  6  442  309  345  1690  230
17  3  1  2  641  674  314  1426  309
21  0  3  6  325  130  366  2431  240
16  3  0  1  600  604  326  1577  330
23  0  1  2  309  92  371  2131  295
16  2  2  4  388  304  229  1885  222
20  3  0  0  530  537  288  1612  312
20  0  3  7  613  255  674  1829  281
16  3  3  6  397  448  143  2034  328
15  0  3  6  578  230  695  1786  316
23  1  1  2  96  50  87  2206  309
16  2  3  6  364  284  232  2142  269
20  2  0  0  1044  771  726  1290  295
22  1  0  1  118  74  102  2312  311
17  0  2  4  1455  451  1839  1085  282
20  2  1  3  335  310  185  2034  269
21  2  1  2  320  296  188  1929  167
16  0  1  2  1619  640  1804  1134  354
23  0  2  5  1357  395  1662  1077  161
21  0  2  5  2044  857  2201  931  359
15  2  2  4  146  133  78  2041  198
21  2  0  0  81  64  60  2283  185
23  0  0  1  734  309  814  1603  254
17  2  1  2  968  828  644  1202  308
15  1  1  3  830  443  815  1516  332
17  2  0  0  607  541  330  1586  278
15  2  2  5  573  436  420  1548  286
20  0  3  6  165  69  178  2254  265
15  1  1  3  92  53  84  2535  234
16  1  0  1  288  162  286  2175  234
20  2  2  4  1078  944  629  1223  219
20  1  3  7  350  213  305  2119  344
17  2  0  0  423  365  253  1833  282
16  1  3  6  1054  693  878  1416  256
20  0  2  4  736  297  787  1677  314
21  0  3  6  1382  484  1626  1326  310
17  0  3  6  1388  529  1650  1257  176
23  3  1  2  77  76  40  2052  133
14  1  0  0  451  244  445  1769  203
14  0  1  2  398  115  445  2241  160
22  1  2  5  467  278  408  1972  313
23  2  3  7  431  385  248  1550  264
17  1  1  2  1226  851  1018  1141  289
16  2  3  6  108  72  76  2634  311
21  2  1  3  139  120  85  2510  309
15  2  2  5  200  154  143  2075  190
23  0  2  5  924  438  977  1353  270
21  2  0  1  691  620  420  1443  175
16  0  0  1  1057  523  1122  1358  310
20  1  0  0  1299  722  1219  1213  318
16  1  2  4  151  93  127  2363  319
15  3  3  7  613  645  331  1536  284
17  1  1  2  1249  898  1003  1118  155
15  2  3  6  424  384  259  1719  324
21  0  1  3  228  101  252  2470  236
16  1  0  1  121  91  100  2405  308
15  1  2  4  1847  1106  1823  892  285
23  2  2  5  325  263  217  1644  199
21  1  2  4  185  127  147  2239  216
17  1  3  6  1226  618  1213  1340  245
23  2  3  6  645  515  440  1733  258
22  2  0  1  304  254  231  1916  190
23  3  0  0  2291  2548  1044  557  328
22  0  1  3  1555  531  1862  1141  256
22  0  0  0  484  177  575  2241  410
21  0  2  4  809  355  851  1627  287
23  2  3  7  505  453  286  1489  330
22  0  1  3  1623  656  1851  1056  251
22  3  2  4  615  726  253  1514  180
17  3  0  0  535  588  207  1648  288
22  0  3  7  92  44  93  2468  198
15  2  1  2  777  685  461  1363  154
22  3  3  6  655  698  301  1415  324
20  2  2  4  867  715  569  1404  297
21  0  3  7  806  300  921  1611  186
21  3  2  5  953  993  410  1476  282
21  0  2  5  196  97  196  2420  250
21  0  2  5  636  241  710  1924  282
17  0  3  6  936  418  1053  1516  220
14  0  2  5  688  242  784  1660  347
16  3  1  2  1165  1260  522  1139  218
22  2  1  2  464  391  340  1748  308
21  2  1  3  299  261  193  2191  275
22  0  3  6  1619  492  1966  1110  302
16  0  0  1  1627  808  1720  1052  289
17  2  0  1  953  821  567  1420  259
14  0  0  1  532  204  574  1968  277
22  1  2  5  275  171  233  2261  202
17  0  0  1  1710  766  1857  1116  288
20  1  3  7  1608  1132  1238  1024  301
21  1  2  5  621  336  573  1754  296
16  1  1  2  600  432  479  1672  160
22  1  1  3  197  131  160  2074  320
20  0  0  0  237  97  267  2446  236
23  3  0  0  203  228  82  1702  215
20  0  2  5  1201  575  1279  1149  325
20  1  1  3  1064  595  1033  1419  309
16  1  1  3  975  613  877  1367  291
16  1  0  1  896  549  848  1447  257
21  0  2  5  763  250  898  1776  318
17  2  1  3  1077  999  642  1199  324
20  0  1  2  743  322  817  1819  304
21  2  2  5  1692  1557  954  981  251
22  1  3  6  1286  823  998  1137  262
21  0  3  7  784  387  798  1677  314
14  1  3  6  432  281  405  1989  237
16  2  3  6  357  283  218  2076  228
20  0  2  5  518  171  634  1789  241
16  2  2  4  322  232  212  1969  241
20  0  2  4  470  167  560  2007  286
15  2  3  7  302  259  203  1993  341
14  0  2  4  474  193  515  1954  260
23  1  1  2  301  216  233  2028  306
20  0  2  5  176  81  190  2295  234
15  0  1  3  275  100  306  2306  305
14  1  2  5  846  574  754  1222  181
17  1  0  0  956  647  744  1394  189
14  1  2  5  1203  702  1062  1193  325
17  2  3  6  952  832  578  1411  152
15  1  3  7  163  97  162  2368  253
22  1  1  3  163  106  131  2157  302
21  2  1  2  734  537  603  1428  187
21  2  2  4  824  642  587  1406  322
14  1  2  4  836  599  716  1405  241
15  2  3  7  904  825  554  1336  332
16  1  1  2  1232  814  1054  1182  197
17  3  3  6  459  479  208  1926  279
22  1  3  7  934  461  861  1356  298
16  3  2  4  178  167  89  2179  303
21  1  1  3  405  255  363  2116  312
17  0  3  6  460  216  460  2081  312
21  0  1  3  244  65  317  2572  325
15  2  2  4  2234  1697  1657  716  224
16  0  2  4  584  189  673  1946  243
23  0  0  0  1692  596  2021  975  275
22  1  3  6  1438  778  1382  1007  354
23  2  0  1  423  385  253  1633  265
14  0  1  2  933  293  1040  1638  264
16  3  2  4  433  432  195  1767  323
17  0  3  6  644  325  677  1768  272
20  0  1  2  1354  441  1644  1353  139
15  2  1  2  544  460  318  1652  230
14  3  0  0  554  626  187  1481  336
20  0  1  3  1582  589  1849  1203  162
17  2  1  3  1013  939  594  1275  318
15  3  1  3  456  433  251  1720  271
23  2  0  1  1139  947  784  1070  123
23  1  1  3  100  44  99  2234  140
17  1  0  0  662  435  524  1636  201
17  0  2  4  1159  575  1233  1154  267
14  3  2  5  480  586  158  1414  257
21  1  1  3  611  369  566  1656  309
20  0  0  0  1128  354  1362  1506  305
14  1  2  5  1002  691  878  1143  266
20  0  2  4  2388  856  2848  846  255
20  2  0  1  697  632  372  1571  325
20  2  0  0  588  502  340  1655  269
15  2  1  3  1109  835  762  1216  277
20  0  2  4  1616  785  1789  953  261
21  2  0  0  169  141  107  2140  274
15  1  0  0  848  510  764  1534  334
16  1  1  3  1496  957  1320  1024  244
22  0  2  5  596  294  642  1867  302
21  1  1  2  2234  1162  2282  782  304
14  1  0  0  980  693  796  1267  324
15  1  1  2  490  252  488  1859  260
21  2  1  2  380  283  306  1810  263
21  2  2  5  446  399  259  1843  307
15  1  0  0  1768  951  1724  1067  345
17  2  0  1  681  583  409  1682  320
23  3  2  5  929  1063  364  1025  256
20  2  3  6  286  201  210  1840  298
21  2  3  7  352  339  191  2051  346
23  0  2  4  100  30  120  2452  305
15  2  2  4  1158  961  764  1052  290
17  0  3  6  509  229  569  1994  158
21  1  2  4  1070  641  927  1322  282
22  3  3  6  583  628  256  1496  295
16  1  2  4  234  155  180  2139  316
17  3  3  6  834  949  299  1447  264
23  3  1  3  1548  1729  689  776  306
16  0  3  7  1190  578  1183  1239  230
16  3  1  2  127  121  67  2334  154
22  2  1  2  481  422  334  1715  225
21  0  0  1  76  31  85  2383  275
21  0  0  1  1866  613  2275  944  290
22  1  0  1  432  295  346  1785  246
17  2  3  6  1174  906  827  1277  260
15  2  3  6  2642  2247  1731  659  322
17  0  1  3  185  75  223  2086  225
21  0  1  3  82  34  89  2719  180
22  2  2  4  631  518  467  1645  278
21  0  0  0  677  199  851  1662  322
20  2  2  4  1295  939  975  1135  343
23  2  3  7  503  372  367  1494  318
21  0  1  3  407  155  482  2254  299
21  1  0  1  1729  1007  1596  891  274
17  1  1  3  1036  744  837  1247  324
15  0  1  3  680  248  784  1766  310
14  0  0  1  325  95  377  2329  306
14  1  3  6  1095  656  1085  1299  223
16  2  2  5  236  200  119  2118  341
20  1  1  3  1180  776  1027  1276  305
16  1  0  0  1221  891  1009  1141  300
15  0  3  6  684  311  777  1597  161
22  1  2  4  144  95  116  2348  139
16  0  3  7  351  110  412  2265  264
16  2  0  0  1078  832  775  1265  227
17  1  1  3  420  240  407  1863  210
14  0  1  3  1559  508  1704  1147  242
22  3  3  6  193  208  78  1966  158
15  0  3  6  292  141  316  2164  331
15  0  2  5  1685  676  2034  1000  317
14  3  3  6  673  784  236  1499  327
21  1  1  2  308  163  317  2031  277
20  3  1  2  701  830  221  1339  346
21  1  3  7  511  274  488  1975  256
23  1  3  7  2376  1202  2353  715  149
23  3  2  5  742  868  291  1159  231
21  1  0  1  1033  631  919  1223  221
14  0  1  2  432  160  453  1987  315
22  1  3  7  2729  1333  2546  740  242
14  2  3  6  128  105  88  2475  182
16  1  3  6  401  269  310  2084  326
21  0  0  1  578  177  666  1986  343
17  3  0  1  1155  1111  607  1281  250
23  0  0  1  1569  751  1657  1016  283
15  1  2  4  707  364  752  1470  320
23  2  3  7  237  202  161  2074  294
14  1  3  6  715  445  679  1564  299
21  2  0  0  464  397  304  1670  154
22  0  3  6  600  246  652  1727  275
21  2  0  0  451  384  295  1720  296
16  3  0  0  389  435  163  1795  264
14  0  0  1  1435  474  1624  1280  266
21  0  2  4  282  134  278  2199  214
15  2  0  0  161  138  86  2243  218
23  3  0  1  262  277  126  1720  206
20  2  3  7  185  132  130  2345  174
20  2  0  1  497  366  336  1934  311
20  0  2  5  529  265  550  1683  191
17  2  2  4  1783  1315  1334  817  268
23  3  0  1  1103  1126  617  1000  298
17  2  0  0  197  166  121  2182  242
20  2  3  6  243  201  147  1911  281
23  3  2  5  642  658  332  1211  291
20  1  2  5  356  216  323  1892  256
17  2  2  4  897  700  537  1387  332
17  2  1  3  246  184  174  2013  210
17  3  1  3  338  375  150  1873  220
21  0  0  0  540  222  606  1748  172
21  0  3  7  283  96  326  2361  206
15  2  2  4  459  344  346  1653  267
20  2  0  1  2253  1910  1330  781  354
20  0  2  4  1716  804  1846  1094  280
17  2  3  6  142  104  106  2526  255
17  2  3  6  1475  1078  1110  1092  302
21  2  2  5  681  607  406  1569  161
17  3  2  4  344  340  181  1715  235
21  3  1  2  1158  1270  520  1028  284
20  0  1  2  274  143  275  2476  205
16  1  1  2  331  205  295  2016  213
15  0  1  2  183  68  199  2442  282
16  0  2  5  527  244  526  1863  311
20  2  1  2  1234  1173  666  1240  318
20  2  2  4  404  327  270  1906  208
17  2  3  6  96  72  67  2567  207
14  1  0  0  1236  801  1076  1089  328
20  0  3  6  537  204  611  1717  196
21  0  2  5  405  109  501  2239  217
20  1  2  5  626  448  501  1509  290
16  3  0  0  173  196  72  2147  319
23  0  1  3  160  62  179  2117  225
21  1  0  0  654  341  628  1751  391
14  0  1  2  1781  831  1689  1042  289
23  3  1  3  540  602  241  1407  286
23  0  0  1  1087  355  1326  1380  302
21  2  3  6  444  365  308  1973  277
15  2  0  1  497  382  338  1742  210
23  1  0  0  528  329  473  1518  280
22  1  2  4  1624  971  1418  1101  277
20  2  1  3  780  724  439  1522  181
16  3  0  1  284  292  149  2006  280
20  2  2  4  112  80  79  2393  330
21  1  1  3  1279  900  1040  1202  317
15  3  3  6  442  508  192  1621  238
22  0  0  1  529  260  557  1767  236
22  1  1  2  389  217  356  2213  249
23  0  2  4  396  172  417  1841  369
17  2  1  3  472  352  332  1727  247
22  2  0  0  236  217  163  2262  196
17  3  1  2  1493  1570  745  940  311
14  1  2  4  711  510  608  1515  254
22  0  3  6  855  400  897  1358  316
20  0  0  1  727  276  833  1858  286
20  2  0  0  867  671  571  1424  360
21  0  1  3  1326  578  1499  1359  294
20  2  0  1  1014  717  742  1388  297
16  1  2  5  773  471  650  1503  266
15  0  0  1  807  340  874  1641  256
22  0  3  6  781  274  910  1619  179
20  1  0  0  1644  958  1494  1046  275
22  0  1  3  2223  1078  2353  851  263
14  1  1  3  472  259  457  1723  283
17  1  1  3  370  250  303  1944  305
22  3  2  4  724  868  276  1343  267
16  1  2  4  1154  614  1072  1264  208
21  2  0  0  492  368  382  1653  232
23  3  0  1  374  454  132  1599  202
15  1  0  0  707  414  649  1607  317
23  0  0  1  259  102  289  2218  274
21  1  2  4  387  218  346  1956  128
21  0  1  3  83  32  93  2804  294
14  0  2  4  392  146  453  2128  291
21  3  0  0  463  462  233  1747  329
21  3  0  1  1320  1366  603  1038  270
15  0  0  1  741  237  892  1793  328
14  1  1  2  270  166  231  2018  341
17  3  0  1  851  844  415  1482  134
22  1  1  2  1534  981  1329  1048  246
16  2  1  2  472  360  322  1795  233
22  0  1  3  328  111  395  2190  326
20  0  3  6  312  103  367  2063  168
15  2  0  1  655  583  351  1572  302
21  1  1  3  1020  606  953  1449  253
17  3  2  4  1099  1128  531  1057  177
15  2  1  2  237  164  170  2122  339
17  1  2  4  459  261  410  1639  110
22  0  0  0  295  139  315  2474  250
22  1  1  3  946  627  789  1405  310
20  3  2  4  1208  1129  612  1126  335
23  0  1  3  1549  450  1893  1193  200
17  3  1  2  153  161  75  2070  169
21  1  1  2  381  243  332  1838  305
22  3  2  4  500  577  216  1654  154
22  1  2  4  215  108  215  2115  197
14  2  1  2  1157  846  828  1154  201
16  1  1  3  627  439  513  1649  310
22  2  0  0  569  552  351  1736  293
23  1  1  2  1571  1058  1339  955  298
17  0  3  6  260  101  312  2400  245
15  2  1  2  269  186  191  2111  280
15  3  2  5  283  315  117  1806  313
20  1  2  5  283  191  235  1977  278
16  3  2  5  215  223  87  2116  272
17  1  0  0  540  358  425  1801  183
22  0  3  6  417  129  502  2083  319
15  1  0  0  341  228  277  2095  224
23  3  2  4  2206  2560  845  668  298
23  0  1  2  517  233  540  1694  213
21  0  3  6  391  141  448  2326  319
16  0  1  2  1372  680  1386  1186  322
21  2  0  1  314  269  205  1870  217
20  1  1  3  1045  673  929  1336  234
21  1  0  1  986  602  872  1236  318
22  1  0  1  880  469  839  1429  191
14  2  3  6  497  380  362  1850  242
22  3  3  6  628  626  325  1451  196
16  1  2  5  674  381  615  1586  142
20  2  0  0  595  480  374  1699  379
21  2  2  5  200  157  141  2243  235
17  3  1  3  582  650  246  1537  208
22  1  3  6  226  144  176  2159  246
21  2  0  1  132  121  80  2153  192
22  0  0  1  662  249  779  1812  159
14  0  1  3  584  207  629  1869  310
23  2  2  5  207  191  118  1760  183
21  2  2  5  368  288  270  1979  304
21  1  0  1  816  495  733  1386  330
21  2  3  7  1324  1152  848  1170  211
22  2  3  7  491  442  255  1758  283
16  1  2  5  520  347  415  1684  328
21  1  0  1  453  248  427  1717  252
21  0  3  6  1370  699  1369  1240  284
17  2  1  2  510  478  294  1558  323
17  0  1  2  849  431  933  1419  289
15  2  0  1  1566  1335  913  989  263
16  2  2  5  665  474  443  1563  200
16  0  2  5  2655  1053  2836  814  341
21  2  2  5  223  200  125  2183  271
22  1  2  5  345  172  335  2191  306
14  0  1  2  1181  420  1260  1415  321
20  2  3  6  851  736  482  1295  349
23  1  2  5  616  331  655  1594  262
16  3  2  4  802  771  394  1403  258
20  1  2  5  133  89  111  2179  295
14  1  0  1  1092  654  1009  1213  337
22  0  3  6  867  243  1075  1583  210
16  3  1  3  380  443  133  1849  240
16  2  0  0  1706  1504  1020  906  329
17  0  1  3  714  261  899  1648  246
23  0  1  2  735  340  765  1446  193
21  2  3  7  1050  867  719  1289  230
16  2  1  3  297  252  179  2021  203
15  0  2  4  369  124  470  2009  261
14  1  1  3  238  163  196  2120  329
20  1  2  5  510  326  463  1655  369
21  0  2  4  800  274  919  1649  268
15  2  2  4  282  231  189  1833  221
21  2  2  4  116  90  86  2366  321
16  1  1  3  556  370  476  1689  146
14  1  1  3  800  455  750  1418  324
22  1  1  3  289  190  234  2001  270
15  3  2  4  346  335  206  1677  232
16  1  2  4  673  365  620  1597  205
21  0  3  6  502  182  587  2164  217
23  2  0  1  718  568  515  1343  232
17  2  2  4  110  89  69  2122  238
23  0  0  1  2663  1062  3041  749  328
21  2  2  4  238  171  180  2163  322
15  1  0  0  1386  897  1186  1126  311
16  0  2  5  522  221  547  1858  312
14  0  2  5  1350  668  1354  1026  268
16  0  1  2  138  44  158  2568  269
20  1  1  3  758  425  736  1699  278
22  1  1  3  1188  678  1073  1190  284
21  0  1  3  557  171  703  2072  189
22  1  1  2  400  252  335  1889  148
22  1  1  2  321  182  294  2051  184
21  2  3  7  1687  1433  1117  1012  313
15  1  2  4  416  259  394  1769  304
16  0  3  7  169  64  186  2432  241
16  2  0  1  125  122  60  2308  292
22  0  2  5  434  204  465  2115  289
21  2  3  7  331  271  228  2095  317
17  3  0  1  1225  1240  577  1222  264
14  1  0  0  595  422  473  1569  312
20  2  0  1  186  165  101  2322  326
23  1  2  4  450  237  439  1683  284
15  1  3  7  1336  797  1321  1142  278
21  3  0  1  729  788  303  1414  308
23  2  1  2  449  401  271  1517  308
16  1  2  4  611  399  491  1633  313
14  0  1  2  541  201  568  1971  215
21  3  0  0  2359  2426  1101  759  308
14  1  1  3  692  505  538  1477  328
20  0  1  3  339  177  346  2292  195
20  1  0  0  270  169  235  2246  256
21  0  1  2  721  216  935  1671  208
21  1  0  1  156  79  152  2199  258
21  0  1  2  789  278  961  1604  271
14  2  3  6  933  711  670  1424  265
20  0  2  4  173  49  216  2483  321
21  0  1  2  1022  308  1313  1433  191
16  0  2  5  966  463  945  1425  160
17  1  2  4  1303  902  1028  1002  314
14  0  3  7  646  189  801  1771  213
20  2  1  2  405  346  251  1928  148
23  1  0  0  325  185  310  1769  284
16  2  0  0  1277  917  988  1146  298
20  1  3  7  753  408  721  1642  302
21  0  0  0  500  160  609  1852  409
22  2  2  4  826  656  578  1427  208
15  0  1  2  1098  469  1193  1355  299
23  0  2  5  138  43  161  2155  240
21  2  3  6  565  490  370  1831  163
21  2  0  1  595  468  438  1515  325
23  3  2  4  1055  1243  385  1078  315
15  1  2  5  1469  990  1328  992  293
14  0  1  2  395  132  433  1955  290
15  1  0  0  815  472  751  1536  207
15  3  1  3  1382  1341  728  1031  348
17  0  0  1  530  211  607  1940  321
16  2  2  5  1676  1284  1032  934  338
23  3  0  0  991  1126  424  937  322
15  0  1  2  250  91  271  2327  268
17  1  1  3  573  385  496  1630  261
20  1  0  0  458  259  428  1975  217
22  2  1  2  2062  1831  1415  778  123
22  2  0  1  891  755  569  1353  263
17  3  2  4  848  862  414  1225  202
16  1  1  3  505  293  475  1811  232
21  0  2  5  238  91  268  2417  249
16  0  0  0  151  71  163  2422  323
22  0  0  0  432  199  468  2178  204
23  0  1  2  1477  444  1802  1111  286
22  1  0  1  1266  735  1140  1165  320
14  3  1  3  229  275  70  1886  336
15  2  0  1  1413  1135  900  1092  292
20  1  2  5  1470  901  1337  995  291
16  0  3  6  686  232  790  1940  371
20  1  3  6  93  67  69  2336  311
17  2  1  2  178  145  119  2089  317
21  3  2  5  161  155  84  2271  279
14  1  3  7  548  310  568  1640  140
22  0  2  5  1303  442  1589  1379  249
16  1  3  6  215  111  212  2519  309
17  3  1  3  119  127  49  2230  324
23  2  2  5  933  684  700  1110  305
16  3  1  2  453  529  167  1797  192
16  1  1  2  602  337  582  1717  299
22  0  1  3  303  102  361  2164  310
21  0  0  1  381  158  429  2296  315
20  0  0  0  354  124  412  2268  301
15  1  0  1  810  450  769  1575  183
20  0  2  4  1432  662  1548  1096  313
20  1  1  3  541  310  516  1943  329
15  3  2  5  182  185  99  1962  171
22  1  0  1  637  452  498  1550  232
16  1  0  0  1452  796  1426  988  363
23  3  0  0  1451  1724  546  769  246
15  0  2  4  544  236  608  1747  314
15  2  0  1  845  777  438  1373  326
15  1  2  4  1219  844  1078  1058  254
15  2  2  4  935  733  670  1202  279
20  2  0  0  634  577  326  1603  197
21  2  2  4  595  452  437  1611  167
16  0  3  7  241  73  277  2374  312
16  1  0  0  2212  1470  1973  817  154
23  2  0  0  879  743  578  1104  176
16  0  3  6  1012  401  1101  1623  192
20  1  1  2  311  179  290  2298  245
20  0  2  5  892  388  994  1386  255
20  2  0  1  584  503  327  1738  327
21  2  0  1  784  655  542  1388  237
14  3  2  4  700  838  256  1360  235
22  1  0  0  1428  953  1172  1202  316
21  0  2  4  1343  556  1456  1251  170
23  2  1  3  912  711  656  1174  247
22  3  1  3  127  146  48  2002  112
17  0  2  4  423  182  430  2020  300
14  1  2  5  418  292  368  1641  199
20  1  3  7  1597  913  1475  1053  223
15  1  3  6  458  339  384  1779  259
21  1  0  0  568  314  539  1650  267
14  0  3  6  944  330  1118  1725  282
21  2  1  2  987  723  816  1259  309
16  0  0  0  1093  344  1372  1468  303
17  0  2  4  584  232  686  1667  221
14  0  2  4  697  328  701  1682  324
20  0  0  1  1494  595  1673  1220  297
14  3  0  0  426  428  201  1662  297
20  1  3  6  1717  1180  1373  894  327
14  3  1  2  223  257  79  1985  240
16  1  2  5  180  97  163  2344  216
23  2  3  6  882  779  567  1280  336
17  2  1  3  984  901  590  1238  167
20  1  0  1  496  330  400  1954  289
14  0  0  1  508  206  527  1935  120
14  1  3  7  128  96  104  2203  314
15  2  2  5  250  206  167  1947  292
20  1  2  4  756  541  618  1465  343
23  0  0  1  967  413  1069  1421  178
22  1  3  6  1260  707  1085  1188  279
20  1  3  7  547  294  527  1886  309
23  0  2  4  447  165  498  1838  237
15  2  0  1  1015  858  602  1328  261
15  2  3  7  339  278  241  1975  293
22  1  2  4  966  601  821  1425  190
14  0  1  2  2070  983  1949  876  188
21  0  1  3  617  247  681  1777  190
17  3  3  6  622  677  262  1678  313
20  1  1  2  200  141  172  2438  173
20  0  3  7  79  34  86  2706  304
21  0  0  0  466  158  558  1861  242
16  1  1  2  390  263  327  1983  193
22  1  2  4  272  145  252  2242  303
15  1  1  3  597  349  562  1692  300
23  0  0  1  465  158  560  1958  201
17  0  0  0  394  182  424  2028  259
16  3  2  4  156  150  75  2262  298
20  1  0  1  176  94  171  2625  273
21  0  3  7  1380  650  1427  1238  293
17  3  1  2  345  366  162  1757  325
21  1  2  5  1034  702  804  1313  179
17  3  2  5  460  489  171  1773  109
23  0  2  4  1027  436  1107  1299  243
15  2  2  4  85  77  51  2190  269
16  3  3  7  351  416  110  1949  319
14  2  3  6  552  435  383  1765  198
23  3  2  5  1150  1279  495  942  333
15  2  0  1  242  192  156  2169  315
15  1  0  1  523  375  408  1821  231
22  1  1  3  1669  986  1472  977  241
22  0  2  4  2584  1372  2645  794  239
14  1  2  5  911  628  802  1154  294
16  0  3  7  649  269  690  1761  210
16  1  0  0  1386  963  1145  1089  310
21  1  3  7  682  406  610  1756  313
15  2  0  1  281  229  171  2096  246
21  1  3  7  773  540  606  1565  230
22  0  0  1  1597  809  1678  1019  306
23  0  1  2  402  152  453  1984  220
15  0  3  7  2449  1094  2803  834  333
15  1  3  6  88  61  78  2425  160
17  3  1  2  264  286  128  1899  300
21  0  0  1  483  172  577  1690  255
16  0  2  4  1885  747  2012  999  232
21  3  3  7  570  569  281  1741  300
23  0  2  4  658  213  859  1708  219
23  1  0  1  265  171  233  1983  308
20  0  0  0  283  130  290  2306  269
16  1  0  0  447  272  440  1807  163
14  0  0  1  325  137  331  2112  250
20  0  0  1  160  76  167  2650  147
17  1  0  0  2775  1767  2286  730  258
21  1  1  2  368  229  327  1962  322
17  2  0  1  375  305  240  2131  250
16  2  1  2  317  233  227  2037  326
21  1  0  1  573  349  490  1903  332
14  3  1  3  569  624  234  1467  229
16  0  3  6  1894  667  2138  1079  334
15  1  2  4  670  447  607  1480  315
22  2  3  7  90  90  39  2162  246
20  2  2  4  848  690  560  1405  264
20  2  3  7  615  464  427  1728  185
17  0  3  7  412  145  488  2013  249
17  0  1  2  306  96  402  2114  306
21  1  1  2  442  212  465  1815  237
21  2  0  0  706  564  513  1404  289
17  1  1  2  644  421  568  1550  202
15  3  3  7  729  798  352  1414  143
20  1  3  7  1133  812  870  1311  254
16  3  2  5  1044  1054  440  1211  312
16  0  1  2  504  224  535  1947  303
16  0  3  6  1353  521  1487  1321  315
14  1  1  3  613  334  590  1623  249
21  1  2  4  106  77  82  2402  313
16  3  1  3  1043  1239  357  1200  206
23  3  0  0  277  283  147  1594  306
23  3  3  7  206  227  93  1872  190
22  2  0  0  1239  1029  931  1224  321
17  2  1  2  921  821  573  1230  266
20  0  0  0  1130  532  1181  1372  203
21  1  2  5  86  44  83  2542  260
15  0  1  3  1430  438  1746  1202  296
14  0  1  3  1717  675  1761  1016  314
21  0  3  6  1891  914  1933  1096  323
20  0  1  2  992  456  1067  1605  298
21  2  0  1  375  362  200  1769  238
21  0  0  0  1251  399  1560  1228  322
22  2  1  2  159  129  120  2195  255
15  1  1  2  214  122  200  2254  147
15  2  3  7  994  778  739  1306  291
21  3  2  5  312  294  178  1766  325
17  1  2  4  741  380  721  1441  298
20  0  3  6  1401  451  1705  1169  331
22  0  1  2  255  116  276  2208  245
21  0  0  0  874  296  1061  1464  328
22  2  1  2  1244  1139  829  1076  232
20  1  0  1  1397  919  1154  1187  286
14  1  1  2  784  558  632  1467  326
17  3  2  4  986  1066  420  1148  246
21  1  1  3  596  370  538  1823  263
15  0  2  4  870  366  1021  1384  309
20  2  0  0  1202  988  725  1174  309
20  2  0  0  205  173  107  2233  195
17  1  1  3  234  141  212  2250  295
15  0  1  3  1399  516  1600  1190  295
16  2  3  6  157  125  90  2462  262
21  0  2  5  1745  768  1838  998  325
16  1  3  6  493  268  462  2062  325
20  1  0  0  772  393  768  1590  255
16  1  2  5  165  118  120  2334  190
21  3  2  5  977  990  441  1332  140
23  3  2  5  310  334  139  1641  219
21  1  0  1  271  171  233  1954  334
17  3  0  0  122  129  47  2300  212
21  0  2  5  370  164  396  2192  263
17  2  0  1  467  358  321  2020  240
21  0  2  5  224  65  272  2479  159
21  0  0  1  750  299  866  1517  201
22  0  0  1  192  79  225  2366  297
14  2  2  5  312  242  229  1721  355
23  2  0  1  539  491  320  1506  240
21  1  0  0  643  360  611  1632  231
20  1  3  6  805  548  648  1361  192
21  0  3  7  316  105  374  2337  196
15  1  1  3  140  68  140  2523  142
17  2  1  2  134  110  90  2174  320
23  0  1  2  1067  375  1240  1308  289
14  3  1  3  1047  1202  375  1072  276
20  2  3  6  411  321  268  1644  178
15  1  0  1  517  378  397  1731  326
14  3  2  4  383  436  160  1685  271
15  0  3  6  251  93  308  2210  348
17  1  2  4  1258  866  998  1022  234
16  1  3  6  907  576  769  1497  202
16  0  2  4  571  256  573  1795  308
14  1  3  6  907  629  810  1442  288
16  3  2  4  517  479  268  1669  329
23  2  2  5  247  182  178  1745  309
14  1  0  1  1484  889  1374  1006  187
14  1  2  4  187  110  183  2253  322
15  0  2  4  796  363  908  1457  270
21  0  1  2  463  133  594  1904  300
21  1  1  3  190  122  163  2488  321
21  2  2  5  214  200  131  2136  200
17  0  1  2  208  79  258  2296  329
21  0  3  6  696  252  808  1949  235
21  0  0  1  522  246  548  1653  268
23  1  2  5  1360  756  1273  949  319
21  0  0  1  1636  760  1738  1007  182
15  1  0  1  496  314  431  1903  411
20  1  2  5  383  268  321  1816  268
14  3  0  1  1600  1709  641  865  309
16  3  1  3  527  625  181  1670  246
17  0  0  1  149  73  156  2668  273
20  0  0  0  273  102  310  2454  214
20  0  2  5  634  225  713  1798  238
16  0  1  2  313  153  312  2242  132
16  2  2  4  217  168  124  2135  142
22  1  3  6  1447  904  1143  1060  330
14  2  3  6  193  153  124  2147  320
15  2  1  2  792  600  536  1467  296
15  1  2  5  818  532  754  1384  185
21  0  0  0  1412  477  1714  1105  264
15  2  1  3  1333  973  958  1127  270
15  2  3  6  447  370  317  1749  253
21  2  0  0  610  513  417  1511  356
17  3  1  3  285  328  114  1897  309
14  1  0  1  498  289  469  1788  310
15  0  0  0  1334  418  1609  1351  352
20  0  0  1  1626  540  1945  1219  313
15  0  2  5  514  246  581  1783  305
17  2  1  3  655  611  375  1493  306
20  2  3  7  607  443  438  1732  217
16  2  3  6  606  506  363  1750  353
23  0  0  1  501  176  593  1900  352
20  1  1  3  106  69  87  2496  250
15  0  2  4  1015  418  1218  1306  253
20  2  1  2  329  250  237  2148  315
20  0  0  0  539  225  590  1953  319
16  1  0  1  276  170  256  2190  201
22  0  2  4  374  183  403  2118  221
15  3  1  2  171  176  80  2089  307
15  0  0  1  330  145  348  2279  309
17  1  0  1  416  209  407  2153  318
17  0  1  3  152  66  185  2141  334
22  0  0  1  218  114  221  2063  202
21  1  2  4  427  264  361  1856  260
14  1  3  6  1659  929  1700  1058  169
21  1  0  1  631  346  605  1545  219
15  2  0  0  455  326  331  1925  251
21  1  2  4  489  328  376  1769  182
16  1  3  6  611  392  513  1826  269
23  2  0  1  2049  1888  1204  712  174
21  2  2  4  472  416  288  1745  158
21  0  2  4  1072  495  1099  1375  276
15  2  3  6  216  173  148  2058  315
15  1  0  1  955  613  820  1387  334
22  1  1  3  862  518  760  1410  295
22  3  2  5  737  817  353  1427  278
16  0  2  5  323  100  377  2278  321
15  0  2  4  1375  652  1553  1070  309
16  2  2  4  265  187  174  2117  314
22  3  1  3  1057  1241  473  1065  247
22  3  3  7  525  513  282  1484  129
17  1  1  2  304  189  273  1991  249
20  0  1  2  672  222  813  1925  340
20  2  2  4  136  117  77  2373  315
16  3  2  5  422  415  190  1766  298
21  2  1  2  2176  1878  1455  770  260
16  3  2  4  663  628  327  1518  297
21  2  0  1  301  253  179  2233  240
20  3  2  5  696  680  321  1456  162
21  1  0  1  881  450  884  1302  291
20  1  2  5  503  304  454  1719  281
16  0  0  0  970  437  1071  1436  319
21  1  1  3  1683  894  1704  1104  295
17  2  0  0  309  261  185  2019  260
15  0  2  4  649  261  790  1615  196
15  2  3  6  597  538  369  1520  247
22  1  1  2  685  376  637  1639  153
21  0  1  3  754  216  980  1876  240
21  1  3  6  522  360  399  1902  127
16  1  3  7  694  389  643  1619  209
21  1  2  4  106  56  97  2504  203
23  0  1  3  527  204  596  1808  299
15  2  1  2  804  558  605  1427  265
22  3  2  5  789  937  309  1359  224
17  3  1  2  334  331  186  1793  232
15  1  3  7  763  438  776  1581  262
21  3  1  3  750  785  339  1589  307
23  2  2  5  360  334  197  1542  342
16  2  0  0  730  637  447  1478  231
20  0  3  6  515  178  602  1757  328
20  2  3  7  1136  891  746  1264  244
16  0  1  2  351  140  386  2212  299
15  2  3  7  166  143  102  2246  284
17  2  1  3  790  687  515  1415  179
20  1  3  7  515  333  433  1862  306
16  2  0  0  287  229  191  2060  271
22  0  2  5  489  229  530  2031  274
21  2  3  6  1142  1110  619  1260  352
15  0  3  6  1325  508  1606  1167  348
15  2  3  6  1053  776  832  1214  307
15  1  3  6  877  608  775  1354  191
15  2  1  3  367  279  253  1909  184
20  1  3  6  842  571  683  1340  254
22  1  3  7  302  203  221  1941  325
23  0  1  3  168  60  194  2301  328
14  3  0  1  241  250  104  1969  352
20  0  3  7  986  508  990  1495  322
23  3  1  3  303  334  139  1658  189
23  0  1  2  478  152  562  1872  298
16  2  0  1  150  135  85  2272  259
17  2  2  4  387  283  285  1706  288
21  3  1  2  1016  1036  492  1208  217
20  0  0  1  1574  723  1665  1183  266
16  2  3  6  1251  921  854  1270  204
22  1  2  4  803  470  705  1558  330
23  0  1  3  1998  808  2323  1049  256
21  2  0  1  470  372  322  1840  269
14  1  3  7  186  91  206  2171  360
16  3  3  6  873  857  456  1483  337
20  0  3  6  1340  597  1450  1082  310
21  0  2  4  2811  1133  3076  781  341
14  0  2  4  912  368  988  1563  313
14  1  3  6  807  446  848  1615  326
20  1  3  7  1432  742  1409  1219  178
20  1  3  6  98  74  70  2170  269
17  0  1  2  844  376  983  1350  183
21  2  3  6  2165  1820  1455  913  223
21  1  1  2  1525  938  1393  1029  298
17  1  1  3  1658  885  1665  994  288
14  1  1  2  351  210  320  2035  308
15  1  3  6  588  328  604  1677  286
23  1  1  3  662  391  605  1625  189
20  0  2  4  1214  493  1389  1258  259
16  1  3  7  526  326  463  1768  117
20  0  3  6  1454  646  1564  1053  298
23  0  3  7  818  265  975  1430  318
20  1  0  1  405  274  321  1988  250
16  1  3  6  399  227  361  2152  235
21  1  1  3  894  501  870  1567  242
22  1  3  6  1107  630  946  1269  190
20  1  2  4  1115  793  904  1235  267
16  3  0  1  1212  1341  529  1140  313
14  1  2  4  1395  996  1196  1063  234
17  2  2  4  838  675  576  1274  161
16  0  0  1  894  415  974  1531  220
22  0  1  2  237  103  261  2257  256
21  0  1  2  1378  499  1673  1106  363
23  0  0  0  1515  590  1749  1037  309
15  1  2  4  479  314  442  1706  143
22  1  3  7  291  183  236  1839  273
22  1  0  0  275  181  228  2293  267
23  0  1  2  1335  647  1368  1067  387
16  3  2  4  845  817  409  1325  334
15  1  0  0  602  323  571  1802  228
22  2  0  0  580  570  354  1756  300
14  1  1  2  805  495  723  1448  253
22  0  3  6  513  227  545  1828  344
22  3  3  7  674  785  243  1306  335
22  0  2  4  763  361  826  1612  268
23  0  2  4  473  137  603  1916  203
21  1  0  0  431  297  350  1778  313
16  0  1  2  802  402  803  1569  231
21  1  2  4  961  616  788  1367  253
15  2  1  2  1031  782  697  1233  275
17  1  0  0  1783  1065  1544  972  308
14  0  0  0  668  246  723  1698  274
16  1  2  4  529  249  522  1828  229
22  3  3  6  648  717  255  1641  255
16  1  1  3  912  489  874  1425  330
15  2  3  7  1093  859  801  1242  263
15  3  3  7  393  469  152  1740  300
15  0  2  5  819  275  1050  1538  322
15  2  2  4  920  676  710  1253  286
15  0  1  2  488  173  571  1978  326
22  1  1  3  280  149  268  2070  328
22  3  3  7  648  678  310  1414  334
22  1  3  7  344  247  305  2057  392
22  2  3  6  1054  791  785  1223  260
17  2  0  0  541  416  378  1713  222
23  2  0  1  1601  1355  1064  900  338
16  1  1  2  452  299  388  1820  311
16  3  3  7  1315  1468  499  1084  328
20  2  3  6  624  495  395  1502  316
16  0  1  3  1824  871  1864  979  312
20  1  2  4  153  94  137  2347  266
20  0  0  1  1661  553  1988  1220  190
22  0  2  4  1212  416  1486  1395  239
23  3  0  1  767  768  439  1216  204
21  0  3  7  1574  728  1646  1141  299
20  0  0  0  1518  569  1743  1219  297
22  3  2  5  158  188  61  2263  319
20  2  0  1  206  142  151  2331  273
15  2  2  5  554  425  405  1564  233
21  0  1  3  833  307  1006  1721  336
20  2  2  5  893  725  593  1304  312
23  0  1  3  1426  504  1650  1143  239
14  3  2  5  463  550  167  1402  325
21  0  1  2  1487  548  1807  1060  271
15  0  2  4  1167  527  1327  1218  276
22  3  3  6  738  715  399  1402  278
23  3  0  1  319  334  167  1695  205
17  3  2  4  755  741  394  1273  234
22  1  3  7  393  250  303  1823  231
22  3  1  3  915  1098  393  1167  325
21  0  1  3  959  380  1122  1659  296
22  0  1  2  841  424  920  1387  307
14  1  0  1  409  292  322  1818  281
21  2  2  5  739  594  509  1524  235
14  2  2  5  1216  948  854  1017  265
21  1  3  6  1476  939  1259  1190  249
22  1  0  1  1821  1158  1547  929  350
15  2  3  7  274  222  200  2063  315
15  1  2  5  868  585  772  1368  200
23  3  2  4  416  477  168  1628  301
23  3  2  4  216  252  82  1927  235
16  1  1  2  869  603  713  1459  333
22  3  2  5  2013  2490  691  842  356
15  2  1  2  523  371  404  1732  219
15  2  1  2  329  239  235  1967  283
16  3  1  3  1073  1272  367  1202  346
20  2  3  6  172  127  119  2029  327
20  2  3  7  966  761  631  1386  297
15  1  1  2  332  227  267  2007  306
22  0  1  2  1567  735  1683  1107  255
15  0  0  1  1058  424  1173  1471  239
21  2  2  4  374  327  232  1871  320
21  0  1  3  569  178  727  2069  168
16  1  0  0  1408  913  1281  1084  195
20  2  3  6  548  478  312  1574  222
21  1  0  1  989  665  815  1241  251
14  0  1  2  1749  804  1677  995  295
15  2  1  2  313  254  195  1980  277
20  2  1  3  134  115  90  2425  292
15  1  1  2  748  388  798  1508  172
20  2  3  6  261  179  198  2024  360
17  2  1  2  630  533  422  1489  277
15  0  2  4  214  78  269  2279  283
22  1  0  0  494  311  431  1986  263
22  2  3  6  607  448  468  1590  316
21  0  3  7  618  265  670  1842  196
21  0  0  0  1273  455  1394  1289  318
15  2  2  5  1095  867  771  1157  249
20  2  1  2  507  455  317  1573  244
20  0  3  6  581  232  646  1649  281
16  2  0  1  841  745  501  1391  328
16  0  1  2  359  128  421  2137  187
16  0  0  1  960  405  1092  1496  278
16  1  2  4  407  220  373  1935  328
15  3  0  1  364  371  176  1847  320
14  1  1  3  645  409  562  1528  330
22  0  3  7  1654  763  1729  998  322
15  0  0  0  528  239  552  1906  230
14  0  2  5  1336  652  1334  1076  182
21  1  3  6  1340  987  993  1179  262
17  0  0  1  285  126  312  2385  305
21  2  3  7  800  660  553  1559  319
20  0  2  4  179  51  230  2512  163
20  1  3  6  822  529  700  1375  344
21  1  1  2  195  121  174  2190  318
16  2  0  0  304  218  236  2052  274
16  1  3  6  1295  787  1135  1251  150
14  0  0  1  461  157  498  1948  308
14  1  0  0  449  251  435  1778  220
16  2  3  7  1002  895  529  1298  184
22  3  3  6  684  676  364  1391  194
14  2  2  5  299  229  214  1735  217
23  2  2  5  955  847  564  1032  263
16  2  1  3  461  427  244  1742  327
22  3  1  3  190  223  88  1968  275
21  3  0  1  937  938  462  1238  321
20  0  0  1  935  426  994  1588  269
20  0  0  1  352  135  397  2115  259
22  0  3  7  1231  362  1512  1220  335
21  0  1  2  962  419  1090  1362  343
21  2  0  0  640  532  444  1489  263
15  2  0  0  1013  896  549  1277  217
20  1  1  2  1094  630  1042  1417  188
14  1  2  5  487  275  492  1496  332
23  0  2  4  93  29  109  2489  152
17  1  3  6  746  443  662  1660  183
21  1  3  7  289  203  222  2111  321
15  1  0  0  310  227  236  2159  268
15  1  3  6  1553  1026  1437  1022  351
17  1  2  4  745  502  605  1386  285
15  1  0  0  725  496  586  1597  292
23  2  2  5  1333  1179  782  878  238
20  0  3  7  310  131  331  2270  319
15  0  1  3  395  185  408  2044  322
16  0  1  3  351  154  366  2123  317
16  0  3  7  1543  541  1749  1127  332
22  2  2  4  286  244  145  2032  350
21  0  3  7  695  253  803  1766  283
22  3  2  5  136  149  65  2300  318
22  3  2  5  1209  1375  538  1095  276
22  2  1  3  703  620  486  1427  277
15  0  2  4  988  308  1299  1367  349
14  0  3  7  404  155  458  1959  258
16  2  2  4  588  462  345  1579  327
16  3  1  3  917  1052  349  1258  302
14  1  3  7  811  501  785  1477  273
20  1  3  6  671  343  664  1539  218
20  1  1  2  593  354  551  1877  276
21  0  1  3  352  166  387  2239  320
16  1  3  6  610  321  586  1874  279
16  0  1  3  329  143  353  2148  313
20  0  0  0  2324  1136  2366  863  341
20  0  3  7  1055  385  1224  1413  327
21  2  2  5  1482  1199  1022  1028  180
16  1  3  7  1476  954  1239  1071  276
20  1  1  2  367  199  358  2231  144
20  2  1  2  994  840  643  1396  295
22  1  1  2  462  325  359  1830  315
21  0  1  2  805  272  997  1588  330
20  1  1  2  123  75  113  2595  322
20  1  2  5  138  75  141  2295  318
23  0  0  1  824  297  976  1626  161
20  2  2  5  1447  1267  851  1002  332
22  0  1  3  526  187  621  1855  255
16  2  2  4  205  153  128  2196  210
20  1  2  4  656  351  653  1661  200
20  1  1  2  843  474  818  1675  338
15  1  0  1  578  404  461  1767  287
15  0  3  7  562  278  622  1808  266
16  2  1  3  1037  775  737  1304  140
16  0  2  5  578  266  572  1785  335
22  2  2  5  163  129  121  2391  318
15  2  0  1  791  736  407  1451  248
16  0  3  6  1324  619  1353  1331  255
21  0  3  6  231  94  258  2505  331
21  0  2  5  832  337  907  1626  346
17  1  1  2  108  76  87  2236  380
22  2  0  0  349  293  213  1969  251
20  1  3  6  108  64  101  2427  379
20  2  1  2  1070  991  604  1297  339
16  3  0  0  353  392  154  1857  320
16  3  2  4  263  250  128  2103  357
15  2  2  5  608  452  457  1546  316
20  1  2  5  667  374  643  1549  281
16  1  0  0  162  98  152  2373  308
15  1  3  6  433  306  368  1823  200
15  2  3  6  420  321  324  1816  184
23  0  0  0  1708  828  1782  928  299
15  0  0  0  318  139  336  2287  323
17  1  3  6  531  304  488  1906  254
20  1  0  1  1438  972  1158  1138  302
23  1  2  5  914  501  863  1185  326
15  0  0  1  1018  502  1032  1423  345
23  1  0  1  645  412  559  1515  267
17  0  0  0  2435  1006  2797  818  348
21  0  2  4  1376  500  1555  1306  238
14  1  0  0  264  177  226  2008  325
17  2  1  3  371  357  202  1818  333
16  0  2  5  239  84  272  2371  232
22  2  0  0  380  374  231  1999  164
23  3  2  5  418  410  234  1496  326
15  0  3  7  537  275  581  1813  338
16  0  3  6  196  92  197  2545  188
20  0  0  0  844  428  848  1565  340
20  2  1  2  160  128  107  2446  300
16  3  2  4  462  510  153  1765  333
17  2  1  2  855  693  609  1279  229
23  3  0  1  684  692  381  1297  312
20  0  0  1  881  412  924  1640  265
20  0  0  1  251  88  294  2272  315
14  3  1  2  382  433  142  1719  232
14  0  2  4  503  232  510  1884  308
20  1  1  2  1291  908  1065  1175  249
15  1  2  5  373  262  325  1837  321
21  3  2  4  77  87  30  2301  207
21  2  3  6  538  480  332  1800  185
17  2  0  1  809  724  452  1585  194
17  0  0  0  356  145  399  2081  225
20  0  3  6  659  192  813  1551  348
17  3  1  3  733  865  260  1364  277
17  2  3  6  1008  923  563  1296  302
21  0  2  5  368  148  392  2243  257
21  1  1  3  424  269  370  1968  270
14  0  2  5  260  107  281  2048  295
20  2  2  5  230  187  157  2082  295
14  0  2  4  364  154  384  2174  213
21  1  1  2  249  163  221  1963  329
16  2  0  1  288  257  167  2040  319
16  0  3  7  330  147  338  2131  313
16  1  1  3  1908  1237  1659  879  322
22  3  3  6  1283  1258  687  1000  249
15  2  2  4  167  144  111  1948  300
15  1  1  3  192  124  160  2295  312
22  3  2  4  523  581  249  1616  219
22  3  3  7  136  146  53  1993  236
17  1  0  0  642  380  550  1674  201
17  3  2  4  257  294  95  1842  234
21  0  2  5  419  158  459  2184  219
23  3  2  4  1121  1220  506  982  304
21  0  3  6  1747  830  1800  1102  332
16  1  1  2  443  322  350  1867  322
16  1  3  7  332  204  287  2014  293
23  1  2  5  281  146  270  1791  279
20  2  0  0  455  390  258  1804  247
15  3  2  4  142  161  62  2002  309
22  1  1  2  709  510  543  1478  282
21  0  0  0  1178  458  1257  1253  377
23  3  0  1  703  713  390  1235  306
22  2  0  1  543  493  366  1558  334
20  1  1  2  639  474  506  1790  302
16  2  2  5  169  113  114  2278  321
16  0  3  6  440  140  507  2291  330
14  3  0  1  300  310  130  1860  322
14  1  0  0  389  228  368  1845  331
15  0  2  5  1256  369  1681  1205  256
20  2  2  5  456  329  346  1719  324
21  0  1  3  655  263  767  1918  321
23  0  0  1  886  402  927  1545  309
14  0  3  6  1425  614  1539  1250  193
16  2  3  6  553  430  354  1825  240
16  2  0  0  259  181  203  2158  298
22  3  1  2  828  1047  302  1269  284
21  0  2  5  1392  590  1494  1209  216
22  1  0  0  378  249  345  1955  260
17  0  1  2  676  343  743  1549  254
22  0  3  6  633  301  641  1645  309
15  1  3  6  339  187  357  2015  217
16  1  2  4  294  153  276  2146  225
14  1  0  1  829  473  793  1430  331
21  0  1  3  1251  481  1488  1411  326
21  2  1  3  209  172  147  2343  274
22  1  1  2  624  414  508  1628  280
23  0  2  5  190  58  224  2151  294
17  2  0  0  405  323  264  1887  169
20  0  1  2  550  259  587  2002  340
22  0  3  6  504  202  554  1878  183
20  1  1  2  578  325  557  1955  256
23  1  1  3  894  549  787  1257  326
21  2  3  6  406  321  295  2064  178
23  0  1  2  2105  664  2532  842  210
20  2  0  0  133  108  78  2379  224
20  0  2  4  790  314  915  1732  234
21  2  1  3  663  480  547  1733  309
16  1  1  3  617  400  539  1660  333
22  3  3  6  1127  1103  605  1113  353
16  3  1  3  141  136  74  2243  322
22  0  2  5  538  206  632  2072  317
23  0  1  3  875  309  1020  1496  328
14  0  3  6  689  267  778  1948  271
23  3  0  0  1947  2182  881  630  140
21  2  2  4  1372  1020  1042  1134  278
15  1  3  7  768  506  714  1557  277
17  2  3  6  983  762  696  1373  245
22  2  0  0  563  495  404  1793  224
14  3  1  3  864  957  339  1198  226
20  0  3  6  1736  741  1902  932  219
21  0  3  7  276  109  305  2420  319
23  0  1  3  1748  792  1825  990  330
23  0  0  1  424  161  490  2012  261
16  2  3  7  585  422  412  1706  192
15  1  1  3  1410  720  1505  1126  295
17  1  0  1  331  198  280  2261  244
15  2  2  4  1267  1036  856  1006  232
21  0  2  5  1420  557  1580  1213  199
17  0  2  4  1356  601  1519  1086  249
16  2  1  3  388  306  249  1789  197
14  1  0  1  1079  747  885  1196  309
20  2  1  2  952  720  696  1444  329
14  1  1  3  1037  760  812  1191  224
21  1  3  7  273  160  245  2155  347
17  0  0  0  847  366  933  1524  324
16  1  0  0  1078  780  886  1251  336
20  0  2  4  1793  600  2177  1059  269
20  0  2  5  1663  825  1736  948  331
22  0  1  2  2296  1183  2363  822  287
22  0  0  1  1495  736  1591  1067  193
22  1  0  0  897  591  741  1592  255
15  1  0  1  121  90  93  2431  314
21  1  0  1  1011  512  1017  1269  339
15  1  2  4  337  202  327  1863  247
20  2  0  1  989  767  652  1378  281
21  3  2  5  2053  2136  894  836  341
21  0  2  5  827  362  871  1588  276
22  1  2  4  748  408  699  1675  240
21  1  0  1  947  631  782  1211  314
15  2  2  5  332  267  236  1838  253
14  1  0  1  790  399  809  1492  293
14  0  3  6  217  104  223  2544  262
16  2  0  0  307  263  188  1964  273
22  2  1  2  1564  1334  1138  947  284
15  0  2  5  326  147  372  1994  310
21  0  2  5  351  105  426  2311  162
22  1  1  3  333  223  275  1900  233
22  2  0  1  323  292  216  1832  273
22  3  3  7  838  885  381  1259  181
20  1  2  5  759  428  734  1472  237
22  2  1  2  305  271  212  1923  353
16  2  2  4  893  660  575  1370  262
20  1  2  4  153  80  145  2364  233
23  3  1  2  743  900  264  1211  341
20  0  1  3  1518  724  1611  1205  335
20  2  1  2  444  347  317  1990  323
17  0  1  3  353  123  449  2100  321
16  1  3  6  1540  1018  1279  1091  278
21  0  0  1  841  311  973  1435  135
22  3  3  6  994  1002  504  1165  283
21  2  1  3  1019  834  727  1357  98
21  2  3  6  321  257  237  2127  255
23  1  1  2  309  156  307  1906  329
14  2  3  6  459  353  308  1823  281
20  1  1  2  277  175  249  2302  320
15  0  3  6  921  474  997  1372  315
16  3  1  3  329  322  178  1920  327
14  1  1  3  1195  735  1073  1113  288
22  1  0  0  151  81  145  2580  267
21  1  0  0  2378  1618  1943  750  190
21  3  0  0  165  184  56  2189  226
22  3  1  3  847  1030  297  1214  290
16  1  2  4  289  158  265  2149  315
15  0  2  4  1394  512  1740  1073  244
22  1  3  6  795  432  699  1487  243
15  2  1  3  474  422  260  1757  310
16  0  0  0  2008  622  2325  991  359
22  1  3  6  2144  1293  1746  834  356
22  0  2  5  301  99  377  2493  321
15  0  1  3  264  70  333  2408  264
21  2  2  4  380  279  277  1889  307
23  3  1  3  615  669  294  1325  171
17  3  3  6  551  538  290  1713  157
23  3  1  2  901  1109  302  1155  226
17  2  3  6  860  751  515  1461  196
17  0  1  2  1039  386  1289  1291  241
21  0  2  4  1412  618  1440  1144  340
17  2  0  1  1094  896  692  1343  204
21  2  1  2  203  182  125  2099  297
17  0  1  3  2472  901  3109  812  285
16  0  0  0  353  146  407  2170  298
16  1  3  6  1373  935  1101  1158  321
22  1  0  1  880  509  804  1417  268
23  0  2  4  158  65  165  2204  184
20  0  3  6  71  26  86  2803  192
22  1  0  1  890  604  722  1365  286
20  2  0  1  256  218  146  2215  275
21  1  2  4  1046  584  937  1283  227
21  1  1  2  1611  1095  1348  979  285
15  2  0  0  399  353  214  1939  241
16  2  2  4  510  372  304  1694  310
17  0  0  0  565  276  587  1725  324
20  2  2  4  199  173  125  2182  351
16  3  1  2  830  842  423  1373  221
22  0  1  2  448  146  544  2019  236
20  0  1  2  228  108  240  2540  312
20  2  3  6  245  190  164  1978  308
22  2  0  1  1244  1177  793  1066  174
21  3  1  3  197  193  98  2388  306
14  3  1  2  2216  2594  746  687  322
21  2  3  7  1027  959  577  1305  158
21  2  3  6  585  535  355  1760  311
14  1  1  2  806  434  787  1505  187
15  2  2  5  619  482  442  1453  256
17  1  0  1  485  277  430  2040  200
21  1  3  6  232  169  179  2435  268
22  0  0  1  2314  1027  2575  854  301
16  0  0  0  223  82  236  2299  237
20  2  3  7  207  184  122  2290  260
23  1  3  6  712  401  662  1729  344
21  2  1  3  744  611  533  1632  267
15  2  1  3  1724  1204  1297  991  339
23  3  1  2  822  901  384  1139  310
21  0  3  6  274  119  294  2190  280
14  0  0  1  665  250  717  1753  255
15  2  0  1  2330  2093  1258  739  348
17  0  1  2  280  83  368  2104  304
20  2  3  7  579  492  340  1752  326
22  3  2  4  335  393  130  1851  328
17  2  2  4  394  291  291  1714  322
23  0  0  1  1403  482  1695  1174  331
17  2  0  0  985  729  711  1356  325
14  0  3  7  1053  322  1293  1380  206
21  1  1  2  902  465  925  1367  257
17  0  1  2  1166  586  1282  1139  250
20  1  1  3  299  190  263  2220  322
20  1  0  1  267  151  246  2363  226
21  2  3  6  237  211  147  2310  329
21  0  3  7  258  86  306  2483  267
14  0  0  1  1726  521  2004  1140  305
20  1  3  6  459  262  429  1768  311
17  3  0  0  188  183  95  2173  316
21  0  0  1  518  213  582  1744  264
16  1  0  1  414  297  341  1886  302
22  1  3  6  218  123  193  2165  321
14  1  2  5  721  403  729  1347  293
17  1  2  4  306  175  274  1914  307
20  2  1  2  722  610  467  1590  281
16  2  1  3  1577  1136  1163  1018  241
23  0  2  4  649  302  658  1534  317
23  0  2  4  1694  760  1774  959  257
15  1  3  7  642  434  579  1635  218
21  0  3  6  81  37  83  2842  214
20  2  0  1  835  630  566  1551  164
23  2  0  1  277  256  157  1826  233
22  0  3  6  940  324  1106  1534  236
21  3  2  5  828  823  399  1402  117
23  0  3  7  1724  636  1969  915  271
20  0  1  3  1267  431  1486  1267  324
15  1  1  2  550  331  492  1740  125
22  0  0  1  713  313  795  1697  325
21  1  2  5  785  525  607  1467  172
15  2  1  3  962  833  546  1319  197
16  1  2  5  218  131  187  2178  304
23  3  0  0  1951  2141  997  647  291
20  0  3  6  703  252  828  1582  307
17  3  1  2  166  189  68  2045  215
22  1  3  7  704  372  630  1529  317
20  1  2  4  1486  973  1287  1067  346
15  2  2  4  397  321  273  1724  241
14  3  0  1  517  585  173  1549  263
21  1  2  5  800  415  764  1628  217
15  0  3  6  907  392  1055  1454  230
22  0  1  3  851  399  914  1435  343
21  1  0  0  852  464  822  1392  307
16  1  1  3  322  235  249  2000  320
20  2  1  3  360  298  241  2066  303
16  1  0  0  465  241  489  1915  350
20  0  1  2  1337  468  1604  1378  326
21  1  0  0  544  277  544  1629  329
14  1  0  0  144  92  124  2254  310
21  2  3  6  1218  921  934  1309  268
22  0  2  5  861  337  1006  1700  247
23  1  2  5  452  236  432  1612  328
16  3  0  1  293  325  130  2011  209
15  0  1  3  730  301  810  1685  291
17  3  0  1  218  238  79  2306  215
15  1  2  5  1203  604  1320  1157  284
15  2  2  5  1183  880  902  1132  226
16  1  1  3  431  254  397  1920  312
15  2  2  5  396  277  312  1720  283
23  3  1  3  701  776  309  1213  314
15  1  0  0  441  271  392  2002  279
20  0  3  6  1092  535  1128  1233  277
14  1  1  3  224  132  203  2132  358
21  1  2  4  1197  765  990  1217  319
14  1  3  6  846  600  729  1493  257
23  3  2  5  658  661  353  1293  163
23  2  1  3  974  750  657  1292  385
21  1  2  4  1170  772  948  1218  325
16  2  1  3  458  430  245  1727  283
16  0  2  4  166  56  194  2440  247
17  2  2  4  823  766  451  1198  289
22  1  0  0  1155  654  1062  1433  209
23  0  1  3  1226  510  1330  1192  306
20  2  2  5  596  427  453  1575  326
16  3  1  3  458  536  164  1759  276
21  0  1  3  672  339  717  1775  327
16  0  0  0  1208  394  1509  1370  213
17  2  1  3  493  415  330  1654  318
21  2  1  3  1324  1059  984  1196  269
23  2  1  2  530  389  390  1840  319
17  0  0  0  553  166  694  1845  321
22  3  0  0  151  182  57  2293  280
17  0  0  0  446  141  550  1957  298
15  1  0  0  2306  1314  2165  844  342
17  1  1  2  1896  1351  1546  841  288
16  2  0  1  223  191  138  2173  316
20  0  1  2  980  389  1123  1692  245
23  0  1  2  1694  827  1719  936  251
20  2  1  2  428  380  259  1953  266
17  0  0  0  867  269  1067  1657  291
16  0  0  0  515  231  571  1878  342
14  1  0  1  1510  839  1467  1020  317
15  0  1  3  525  172  621  2004  233
22  0  2  5  826  261  1033  1725  269
16  0  3  7  446  133  528  2108  315
17  1  1  3  297  169  292  2056  328
16  0  1  2  1308  438  1534  1304  206
22  2  3  7  1062  943  668  1217  170
16  2  3  6  1315  991  887  1200  305
16  2  3  6  484  399  296  1904  224
23  0  0  1  2032  918  2201  875  294
16  1  1  3  402  203  407  1965  235
21  3  1  2  291  286  146  1964  299
23  2  1  3  1179  983  778  990  319
14  0  0  0  911  370  959  1453  183
21  2  0  0  873  869  510  1259  215
15  2  1  2  1495  1265  877  990  339
22  3  2  5  426  506  162  1815  327
15  1  3  7  929  505  974  1397  263
16  2  1  3  330  265  215  2000  326
20  2  3  7  1010  784  650  1323  236
22  2  0  0  1222  1026  909  1260  320
15  1  1  3  312  212  257  2060  269
23  3  0  1  938  1064  412  1081  328
14  1  0  1  877  596  734  1373  206
20  2  3  6  334  269  234  1886  239
20  0  3  6  713  344  739  1512  214
21  2  1  2  898  734  659  1269  162
21  1  1  3  335  172  344  2185  296
15  1  2  5  263  145  264  2071  317
14  1  1  2  1811  1269  1469  879  247
20  0  3  7  992  402  1111  1491  264
22  2  0  1  656  615  424  1426  271
20  0  1  2  259  111  290  2625  283
20  0  2  4  104  22  129  2749  199
22  1  1  3  875  511  803  1366  269
15  2  2  5  2089  1750  1369  754  325
14  3  0  0  497  466  263  1557  328
14  0  3  6  1760  643  2043  1257  240
23  2  1  3  638  556  399  1365  251
23  0  2  4  1640  740  1710  976  158
20  0  2  4  1691  668  1950  1055  308
21  1  0  1  1677  1127  1385  888  294
15  3  3  7  214  242  101  2049  276
21  2  0  0  1444  1180  1019  1010  262
14  0  2  4  484  227  485  1926  309
23  2  0  0  988  712  734  1336  322
21  1  0  0  864  498  803  1361  223
20  1  3  7  367  193  359  2281  312
22  2  0  0  728  598  456  1506  320
20  2  2  4  532  491  290  1515  371
22  1  2  5  917  621  726  1502  319
21  0  0  1  414  149  482  1956  335
16  1  1  2  487  314  425  1864  323
23  2  3  7  1679  1250  1251  753  135
17  1  1  2  698  422  613  1561  162
14  1  2  5  844  612  711  1233  312
20  1  3  7  1130  715  977  1291  229
14  1  0  1  372  233  332  1926  320
14  1  3  6  663  399  665  1709  152
20  1  0  0  83  57  72  2581  279
22  0  1  3  1823  883  1935  955  331
22  0  2  4  410  164  491  2020  327
21  1  0  0  405  259  352  1794  281
22  0  0  1  331  162  344  2087  305
16  0  2  4  764  323  801  1619  306
21  0  2  4  1507  591  1660  1181  325
21  1  0  1  428  267  371  1723  338
16  2  3  7  353  311  192  1924  184
15  1  0  0  119  62  123  2577  254
14  1  0  0  1091  570  1102  1220  269
17  2  2  4  1044  884  663  1123  317
16  2  2  4  2645  1797  1876  715  293
22  0  1  3  1039  529  1076  1289  227
21  0  2  4  318  144  332  2103  351
21  0  3  7  567  233  627  1929  278
22  3  3  7  495  583  169  1515  286
22  0  1  2  290  139  306  2188  214
23  1  2  4  1156  667  1045  1131  254
15  1  1  2  1289  804  1136  1152  283
15  0  0  1  486  196  531  2001  270
22  0  3  6  1391  651  1437  1126  165
21  2  2  5  1010  849  666  1329  292
20  1  2  5  335  169  339  1980  302
23  1  0  1  228  122  218  2083  264
16  1  3  6  282  164  248  2347  323
20  0  2  5  697  282  802  1556  245
16  1  3  6  1372  924  1118  1205  311
21  1  2  4  538  276  517  1817  309
22  1  3  7  1210  580  1147  1215  255
17  0  0  0  570  174  706  1796  319
20  2  2  4  283  221  186  2103  230
23  3  0  0  1007  1029  463  1249  376
20  1  3  7  648  357  648  1644  131
20  1  0  0  1003  676  808  1337  277
22  1  1  3  267  163  236  1908  178
23  0  1  3  712  311  760  1536  283
15  1  1  3  498  279  475  1854  306
15  3  2  4  564  558  322  1430  322
17  2  1  3  413  346  287  1763  292
15  2  1  3  925  702  627  1353  169
21  2  3  7  122  114  64  2506  324
15  1  0  1  647  462  511  1648  308
21  2  1  2  460  404  308  1683  322
23  0  1  2  742  227  897  1580  316
17  3  3  6  860  937  352  1455  251
22  0  1  3  265  100  310  2507  281
23  2  1  2  198  146  142  2202  322
14  2  3  6  925  731  649  1416  220
14  0  1  2  625  256  625  1779  329
21  3  0  1  1168  1340  390  1129  266
15  2  3  6  653  502  495  1535  192
22  3  2  4  333  397  120  1799  262
21  3  2  5  1175  1142  592  1179  356
23  0  1  3  142  61  153  2436  269
21  0  3  7  762  354  792  1743  238
17  2  0  1  1185  872  860  1293  312
15  2  2  4  1191  833  970  1094  153
15  0  0  0  599  227  682  1929  217
21  1  0  1  1377  986  1096  1079  299
16  3  1  3  371  391  171  1834  282
23  2  1  2  725  689  397  1201  336
23  2  0  0  464  393  309  1454  293
23  2  0  1  773  696  409  1683  306
16  2  1  3  407  334  258  1863  285
17  1  2  4  670  386  614  1442  226
17  0  0  1  283  136  298  2368  307
16  0  0  0  804  345  909  1599  289
22  0  3  7  574  246  616  1713  285
22  0  2  5  937  378  1088  1679  189
17  0  1  3  507  219  603  1860  242
16  1  2  4  284  169  247  2109  263
14  0  0  0  455  201  461  1863  195
23  0  0  1  381  180  407  1949  357
21  3  3  6  205  202  102  2347  240
17  3  1  2  412  426  216  1668  212
15  2  1  2  992  724  700  1290  323
21  0  3  6  791  370  825  1712  312
16  1  2  4  90  55  73  2435  143
15  2  3  6  207  180  134  2038  208
15  1  1  3  1239  691  1187  1225  203
21  1  3  6  2431  1439  2174  856  302
20  2  2  4  1443  1038  1084  1095  290
22  2  0  0  280  219  225  2271  233
21  2  3  7  793  660  547  1457  291
17  3  1  3  71  70  34  2321  180
16  0  2  4  1617  603  1767  1103  169
21  1  2  4  115  58  105  2461  221
20  1  2  4  95  49  94  2487  172
22  1  0  1  1793  1218  1440  915  294
15  0  3  7  1697  852  1859  1012  272
14  0  1  3  1053  373  1224  1407  333
14  2  3  6  566  415  425  1837  204
21  1  0  0  2643  1836  2112  669  334
21  1  1  2  564  367  492  1683  326
15  0  1  3  207  80  235  2275  175
17  1  1  3  1477  995  1262  1045  313
23  0  1  3  1129  388  1328  1273  297
21  1  0  0  234  114  226  2071  157
15  1  3  7  424  245  435  1934  321
15  3  3  7  425  478  190  1762  325
21  1  2  5  509  375  421  1510  156
22  0  1  3  431  217  449  1884  329
21  2  1  3  425  363  280  1980  286
15  1  2  4  2262  1586  1980  732  321
16  3  3  6  350  343  177  2095  241
16  1  3  6  231  149  223  2301  263
20  1  3  7  800  543  644  1483  276
20  2  3  7  650  500  437  1702  276
20  2  2  4  405  373  220  1898  246
16  3  0  0  550  568  278  1630  134
17  1  1  3  730  521  582  1454  330
14  0  3  6  273  113  296  2468  248
16  3  3  6  2089  2185  943  857  321
22  0  3  6  957  302  1145  1481  188
21  0  2  4  146  56  156  2486  294
15  1  2  5  450  244  473  1806  164
16  2  2  4  289  242  150  2008  306
17  1  1  2  114  77  96  2228  275
22  0  1  2  1736  670  2005  1105  263
21  1  2  5  195  113  184  2338  320
22  1  0  1  1607  972  1414  997  270
23  0  0  0  290  119  334  1919  307
21  0  0  0  944  381  1061  1418  297
22  1  0  0  961  616  843  1157  247
16  0  0  0  666  315  721  1702  253
15  2  3  6  415  318  311  1822  212
22  1  3  6  1536  946  1225  1093  251
16  1  1  2  228  132  211  2289  105
23  2  0  1  1030  850  714  1106  228
17  1  3  6  2618  1824  2049  757  298
15  1  1  3  1501  975  1284  1042  179
23  3  0  1  323  395  119  1649  205
20  0  0  0  611  286  633  1847  187
22  0  2  4  1474  518  1789  1265  264
22  1  0  0  567  297  543  1941  178
14  1  2  5  965  678  838  1175  251
17  0  3  6  608  243  710  1909  311
17  2  2  4  938  727  552  1315  302
23  3  3  7  380  432  154  1617  261
16  2  3  7  624  475  417  1619  280
22  0  1  3  189  96  201  2228  263
15  2  3  7  1347  1208  831  1067  196
20  2  2  5  526  424  351  1557  205
17  0  3  6  568  232  632  2056  318
23  2  3  6  606  453  443  1760  260
16  1  3  6  777  505  649  1600  306
21  0  2  4  1638  758  1687  1060  327
15  1  0  0  721  437  641  1647  332
15  1  0  1  150  94  124  2471  183
23  3  1  3  283  348  95  1725  255
14  1  0  0  1080  736  896  1152  182
20  1  2  5  1086  674  982  1214  169
15  2  2  4  1388  1114  965  953  290
22  3  2  5  155  176  75  2224  314
21  0  3  6  458  150  544  2202  321
15  3  2  4  381  380  221  1659  241
16  2  3  6  379  327  209  2071  244
23  0  0  0  1727  503  2144  982  261
21  1  1  3  497  304  454  1979  269
17  0  1  2  1163  559  1313  1171  336
22  2  2  5  265  208  203  2218  171
17  0  0  0  1210  488  1376  1265  353
21  1  3  7  701  493  539  1622  303
16  0  1  2  1249  411  1481  1448  164
15  1  2  4  944  543  954  1302  221
21  0  2  5  496  222  518  1954  165
17  3  0  1  451  485  181  1925  270
15  1  1  3  342  243  277  2047  294
15  1  1  3  96  56  90  2529  297
16  2  0  1  1046  849  699  1288  208
17  1  1  3  1065  617  1023  1304  274
20  2  1  3  281  254  170  2156  285
20  1  3  7  582  362  506  1805  309
14  3  1  2  641  675  288  1444  218
17  3  2  4  835  861  399  1232  222
23  3  2  4  628  605  301  1544  252
21  2  0  1  537  452  363  1552  336
22  2  2  4  2287  1924  1633  762  320
21  2  2  4  277  210  208  1965  233
21  2  2  4  656  538  445  1527  305
21  3  0  1  664  751  231  1456  305
21  2  1  2  605  526  402  1524  262
20  1  1  3  744  477  662  1642  152
15  1  0  1  376  207  353  2101  208
15  0  2  4  220  88  267  2168  318
16  2  0  0  934  799  583  1294  260
22  0  3  6  1215  371  1473  1318  274
14  3  2  4  519  624  182  1571  342
16  0  3  6  344  149  359  2335  203
17  3  0  1  561  605  225  1811  186
22  1  0  0  355  203  327  2241  333
20  1  0  1  1542  982  1308  1094  279
23  1  1  2  404  248  366  1755  291
23  3  0  1  263  293  120  1750  315
22  0  1  2  902  480  919  1428  209
21  1  0  1  598  340  552  1612  310
16  3  1  3  200  222  76  1934  315
16  1  1  2  109  59  107  2481  266
17  3  3  6  266  278  124  2161  309
23  0  1  3  846  323  949  1492  213
15  1  3  6  1994  1303  1863  823  252
22  1  2  5  1322  844  1102  1231  278
20  2  1  2  189  173  109  2363  218
20  0  2  5  1059  486  1152  1285  308
16  2  1  2  352  284  224  1971  294
17  0  1  2  1092  376  1398  1284  249
22  1  0  0  352  188  349  2162  305
20  0  3  6  591  220  681  1692  301
16  0  0  0  843  304  1019  1556  246
14  3  1  2  277  328  92  1891  297
23  2  1  3  2403  1891  1716  649  278
22  2  3  7  146  106  113  2138  327
20  1  1  3  776  524  659  1568  320
21  3  0  0  2017  2288  715  802  271
15  1  3  6  252  141  259  2116  240
17  0  0  1  823  290  973  1716  230
23  2  3  6  485  359  356  1910  317
16  2  0  0  631  546  386  1559  339
16  1  3  7  126  73  116  2440  201
17  3  1  3  261  287  102  1969  270
21  3  1  2  407  388  225  1797  298
21  2  3  7  689  582  471  1635  306
14  0  1  2  1082  440  1094  1366  289
14  0  0  1  590  215  638  1902  201
15  0  3  7  867  424  968  1499  336
22  1  3  6  1228  666  1168  1309  213
16  1  3  7  610  366  536  1633  141
15  3  2  4  379  412  180  1628  248
15  1  2  5  297  186  278  1968  317
16  0  0  1  1526  658  1715  1118  339
17  0  1  2  571  271  643  1628  289
23  2  1  2  865  790  507  1180  240
16  0  0  0  1014  397  1190  1466  334
15  1  1  2  1214  835  988  1150  328
15  2  2  5  490  399  337  1645  166
15  0  1  2  505  191  571  1945  310
23  3  2  4  250  293  90  1853  328
16  0  1  2  293  100  349  2350  302
22  0  2  4  705  323  702  1651  126
17  3  1  2  694  699  375  1393  297
17  1  1  2  359  257  289  1885  293
20  1  1  3  525  376  426  1864  336
14  0  1  2  2250  981  2203  870  291
17  2  0  0  842  598  630  1424  263
17  1  0  1  478  307  389  2055  248
15  0  3  6  1406  671  1576  1104  313
22  2  0  1  1582  1430  1080  903  281
16  0  0  1  427  124  547  2183  329
14  1  1  2  847  620  663  1381  131
17  1  2  4  1074  548  1054  1176  304
22  1  3  7  1589  814  1447  1040  337
22  2  1  2  1261  1136  853  1101  233
23  0  0  0  1461  555  1700  1075  279
21  2  2  5  168  143  114  2255  307
15  1  1  2  743  375  756  1563  334
21  1  3  6  1465  926  1244  1169  202
16  1  2  4  96  62  81  2429  310
21  1  3  7  1079  704  899  1320  242
22  3  3  7  730  738  366  1326  323
20  2  1  2  182  134  128  2405  253
14  1  0  1  1158  605  1167  1217  281
16  2  3  6  283  213  192  2246  319
15  1  0  1  577  397  463  1775  235
17  2  1  3  746  667  404  1433  291
20  0  2  4  176  65  202  2456  137
16  3  3  7  449  500  205  1665  363
15  1  2  4  159  96  164  2165  307
21  0  3  7  1835  593  2200  1114  322
22  0  2  5  464  183  534  2133  243
15  2  1  3  338  279  215  1926  313
17  3  3  6  909  979  392  1363  293
15  2  2  5  929  670  732  1243  320
14  3  1  2  1440  1602  557  939  348
17  3  2  4  839  863  404  1178  305
17  1  1  3  249  154  225  2128  318
21  1  0  1  211  136  183  2068  234
21  1  2  4  734  464  689  1508  333
15  0  3  6  545  205  658  1737  319
23  2  2  5  1957  1446  1459  714  244
21  3  2  4  152  159  61  2227  318
15  0  1  2  273  97  317  2362  271
23  3  2  5  982  1066  443  1002  229
21  2  3  7  519  421  372  1815  328
15  1  1  3  536  324  487  1861  182
23  2  1  3  465  420  273  1477  324
22  0  3  6  375  134  435  2120  352
22  0  1  3  1973  915  2136  929  243
23  0  1  3  794  331  870  1451  368
15  2  3  7  333  293  208  1886  355
14  3  2  4  311  371  120  1822  224
15  1  2  4  541  360  493  1594  300
14  0  2  5  1012  341  1165  1379  356
15  2  1  2  287  197  214  2088  256
22  1  1  2  493  316  414  1758  207
16  0  1  2  1478  509  1720  1248  329
15  1  3  6  411  241  421  1885  335
16  2  0  1  1124  880  789  1218  240
21  2  1  3  486  464  319  1810  325
21  2  3  6  1008  881  648  1400  223
14  0  0  1  1318  574  1343  1194  328
20  0  2  5  609  267  669  1680  226
16  2  3  6  267  229  143  2238  320
17  1  0  0  623  356  558  1675  268
23  3  0  1  338  379  161  1657  324
22  1  2  4  789  546  610  1563  330
21  0  1  3  1290  444  1595  1449  333
21  2  2  4  567  435  416  1672  338
21  1  2  5  553  370  426  1707  293
17  3  2  4  1210  1242  585  995  203
21  1  1  2  289  169  266  2005  331
21  0  3  6  261  116  285  2468  281
23  0  2  5  881  299  1027  1316  270
23  3  2  5  371  394  188  1543  227
20  1  3  6  259  161  229  1965  237
16  1  2  5  684  359  645  1685  276
21  2  3  6  871  805  509  1516  302
14  1  0  0  1212  707  1143  1114  343
14  1  2  5  971  568  958  1149  305
21  2  2  4  559  436  410  1688  311
16  1  1  3  1609  1103  1345  990  229
17  2  3  6  495  441  286  1831  201
23  0  0  1  1128  564  1167  1238  215
15  1  1  3  1512  763  1537  1102  328
20  2  2  4  723  612  438  1516  136
22  1  1  3  376  273  284  1860  302
21  0  1  3  1097  377  1356  1552  253
16  0  3  6  156  79  148  2628  295
21  1  2  4  292  165  266  2068  331
15  0  0  1  1237  464  1405  1361  240
16  2  3  6  170  132  101  2468  314
17  3  1  3  340  391  135  1821  240
17  2  1  2  779  575  618  1396  325
21  0  3  6  756  282  862  1879  313
14  1  2  5  847  496  842  1249  322
16  3  0  0  409  454  177  1819  307
22  3  3  7  551  602  239  1462  304
16  3  1  3  410  402  218  1789  285
22  0  0  0  1345  481  1619  1446  322
15  1  3  7  117  85  100  2413  312
16  1  2  5  689  479  519  1521  257
15  1  2  4  712  427  702  1449  322
23  0  0  1  1175  366  1452  1350  331
15  2  1  3  650  498  436  1577  276
20  0  3  6  565  221  643  1685  320
22  3  3  6  359  360  172  2094  258
15  2  2  5  849  653  622  1296  289
16  2  0  0  219  178  144  2165  261
21  3  1  2  580  587  286  1593  328
16  3  1  2  223  229  115  2144  299
16  1  2  4  564  293  530  1780  164
16  1  0  1  149  100  129  2390  268
20  2  2  5  307  289  168  1876  317
22  2  1  2  953  862  644  1251  257
23  1  1  2  614  368  555  1511  296
22  1  2  4  1608  903  1472  1113  213
15  2  0  0  863  645  595  1462  257
20  2  1  2  187  174  98  2342  282
15  1  3  6  394  239  387  1909  160
20  1  2  4  390  210  386  1999  280
16  2  3  7  921  676  637  1351  334
23  2  2  4  1594  1380  973  862  315
14  1  1  2  673  470  551  1529  193
23  0  0  1  1276  584  1373  1157  287
16  3  3  6  940  968  434  1344  236
16  3  1  2  530  543  252  1563  208
17  1  0  1  181  115  149  2558  348
16  2  3  7  455  419  233  1813  307
22  1  1  3  692  420  597  1546  319
16  2  2  5  1020  812  590  1280  234
21  1  3  6  1234  730  1236  1199  343
14  0  2  4  1710  516  2024  1191  336
21  2  3  7  1128  912  804  1274  286
23  1  2  5  453  257  414  1530  310
15  1  0  0  331  169  328  2169  313
23  1  3  7  1806  1020  1672  754  305
23  3  1  3  1101  1260  454  975  326
22  2  0  0  626  453  471  1613  260
20  2  0  1  271  224  163  2224  241
16  3  2  5  641  716  206  1542  213
22  0  0  0  357  156  400  2286  268
22  1  3  7  2441  1422  2025  770  276
21  2  0  1  950  895  543  1219  292
17  0  1  3  1185  531  1373  1193  243
15  1  0  1  274  183  227  2246  118
20  0  1  2  397  185  431  2233  170
22  1  1  3  1204  809  970  1164  362
22  1  1  3  354  187  349  2073  411
15  3  3  7  300  351  134  1907  332
17  2  0  0  483  387  291  1828  281
21  1  2  4  1147  633  1058  1259  221
22  2  0  1  808  652  625  1527  328
20  1  0  0  282  179  234  2207  206
23  3  1  2  1108  1281  450  969  332
14  1  3  6  728  477  675  1597  320
20  0  1  2  1467  698  1515  1134  328
17  3  2  4  668  681  331  1358  309
20  0  2  5  391  153  453  1972  295
22  2  2  5  564  465  412  1766  276
20  2  3  7  1118  814  801  1284  329
16  1  1  2  1436  914  1267  1107  332
20  2  1  3  1818  1531  1177  991  346
21  0  2  4  539  241  551  1849  320
21  1  0  0  1288  733  1206  1119  212
14  0  3  6  697  211  863  1988  234
15  1  1  2  751  481  649  1494  294
17  2  0  1  994  791  657  1428  297
15  3  0  1  478  492  228  1716  275
20  1  2  5  335  219  285  1913  312
16  1  1  3  326  237  255  1997  329
15  2  2  5  396  330  261  1747  308
20  0  1  3  554  245  606  1982  355
21  2  2  5  136  104  93  2365  256
17  0  0  1  1245  537  1368  1316  271
14  2  1  2  989  703  715  1301  275
16  1  3  7  1122  681  981  1247  309
23  2  1  2  145  127  92  2000  229
17  0  0  1  672  307  719  1763  334
21  3  0  0  1244  1362  489  1086  256
23  3  2  5  374  430  148  1587  327
22  0  1  3  544  254  587  1715  403
20  0  2  5  344  104  423  2070  385
22  1  2  5  410  274  317  1916  345
21  0  3  6  774  386  779  1755  328
16  2  3  6  920  782  525  1471  337
21  2  3  6  422  362  283  1980  285
16  3  2  4  592  594  257  1566  289
22  3  1  2  273  342  97  1892  329
15  2  0  0  420  341  259  1855  285
14  2  3  6  803  580  611  1594  335
21  2  1  2  346  258  281  2080  220
14  1  1  3  1169  684  1083  1163  220
23  0  3  7  159  66  165  2091  240
15  0  1  2  713  271  816  1679  347
15  1  3  6  1482  963  1389  1041  349
14  3  0  1  638  650  288  1419  321
21  3  2  4  126  113  63  2263  141
21  0  0  1  851  382  913  1376  351
17  1  3  6  2319  1408  2037  837  216
23  0  1  3  375  127  443  2006  295
15  2  2  5  930  797  587  1234  296
17  1  1  2  172  114  149  2113  277
22  0  1  2  948  398  1068  1456  197
16  0  0  1  1301  471  1562  1276  320
15  3  2  4  356  361  196  1671  332
23  0  1  3  216  62  261  2298  322
21  1  3  7  394  239  343  2047  325
22  1  0  0  450  261  408  2092  278
17  1  1  3  540  349  469  1740  338
15  2  3  7  1203  1045  784  1149  318
16  0  3  6  470  221  464  2119  239
17  0  2  4  557  203  702  1681  299
15  0  1  3  481  143  591  2138  297
17  1  1  3  2420  1566  2139  780  332
22  1  2  4  544  296  539  1823  268
21  2  1  2  750  600  563  1421  336
23  3  1  3  663  773  271  1250  224
23  0  3  7  1356  663  1385  1018  292
17  3  2  4  680  672  333  1334  361
23  1  0  0  805  476  743  1299  300
21  2  1  2  275  254  176  1943  231
23  2  1  3  431  330  317  1546  278
20  2  1  2  337  320  183  2038  249
16  1  1  3  535  344  462  1744  276
20  2  3  6  111  83  79  2112  350
16  2  3  6  1040  758  723  1395  145
21  1  2  5  309  221  235  2081  249
20  1  1  2  755  537  611  1645  294
16  1  2  4  330  223  258  2027  318
21  2  0  0  686  610  437  1511  267
15  1  0  0  964  646  799  1418  341
21  1  1  3  1048  632  968  1379  211
21  3  3  6  817  867  358  1500  270
21  0  0  1  930  343  1093  1363  333
16  2  3  7  1667  1522  850  929  290
16  1  0  1  706  437  662  1581  285
14  1  3  6  898  599  822  1459  232
22  0  1  3  1552  686  1708  1073  223
17  1  0  1  1045  575  950  1483  255
16  0  3  7  1317  478  1497  1214  192
15  0  1  2  360  153  390  2094  289
23  0  3  7  158  74  157  2123  237
16  1  0  1  556  299  573  1795  335
16  1  1  3  1366  767  1310  1135  297
20  0  2  5  86  30  98  2540  324
16  3  0  0  1484  1613  680  973  351
22  0  0  1  382  186  402  1963  278
21  1  2  5  429  302  322  1854  224
23  1  0  1  1162  632  1159  1199  215
20  0  2  4  232  119  241  2249  300
16  1  1  3  355  245  296  1943  331
23  3  1  3  969  973  534  1059  202
22  1  0  1  417  293  326  1817  315
21  3  0  1  653  641  333  1450  340
14  1  2  5  2320  1327  2320  666  344
20  1  3  6  299  201  246  1818  332
22  0  1  3  1221  574  1331  1342  299
15  1  1  2  1358  849  1204  1082  147
20  0  0  1  862  334  972  1744  276
16  2  2  4  793  615  480  1402  288
17  1  3  6  1804  1254  1419  984  172
21  2  3  6  171  132  119  2085  373
23  2  2  4  675  511  500  1410  239
20  2  3  6  1277  1086  747  1064  295
21  2  1  2  968  710  785  1271  280
16  1  0  0  127  96  102  2336  253
20  2  3  6  1053  846  667  1158  205
16  2  1  3  353  314  200  1872  219
23  2  1  2  1068  936  665  1072  189
16  1  3  7  366  196  336  2076  323
17  0  2  4  825  428  856  1327  335
15  3  3  7  264  313  107  1949  332
15  0  1  2  1333  492  1540  1212  346
14  1  2  5  129  83  119  2065  224
21  0  2  4  156  72  160  2163  328
20  1  3  6  498  278  464  1703  329
21  2  2  4  799  670  521  1413  304
23  3  0  1  895  985  422  1125  263
15  2  3  7  2514  1939  1890  721  138
22  1  2  4  999  654  813  1382  244
23  0  1  2  1518  592  1701  1025  287
22  3  3  6  187  191  95  2014  297
21  0  2  4  341  112  446  1989  357
22  2  2  4  135  112  98  2326  312
21  2  0  1  1202  865  871  1182  284
22  1  0  0  1338  919  1077  1250  336
22  3  1  3  365  447  142  1690  304
16  2  0  0  316  250  225  2006  328
15  2  3  6  382  326  249  1771  232
21  1  2  5  233  144  187  2239  311
23  0  2  4  493  144  601  1877  321
21  2  2  5  355  311  223  1976  324
14  1  2  5  944  519  966  1220  160
16  1  1  2  460  288  404  1892  336
17  1  0  0  275  145  252  2153  284
23  3  2  5  265  282  122  1699  329
20  0  2  4  285  88  360  2329  347
20  1  2  4  771  420  757  1577  295
23  1  3  7  197  105  191  1958  211
15  2  1  2  812  684  479  1394  330
22  3  2  5  537  607  233  1699  150
23  0  1  3  707  337  720  1509  224
23  2  0  0  1244  923  868  1211  300
21  3  2  4  382  378  179  1868  328
16  1  0  1  724  373  761  1607  354
16  0  3  7  447  132  526  2085  305
21  0  2  4  1604  694  1705  1077  216
14  0  0  1  1818  637  2009  1034  336
21  3  0  1  670  776  222  1462  342
16  1  3  6  287  164  259  2344  328
20  1  3  7  513  323  439  1849  329
23  3  2  5  1350  1455  631  849  309
20  0  0  0  1170  409  1370  1452  359
16  3  1  3  640  764  214  1534  292
21  0  3  6  942  469  937  1570  331
16  1  2  5  581  367  474  1682  322
17  1  0  1  421  217  405  2143  203
20  0  0  1  1171  533  1237  1375  327
16  2  0  1  983  793  672  1312  307
23  0  2  5  389  161  421  1827  224
15  2  0  1  1050  828  688  1306  319
16  3  3  6  317  372  103  2122  316
15  2  3  6  252  225  146  1954  317
20  0  0  1  520  224  559  2043  336
22  1  0  0  587  377  493  1917  275
15  1  3  6  227  142  219  2176  331
22  1  0  1  1344  773  1226  1143  178
22  1  1  2  676  366  683  1560  219
16  1  3  7  291  151  280  2271  281
17  3  1  3  121  131  57  2225  177
14  2  2  5  829  613  626  1239  320
21  0  3  6  269  103  300  2511  348
23  1  1  2  910  508  865  1270  321
23  0  3  7  582  207  673  1603  301
17  3  0  1  762  777  356  1539  337
15  2  1  2  102  86  56  2331  184
21  1  0  0  416  296  323  1760  320
17  0  1  3  89  36  103  2442  331
20  1  1  3  152  80  144  2546  338
20  1  1  2  250  147  230  2369  331
21  0  1  2  273  104  316  2174  297
23  3  2  4  206  256  63  1901  299
14  1  2  4  349  252  291  1994  241
22  2  3  6  923  730  633  1451  204
17  0  1  3  1354  469  1724  1124  358
22  0  1  2  304  163  309  2099  305
20  2  2  5  958  815  597  1264  200
23  0  2  4  841  323  938  1435  325
20  0  3  6  1012  368  1183  1310  198
20  2  1  3  565  514  320  1756  289
21  2  3  7  183  170  105  2374  333
22  0  1  2  1744  853  1833  1009  247
20  0  3  6  405  146  474  1934  324
20  0  3  6  839  281  1008  1469  249
20  2  3  6  894  648  652  1277  206
23  2  1  3  965  871  567  1070  193
21  0  3  7  1279  617  1325  1301  338
20  0  2  5  580  278  606  1674  333
15  2  3  7  2117  1627  1603  829  354
17  2  0  0  580  521  323  1665  282
20  1  1  3  1200  829  1012  1226  342
22  3  3  7  910  1019  358  1137  261
22  0  0  0  980  516  1009  1564  327
16  0  3  6  1347  672  1320  1291  305
21  0  2  5  1656  661  1817  1105  343
17  3  0  0  233  275  76  2070  191
17  0  1  2  394  199  429  1880  326
20  2  2  5  1160  862  835  1145  252
16  2  1  2  557  521  297  1651  217
22  3  3  6  1235  1298  577  1005  181
22  2  1  2  150  128  110  2226  252
20  2  2  5  1110  956  677  1148  246
20  2  1  3  278  247  173  2170  339
17  1  1  2  942  495  955  1305  300
21  3  0  0  381  390  191  1813  177
17  1  0  1  534  321  459  2018  231
17  0  3  6  536  212  635  1991  293
20  2  3  6  812  675  488  1335  298
20  2  0  0  398  278  289  1973  240
21  2  2  5  879  726  584  1202  336
20  0  1  3  1426  619  1581  1270  247
22  1  1  3  587  398  468  1611  190
21  1  2  5  439  223  422  2023  313
20  2  1  2  920  879  495  1407  259
22  1  1  2  737  399  688  1587  170
22  0  1  2  788  247  969  1708  324
20  0  3  6  197  56  248  2310  134
22  3  2  5  1511  1702  687  986  341
23  3  0  1  961  1095  418  1067  281
16  1  0  0  413  217  423  1928  281
17  1  1  3  637  431  538  1609  187
21  1  3  6  392  266  353  1883  340
23  0  3  7  434  214  451  1693  311
16  3  2  4  327  309  164  1936  278
21  3  2  5  1082  1094  505  1214  297
20  0  0  1  319  153  325  2322  307
20  0  3  6  280  83  338  2151  329
22  1  2  4  641  340  604  1757  243
14  1  1  3  684  415  615  1534  342
17  3  0  1  393  433  144  1994  306
16  1  2  4  448  257  392  1886  266
21  3  0  0  906  1054  292  1333  363
21  1  1  3  478  289  438  2055  304
20  1  2  4  326  221  267  1990  249
15  1  2  4  193  88  212  2147  273
15  2  3  7  1161  1078  678  1127  299
20  1  2  5  528  311  494  1670  270
17  1  0  0  276  160  237  2177  343
15  1  3  6  459  282  443  1799  337
15  1  1  3  904  614  744  1377  340
16  0  0  1  778  384  829  1591  203
21  1  3  6  112  62  118  2373  151
16  0  3  6  1438  569  1565  1265  342
21  0  0  0  96  50  89  2346  317
16  0  2  5  746  324  756  1645  324
15  0  2  5  394  192  429  1970  190
21  1  2  5  355  232  286  2016  308
16  1  3  6  1095  609  1020  1403  223
20  0  0  0  1248  570  1320  1291  325
20  1  0  0  624  326  602  1782  309
17  0  0  1  761  277  906  1796  220
17  3  1  2  633  722  248  1465  258
14  0  0  1  478  224  464  1888  303
22  1  0  1  203  115  181  2158  243
22  0  3  7  328  113  381  2014  271
21  2  1  2  567  428  441  1528  313
23  3  3  7  313  324  160  1743  321
23  0  3  7  243  73  284  2059  172
15  0  0  1  194  89  205  2507  242
14  1  0  0  239  135  228  2125  308
20  0  0  0  1696  662  1939  1142  276
20  0  1  2  256  109  288  2504  324
15  1  2  4  775  457  760  1406  283
17  2  3  6  528  425  361  1885  202
16  1  0  0  401  264  361  1933  292
23  2  2  4  1422  1319  781  883  308
16  3  1  2  910  990  353  1310  351
20  1  3  7  770  504  647  1559  308
14  0  0  0  1125  446  1190  1303  309
17  2  0  0  1174  909  808  1184  275
17  0  3  6  1117  427  1335  1391  390
23  1  0  0  766  457  703  1242  261
15  0  2  4  665  297  758  1545  370
15  1  3  7  447  261  452  1915  309
23  2  0  0  267  225  178  1675  325
21  1  1  3  268  155  257  2345  171
20  1  2  5  328  174  330  1994  244
23  0  2  5  366  142  404  1802  304
20  2  0  1  400  306  264  2012  306
22  0  2  5  646  232  777  1904  256
21  0  3  6  472  191  519  2041  231
15  2  3  7  294  257  197  1983  319
22  2  1  2  141  120  101  2245  296
23  0  1  2  757  253  895  1550  308
22  0  0  1  162  76  169  2283  275
21  1  2  5  1360  677  1336  1247  280
16  0  1  2  432  217  432  1989  265
23  2  3  7  630  485  448  1329  411
16  0  2  4  315  99  368  2220  219
14  1  0  1  143  83  142  2310  281
22  0  3  7  1070  451  1155  1319  296
17  0  2  4  850  269  1069  1409  318
16  1  1  3  149  101  125  2299  335
15  2  1  2  769  527  583  1446  267
21  2  1  2  468  377  343  1684  256
20  2  2  4  634  464  465  1630  127
15  1  2  4  219  150  185  2093  289
21  2  3  6  625  576  368  1748  305
23  3  0  0  981  1093  438  976  319
17  2  1  3  206  166  145  2133  249
23  3  1  3  296  307  153  1705  340
21  0  2  4  805  259  946  1694  363
20  1  3  6  996  578  908  1218  334
16  2  2  4  361  286  208  1911  330
16  2  0  1  2385  1869  1666  765  319
21  1  0  0  888  523  806  1330  298
14  1  0  0  579  400  471  1577  250
16  1  2  5  464  308  366  1815  199
22  0  1  2  1842  640  2206  1047  305
20  1  3  6  92  54  82  2293  266
23  0  0  1  736  309  823  1604  352
22  0  3  6  485  146  617  2086  191
16  1  0  0  1456  924  1348  1037  284
21  0  2  4  491  230  504  2018  338
21  0  3  7  1031  360  1209  1645  327
20  2  2  4  143  121  92  2331  334
16  3  1  3  391  431  163  1816  337
16  2  0  0  411  295  316  1899  368
15  1  0  1  785  479  698  1604  274
17  2  1  3  1018  795  763  1264  205
16  0  3  6  763  322  812  1753  321
14  3  0  0  706  718  313  1336  383
14  1  0  0  2508  1745  2048  710  359
22  0  3  7  683  223  809  1702  259
16  1  3  7  548  306  505  1804  330
22  1  3  6  608  324  538  1746  174
17  0  0  1  851  373  931  1677  296
16  0  0  1  434  180  491  2004  327
23  2  2  5  112  92  76  1937  181
21  0  1  3  256  107  292  2471  228
16  3  0  0  881  1048  309  1321  344
21  2  2  4  818  739  473  1422  313
22  0  0  0  111  49  122  2778  165
14  1  0  1  258  139  252  2145  280
14  3  0  0  298  301  137  1812  224
21  0  2  4  459  224  455  1942  332
16  2  3  7  844  772  436  1536  248
21  0  3  7  1600  539  1890  1191  303
17  1  1  2  1014  682  869  1234  258
21  1  1  3  1074  705  926  1422  342
14  1  1  3  1137  727  988  1164  171
21  0  0  0  106  25  131  2475  177
15  1  1  3  548  331  498  1778  213
21  3  1  2  807  876  333  1376  309
21  1  3  7  1241  685  1168  1283  225
14  1  1  2  568  332  527  1676  292
15  1  0  1  678  386  631  1683  284
14  1  3  6  1292  890  1149  1200  351
20  2  2  5  1468  1305  847  955  308
21  1  1  3  953  627  805  1247  351
22  2  0  1  1096  801  775  1352  202
15  2  3  7  362  283  266  1886  299
23  3  3  7  388  447  152  1592  267
17  3  1  2  717  795  312  1365  257
20  1  1  3  1668  936  1616  1064  323
14  1  3  6  163  98  170  2470  113
21  1  1  2  407  196  438  1858  165
15  2  3  6  204  157  156  2118  162
15  0  0  1  1660  825  1679  1054  271
16  1  2  5  874  485  792  1485  239
15  2  0  0  1023  792  688  1344  345
14  2  2  4  422  327  299  1862  252
15  0  1  2  606  195  729  1831  277
16  1  2  5  131  68  122  2463  264
14  1  2  4  252  176  219  2106  287
21  3  0  1  104  105  52  2092  108
20  2  0  0  325  250  210  2059  325
14  0  2  4  1263  393  1488  1375  343
21  1  1  3  862  500  826  1598  297
23  3  0  1  830  958  343  1148  330
21  1  1  3  325  225  257  2201  228
15  2  1  2  466  342  328  1789  247
16  0  1  2  520  202  581  1962  329
16  0  2  4  545  235  560  1840  230
22  0  3  7  585  217  664  1765  307
21  2  2  5  872  640  661  1440  336
20  2  0  1  84  66  55  2616  326
14  1  2  5  476  367  383  1587  331
22  3  3  7  517  579  212  1500  324
21  0  3  7  120  50  130  2582  335
14  1  2  5  410  234  418  1673  208
23  3  2  4  306  364  106  1769  310
21  2  2  5  615  543  379  1643  271
21  2  3  6  222  202  130  2328  357
23  3  2  5  1266  1521  433  894  296
21  3  0  0  838  934  304  1329  336
14  3  1  3  383  438  132  1667  353
23  2  0  1  943  785  646  1170  177
22  1  3  6  1175  742  921  1192  329
16  3  2  5  708  727  294  1476  285
20  2  3  7  367  320  240  1940  229
16  3  3  6  1122  1298  388  1294  182
23  1  1  3  498  282  461  1657  320
17  1  1  2  430  242  417  1811  238
21  0  1  2  775  347  867  1493  243
21  0  0  1  562  256  601  1679  327
14  0  3  6  1967  869  2109  1063  341
15  1  1  3  279  174  252  2167  300
21  3  0  1  876  904  404  1316  279
14  1  0  1  2329  1322  2231  777  297
20  1  2  5  1214  650  1203  1159  195
17  0  1  2  1538  548  1947  1029  334
22  0  2  4  884  352  1033  1578  218
22  2  3  6  265  204  191  2211  329
21  1  0  0  240  147  209  2049  318
21  0  1  2  2293  783  2846  864  313
14  0  1  2  270  102  286  2284  158
21  2  3  7  1172  1008  770  1236  143
22  1  1  2  407  248  354  1826  329
16  3  1  2  1281  1468  489  1098  267
20  1  1  2  306  182  281  2259  303
21  1  1  3  325  171  329  2244  350
21  2  1  3  1284  1013  966  1219  350
16  0  0  0  1442  440  1826  1304  161
22  2  2  4  198  138  130  2219  340
14  0  0  0  201  95  194  2301  328
23  3  0  0  431  466  206  1387  320
15  1  0  0  148  100  121  2459  284
22  1  1  3  948  584  860  1352  216
23  1  1  3  128  95  98  2278  179
14  0  3  6  442  168  508  2284  120
17  2  1  3  1294  1135  832  1089  246
21  1  0  0  224  133  197  2089  325
22  0  0  0  1545  677  1725  1302  341
22  2  2  4  846  704  551  1233  141
17  2  2  4  168  147  104  2030  232
21  2  2  4  566  457  414  1629  158
20  1  2  4  188  143  138  2273  234
22  3  0  1  744  743  362  1555  351
16  0  3  7  546  197  610  1926  267
22  1  2  4  840  538  697  1512  370
20  1  3  6  711  504  546  1434  320
17  3  2  4  1480  1491  745  914  297
23  0  0  1  1192  520  1316  1216  166
22  3  3  7  295  314  131  1762  192
17  2  0  1  1026  866  623  1366  256
21  2  0  0  92  76  63  2251  240
14  0  1  3  538  190  568  1842  214
16  0  2  5  475  179  519  1973  316
15  2  3  7  606  492  425  1586  310
16  3  1  3  452  438  236  1739  322
16  1  1  3  350  213  319  2016  245
23  0  0  1  301  148  307  2035  232
15  2  1  2  950  731  633  1304  331
17  1  2  4  1431  1004  1115  959  277
15  0  1  3  229  100  247  2317  272
21  3  3  6  956  962  476  1402  303
16  3  2  4  541  560  222  1631  241
22  0  3  7  288  132  296  2043  234
22  2  3  6  403  293  316  1829  298
15  0  0  1  813  270  961  1710  350
15  0  2  5  1393  552  1697  1087  229
21  2  0  1  1326  1236  770  1035  347
23  0  2  5  707  244  817  1470  271
14  0  2  4  859  342  929  1655  277
14  1  2  4  312  236  260  2039  321
16  1  2  5  801  493  672  1450  247
21  0  0  0  321  136  351  2017  260
16  2  1  3  854  772  467  1345  288
22  3  3  7  240  251  122  1796  229
15  2  2  5  214  193  128  1964  253
16  1  0  0  506  301  489  1785  327
14  2  3  6  469  349  347  1893  279
22  1  3  6  315  162  286  2069  312
15  2  2  5  823  702  526  1319  317
16  1  3  6  1102  651  987  1376  173
16  1  1  3  350  211  323  2036  232
16  1  3  6  409  279  329  2072  284
22  0  2  4  288  135  286  2231  263
23  2  2  5  862  646  635  1124  345
21  1  2  4  258  155  227  2176  193
16  1  0  1  629  371  614  1716  302
16  3  0  1  632  685  295  1553  239
17  2  3  6  161  119  118  2419  293
23  0  2  5  388  131  450  1830  200
17  3  0  1  394  449  136  1999  333
21  3  0  0  1257  1222  662  1083  271
17  0  3  7  749  280  825  1722  313
21  1  2  4  524  323  451  1760  328
21  0  0  0  1157  472  1310  1237  312
17  1  2  4  356  259  265  1723  324
17  3  2  4  626  649  294  1376  272
15  2  0  0  711  552  467  1603  216
22  3  3  6  284  291  131  1859  316
23  0  2  5  229  92  256  1929  251
17  1  1  3  1297  731  1256  1140  235
15  2  0  0  1091  824  757  1288  340
14  0  1  2  310  92  352  2247  180
20  2  0  0  443  325  309  1858  304
16  1  1  2  624  413  545  1678  329
21  3  0  1  890  849  485  1250  249
21  0  0  0  1076  484  1168  1248  250
23  3  3  6  405  398  209  1989  261
15  1  0  0  133  75  126  2634  306
23  3  1  2  400  475  140  1692  270
20  1  3  6  356  235  325  2002  341
16  2  1  3  448  378  269  1771  308
20  2  0  1  259  222  149  2253  239
21  0  1  3  959  439  1051  1570  216
22  1  3  6  894  454  815  1445  239
21  1  3  6  454  295  379  2013  314
17  1  3  6  1071  630  960  1391  202
17  1  0  1  2577  1580  2195  842  289
15  2  0  1  1278  1067  772  1136  299
22  0  0  0  294  118  340  2264  247
21  3  1  2  436  419  238  1767  332
16  2  2  4  1503  1119  951  1015  225
17  0  1  3  1682  859  1834  1003  198
22  1  3  6  700  388  611  1598  294
16  3  0  0  642  752  226  1549  331
20  1  2  4  307  194  254  2088  322
15  2  2  4  851  646  633  1289  334
14  1  1  2  1300  952  1010  1079  250
22  0  2  4  1654  587  2004  1163  340
15  0  3  6  362  176  395  2012  217
21  1  3  6  375  269  286  2111  278
21  0  3  7  281  130  292  2343  307
20  0  2  5  108  26  132  2485  354
17  2  3  6  804  711  469  1525  272
21  0  3  7  859  275  1025  1694  271
14  1  1  3  234  145  208  2092  317
16  2  2  4  287  215  183  2132  350
21  1  0  1  264  183  214  1960  319
15  1  1  2  875  623  691  1393  201
15  1  3  7  437  279  420  1919  322
22  1  3  6  466  262  402  1876  100
14  2  2  4  1629  1273  1154  973  329
23  1  3  7  909  576  777  1377  257
14  1  0  0  1487  899  1369  990  238
21  0  1  2  1728  773  1927  967  295
23  2  1  3  705  653  395  1271  390
22  0  1  2  1479  754  1530  1126  259
20  0  3  7  514  257  526  1972  292
20  0  1  3  2101  824  2413  999  272
23  1  3  7  1486  791  1425  944  342
22  2  1  2  683  537  534  1514  297
23  2  2  5  350  300  213  1590  204
15  2  1  3  1007  807  649  1288  211
22  1  2  5  440  233  418  2070  287
22  0  2  4  855  376  956  1594  315
21  0  3  7  1831  603  2174  1072  339
22  0  3  7  468  173  528  1862  227
22  0  2  5  445  209  480  2107  301
20  2  1  2  248  229  141  2227  330
20  1  1  3  591  309  580  1780  340
20  2  2  4  2541  2170  1559  699  304
21  1  3  6  146  95  116  2562  277
20  0  0  0  960  423  1032  1529  333
22  0  0  0  1021  460  1126  1573  189
22  1  1  2  292  194  235  2050  253
15  0  3  7  1757  714  2083  1055  287
16  2  3  6  662  526  411  1732  326
16  3  0  0  445  521  163  1759  239
16  0  3  7  2482  1038  2642  861  352
20  1  2  5  982  659  835  1240  318
21  1  1  2  796  507  706  1454  318
21  2  3  6  1116  1022  669  1299  323
16  3  1  3  273  323  98  1999  170
20  1  2  4  640  409  552  1651  279
15  0  0  0  1804  862  1851  1039  204
16  2  0  1  472  398  295  1841  278
23  2  3  7  404  345  247  1602  267
22  0  0  0  385  198  402  2205  325
22  1  3  6  522  274  469  1801  191
20  2  3  7  454  401  248  1777  259
16  3  1  3  383  453  129  1907  343
21  1  3  7  1832  1000  1734  1017  350
23  0  0  1  799  370  854  1701  223
16  0  2  5  856  331  929  1539  346
14  1  2  4  805  599  667  1462  342
14  1  0  0  252  135  252  2089  293
17  2  2  4  96  66  79  2094  284
15  1  2  4  243  165  216  2037  263
20  1  3  6  306  216  241  1909  346
21  0  0  0  205  64  252  2319  338
21  3  1  3  1299  1360  589  1202  341
21  0  2  5  307  122  332  2268  196
21  0  3  6  456  136  556  2180  330
17  0  2  4  332  114  410  1975  157
20  2  3  7  561  461  350  1715  310
20  0  0  0  220  104  223  2454  224
17  2  1  2  571  455  376  1674  331
17  2  2  4  856  709  556  1266  250
17  1  0  0  852  516  772  1504  161
21  0  3  6  1558  738  1611  1223  318
22  3  1  3  76  87  35  2155  314
21  0  1  2  557  250  617  1761  328
17  1  1  2  560  350  513  1647  221
14  2  2  5  667  531  467  1334  145
16  2  0  0  593  431  453  1649  282
23  2  1  2  1424  1117  1015  889  287
16  3  3  7  457  507  185  1772  203
21  0  1  3  860  349  995  1675  188
17  2  0  1  173  152  99  2500  133
16  2  2  5  563  400  380  1674  277
15  2  3  7  1260  1099  816  1129  337
15  0  2  5  1357  680  1485  1098  263
17  3  1  3  1151  1335  444  1107  309
21  2  2  4  162  156  97  2232  223
17  1  1  3  666  406  618  1491  334
21  2  2  5  70  54  51  2535  266
15  0  1  3  256  114  273  2226  311
16  2  1  3  117  96  73  2364  317
17  1  2  4  449  256  417  1699  238
17  0  1  3  141  65  157  2389  340
23  2  1  2  284  277  147  1730  189
21  2  1  2  1448  1125  1115  995  295
20  2  0  0  1082  915  633  1260  179
16  0  0  0  1248  421  1553  1310  237
16  0  0  0  603  232  713  1784  155
23  3  0  1  594  666  268  1373  300
21  1  1  2  351  207  328  1949  338
15  2  2  4  446  367  300  1655  200
21  0  3  6  315  118  361  2472  280
16  2  1  2  296  240  184  2088  279
20  1  2  5  493  341  418  1665  189
20  2  0  1  693  544  447  1671  328
23  2  0  0  1102  918  756  987  375
14  3  0  1  1101  1183  432  1097  275
15  1  3  6  822  528  778  1449  266
23  3  0  0  658  673  298  1481  314
16  3  0  1  291  286  151  2004  236
22  0  0  0  986  538  995  1532  300
17  2  2  4  404  336  267  1681  281
21  0  0  0  206  85  233  2222  311
17  2  2  4  577  427  425  1505  299
14  0  1  2  307  133  299  2215  316
22  1  2  5  376  195  360  2113  253
15  1  0  0  976  634  829  1413  276
14  0  0  0  1021  396  1101  1369  275
22  0  2  5  723  343  781  1794  323
15  0  1  3  2086  680  2514  977  347
16  1  1  3  158  99  137  2305  324
14  1  0  1  531  329  479  1682  325
20  2  0  0  436  341  280  1872  247
16  2  0  0  685  568  444  1487  291
14  3  1  2  643  748  223  1400  266
22  3  1  3  503  591  222  1495  327
21  2  1  3  184  167  121  2399  307
20  2  1  2  326  288  203  2127  259
21  1  0  1  226  122  212  2039  187
16  1  1  2  1019  719  833  1345  202
15  0  3  6  872  425  963  1441  282
17  2  3  6  82  67  52  2595  195
16  3  2  4  287  292  122  2001  327
22  3  0  0  384  418  177  1859  291
21  2  2  5  593  508  365  1641  320
16  0  3  6  687  217  804  1933  252
20  0  3  7  1290  503  1471  1286  299
16  1  2  4  204  143  150  2236  146
23  0  2  4  1767  664  1994  979  246
15  3  1  3  505  492  265  1685  329
23  2  2  4  174  153  106  1927  237
20  3  2  4  664  654  297  1514  217
21  0  3  6  232  86  263  2536  316
22  1  0  1  2519  1740  2007  728  321
21  1  3  6  135  69  128  2678  252
16  3  1  2  269  266  146  2022  259
21  0  1  2  1594  536  1989  1090  330
21  2  3  7  884  674  667  1434  302
21  1  1  3  2132  1475  1760  901  286
15  2  3  7  535  493  312  1670  205
15  2  3  6  1157  906  852  1165  237
16  1  2  5  245  145  208  2171  156
21  2  2  4  411  367  243  1804  285
22  1  1  3  1741  902  1665  979  258
14  1  3  6  214  146  190  2336  297
21  3  0  0  846  917  344  1359  250
16  1  2  5  162  90  145  2324  250
15  1  2  5  445  304  391  1704  313
22  1  1  3  620  447  472  1599  336
20  2  3  6  470  350  331  1709  158
14  3  0  1  837  938  293  1235  308
15  3  3  6  294  329  139  1828  151
23  1  2  4  795  458  728  1404  350
15  2  3  6  520  408  379  1684  319
15  3  1  3  779  784  382  1371  184
15  2  2  4  942  790  616  1200  271
20  2  2  5  489  380  334  1679  322
22  3  2  4  253  312  91  2010  221
22  0  1  2  235  84  276  2377  316
21  2  0  1  1340  1036  1015  1013  335
17  3  1  2  471  569  166  1583  356
21  3  1  3  1049  982  606  1355  240
21  1  0  1  437  275  376  1726  302
16  1  2  5  284  153  257  2172  300
16  1  0  0  560  330  547  1748  325
16  0  3  7  1081  396  1202  1402  233
17  3  0  1  1010  1142  354  1347  323
16  1  2  5  137  72  122  2440  272
16  0  3  7  389  188  388  2099  321
15  1  0  1  643  464  497  1623  341
14  2  3  6  815  585  620  1523  302
20  0  1  3  491  189  568  2115  330
22  2  2  4  708  600  500  1546  329
14  0  1  2  1559  607  1605  1139  248
22  0  1  2  588  185  726  1883  297
22  0  1  3  202  64  247  2375  176
14  1  0  0  1773  1162  1532  896  326
16  2  3  7  213  178  117  2149  197
17  3  2  4  306  331  132  1761  304
17  3  3  6  260  259  131  2169  294
14  0  2  4  421  212  412  1986  241
21  2  0  0  668  558  456  1441  222
23  0  2  4  1300  442  1486  1353  260
20  1  0  0  745  525  577  1546  276
15  0  1  2  1892  915  1935  929  341
21  2  1  2  2250  2040  1396  749  327
14  1  3  6  1523  826  1614  1138  336
20  1  2  5  954  555  905  1324  333
15  0  3  7  1676  877  1791  1027  323
20  1  1  3  2238  1559  1864  813  198
21  1  2  4  1358  805  1241  1106  305
14  1  3  6  285  186  259  2229  234
23  1  0  0  850  484  753  1496  286
14  0  2  5  1261  468  1400  1155  278
16  3  1  2  1439  1663  539  996  353
22  1  2  5  166  96  150  2473  215
22  2  2  4  455  379  323  1820  235
15  1  3  7  1187  718  1180  1224  330
20  0  0  0  881  364  977  1593  203
17  1  1  2  661  453  554  1501  219
23  3  2  5  781  790  419  1143  275
15  0  0  0  651  279  698  1831  276
20  0  1  3  537  177  653  2113  331
20  1  1  3  441  320  349  1882  307
15  1  1  3  557  357  481  1783  260
16  0  3  6  840  408  830  1663  330
21  1  1  2  624  364  595  1637  326
21  1  1  3  344  238  282  2196  332
15  1  2  4  351  231  323  1883  246
20  1  2  5  485  257  488  1774  317
17  2  2  4  539  488  304  1499  282
15  0  3  6  255  84  320  2230  113
22  1  3  7  557  362  423  1593  309
14  0  2  4  362  154  385  2158  216
16  2  2  4  697  505  460  1525  308
16  0  0  1  839  402  904  1518  346
16  2  1  3  1457  1120  1006  1014  115
21  1  2  5  860  474  790  1533  309
20  2  0  0  1076  911  621  1255  256
16  0  1  3  584  236  642  1777  191
16  1  0  1  485  300  458  1902  270
23  3  2  5  343  375  155  1576  225
21  2  3  7  153  115  113  2452  330
14  1  2  5  2091  1497  1787  682  210
17  1  1  2  1036  628  959  1275  303
23  1  2  5  522  299  476  1515  228
16  0  1  3  1271  580  1338  1206  334
22  3  1  3  628  784  238  1365  214
15  1  2  4  875  450  950  1376  215
15  2  3  7  361  323  218  1913  328
20  0  1  3  458  169  550  2116  182
22  0  2  4  655  269  747  1787  311
23  3  1  2  713  773  341  1200  237
21  0  2  4  379  168  395  2121  230
22  2  3  6  93  73  64  2319  319
21  3  1  2  180  185  82  2160  332
22  0  0  1  425  212  452  1896  299
22  1  3  7  1134  643  963  1205  330
20  1  1  2  745  547  595  1645  296
20  0  1  2  1317  495  1540  1361  304
23  3  1  3  162  191  61  1898  198
20  2  2  5  444  415  250  1740  300
17  3  0  0  774  822  324  1399  225
22  0  1  2  1706  906  1722  1016  326
20  1  0  1  195  126  161  2438  239
15  0  1  2  482  212  519  1924  315
22  2  2  4  222  176  167  2225  326
17  3  2  4  984  1038  444  1097  170
23  2  0  1  310  258  208  1834  197
23  0  1  3  2471  899  2843  786  316
17  0  1  3  634  342  673  1579  269
23  2  0  1  791  722  474  1261  324
15  1  3  6  585  333  592  1707  206
15  2  3  6  877  715  626  1321  327
15  1  1  2  1149  796  927  1209  333
14  1  3  6  793  446  811  1597  282
22  1  3  7  893  489  779  1377  324
17  0  3  6  143  57  161  2671  129
17  2  2  4  720  577  489  1337  310
22  0  0  1  1769  763  1998  1008  243
23  1  0  1  875  482  853  1389  313
20  1  2  5  172  110  152  2156  297
17  0  3  6  1809  784  2046  1037  204
22  1  3  6  682  381  592  1609  269
16  0  2  5  1016  440  1043  1390  267
17  0  0  1  1268  574  1374  1319  198
17  0  3  6  898  312  1097  1611  237
15  0  2  5  211  97  224  2214  211
20  0  1  3  171  70  189  2699  193
15  0  3  7  970  395  1159  1505  310
20  2  1  2  2294  2128  1291  809  340
22  3  2  4  395  471  148  1776  330
16  1  1  3  221  134  200  2249  251
21  2  2  4  532  433  360  1509  284
15  0  2  5  337  113  427  2076  243
17  3  0  0  802  866  326  1371  319
20  1  0  1  63  26  65  2802  318
15  3  2  5  626  670  297  1417  199
14  3  1  2  356  361  175  1775  296
14  1  2  5  538  294  547  1558  313
21  2  1  2  876  722  630  1288  272
23  3  1  2  774  949  247  1212  293
15  3  1  3  124  132  54  2245  108
21  2  2  4  2545  1951  1860  735  262
17  0  2  4  1243  543  1395  1112  318
17  3  1  2  1164  1301  503  1067  247
21  0  3  7  902  298  1073  1624  337
22  3  3  7  158  166  69  2032  327
23  3  0  0  570  602  296  1248  318
17  0  2  4  778  332  887  1397  278
21  1  0  1  1365  916  1121  1034  307
20  2  1  2  776  632  527  1591  269
14  2  2  4  706  563  486  1518  325
23  3  1  3  1255  1541  416  949  328
21  1  0  1  1524  1014  1269  957  299
21  1  3  6  416  232  385  2152  305
22  1  2  4  66  37  63  2566  285
14  2  2  4  331  251  240  1996  328
14  1  3  6  361  230  339  2010  247
14  1  1  3  663  430  571  1550  301
21  0  2  5  622  210  719  1891  349
21  2  1  3  709  501  585  1648  302
20  1  3  7  1668  1130  1354  1017  269
20  0  3  7  197  71  223  2486  273
14  1  0  0  1661  958  1579  922  383
16  2  3  6  225  202  109  2316  327
21  0  2  5  211  70  244  2530  320
20  1  3  7  347  226  290  2089  285
14  2  1  3  412  305  284  1733  320
20  0  3  6  801  229  1002  1524  269
22  2  1  2  917  719  680  1273  148
17  1  0  0  148  85  134  2413  322
20  2  2  4  2473  2010  1626  715  340
20  2  3  6  641  472  455  1488  323
20  0  1  2  1403  727  1433  1244  325
15  2  1  3  705  521  492  1605  337
20  2  2  4  319  286  184  2015  250
23  1  1  3  806  474  737  1343  301
23  3  1  2  222  245  102  1784  315
23  0  2  4  631  205  745  1689  305
20  1  1  3  158  116  121  2490  235
21  1  0  1  1037  539  1027  1243  248
17  1  1  3  87  42  87  2429  326
20  2  0  1  900  669  623  1498  126
15  1  3  6  911  521  932  1380  339
14  0  2  4  553  232  583  1890  313
16  0  1  2  1099  361  1301  1491  132
20  1  0  0  495  372  393  1782  210
23  0  2  5  1133  446  1258  1145  302
21  1  1  3  1212  813  1021  1314  266
23  1  1  2  412  230  394  1779  132
17  2  3  6  334  303  188  2104  295
21  0  3  6  597  263  642  1930  329
22  1  1  3  383  265  296  1841  298
21  2  3  6  1250  1046  849  1214  208
21  1  0  0  532  278  512  1913  333
15  0  2  4  632  279  742  1627  313
14  1  1  2  914  563  823  1339  331
23  0  0  0  1426  683  1503  999  287
22  1  0  1  336  229  267  1944  326
17  1  1  2  370  270  297  1867  315
14  2  0  1  2380  1669  1733  734  294
20  0  3  6  774  390  785  1444  321
21  2  3  7  1382  1261  826  1119  165
15  0  1  2  228  64  278  2438  303
21  2  3  7  1162  915  846  1228  228
23  0  2  4  326  147  343  1942  264
15  0  0  1  816  264  977  1735  267
20  1  0  0  792  403  804  1642  251
16  2  0  0  610  486  421  1634  258
20  2  2  4  625  451  475  1662  251
15  1  0  1  1384  1001  1073  1137  275
17  1  0  1  517  313  439  1971  279
15  2  0  1  1056  909  605  1259  321
20  1  1  2  158  120  117  2491  284
23  3  1  3  300  341  138  1699  314
14  3  1  2  396  449  153  1730  256
22  2  2  4  722  529  541  1303  274
16  1  2  4  145  87  121  2318  290
22  1  1  3  1099  797  831  1199  181
22  2  0  1  226  200  141  1907  243
17  3  2  4  737  781  333  1283  285
23  2  3  7  481  356  359  1482  239
23  2  2  4  1178  1026  711  1008  355
16  3  1  2  1166  1356  419  1132  268
20  1  2  5  890  522  844  1372  311
23  3  1  2  1073  1272  405  976  220
22  1  2  4  142  92  109  2363  299
23  1  3  7  2404  1242  2359  718  328
20  0  3  7  526  180  624  1971  320
23  3  0  0  1013  1196  383  961  169
16  0  1  3  1256  462  1435  1323  182
17  1  0  1  984  617  820  1473  289
16  2  3  6  532  455  297  1794  231
17  3  0  0  913  1014  341  1260  326
16  3  1  3  830  847  425  1336  271
22  3  3  6  230  249  97  1947  273
22  0  2  5  872  440  916  1599  321
15  2  1  3  763  633  463  1435  313
17  2  2  4  525  463  312  1538  165
15  1  1  3  361  175  369  2064  338
21  2  2  5  1094  985  645  1247  327
22  0  3  6  794  366  819  1543  246
15  0  3  6  273  134  291  2194  258
20  0  2  5  635  321  665  1597  264
14  0  1  2  1882  896  1769  963  336
22  1  2  5  510  357  385  1873  299
21  3  1  2  1192  1292  483  1093  326
22  0  1  2  316  114  375  2230  331
16  3  3  7  984  1055  416  1249  194
14  0  0  0  1123  525  1093  1247  154
21  3  0  1  370  363  183  1804  256
16  3  2  4  330  367  105  1923  329
20  2  2  5  387  346  225  1789  235
21  0  2  4  470  143  573  2110  335
20  0  3  7  734  282  831  1763  302
17  3  0  1  191  189  97  2400  323
15  1  2  4  363  195  387  1937  195
15  1  2  5  949  554  956  1277  329
16  0  0  0  534  216  611  1856  320
20  1  3  6  390  247  338  1788  190
16  1  0  1  244  155  228  2177  253
21  1  0  1  1282  723  1214  1080  291
16  3  2  4  645  697  225  1550  274
16  1  0  1  1708  994  1680  1007  328
14  1  2  4  205  115  204  2274  233
20  0  2  4  315  124  358  2199  256
16  3  1  2  888  973  388  1350  314
15  0  2  4  1006  438  1193  1316  333
16  2  0  1  496  414  321  1798  242
22  0  2  4  792  403  826  1626  170
21  0  3  7  362  140  403  2267  160
17  2  0  1  1574  1131  1167  1115  276
22  2  1  2  854  770  583  1290  289
16  0  0  0  1726  785  1900  1023  279
17  2  3  6  608  515  387  1742  277
16  2  1  3  193  152  129  2231  227
16  0  1  2  583  211  668  1940  293
21  0  3  6  536  250  558  2092  308
21  2  0  0  301  264  187  1910  293
22  1  3  7  819  481  683  1385  283
15  0  0  1  344  153  367  2189  422
22  0  1  2  853  410  964  1361  187
15  2  2  4  492  417  317  1546  261
23  3  2  4  128  138  53  2012  231
20  0  1  3  890  392  981  1619  296
14  1  1  2  576  383  514  1660  180
22  0  3  6  1144  396  1333  1388  230
16  0  0  0  254  96  300  2362  297
20  1  3  6  447  315  351  1624  299
23  3  1  3  815  849  424  1201  357
21  0  2  5  1497  655  1583  1171  330
14  3  0  0  338  348  154  1728  256
21  0  1  2  782  304  926  1594  250
20  0  0  1  875  431  893  1607  298
17  1  0  1  86  40  85  2802  309
23  3  1  2  313  378  109  1671  205
14  0  3  6  523  208  582  2131  254
22  0  1  3  169  72  190  2337  303
23  0  1  2  456  191  493  1832  324
23  2  1  2  308  267  196  1779  298
21  1  0  1  971  649  805  1220  310
21  0  3  7  236  94  262  2458  221
23  2  3  7  413  372  236  1595  326
16  3  0  1  331  399  115  1978  275
21  2  2  5  740  683  406  1545  196
15  1  1  2  371  192  374  2014  289
22  1  0  0  249  149  221  2393  256
21  2  1  2  1008  856  692  1220  341
22  2  2  5  523  417  400  1846  275
14  0  0  1  1255  424  1414  1344  339
17  3  3  6  374  409  149  1974  305
17  0  1  3  426  128  563  1923  288
23  1  3  7  410  231  381  1681  342
14  0  1  3  442  199  430  1835  329
15  0  0  1  473  217  491  2016  295
16  2  3  6  1316  927  944  1223  250
21  1  0  0  411  251  363  1826  230
20  2  3  6  1304  1084  788  1002  304
16  0  3  6  967  295  1146  1678  255
14  0  3  6  1486  702  1543  1239  323
17  2  2  4  800  700  478  1263  179
20  1  3  6  157  78  158  2207  311
15  2  2  5  461  330  362  1712  304
22  3  3  7  169  165  87  2029  214
14  1  1  2  870  521  790  1369  261
20  1  3  7  70  35  67  2564  197
15  1  0  0  1815  1011  1726  1001  343
20  2  0  0  1318  1053  829  1143  321
14  0  2  4  1150  542  1167  1331  218
20  1  0  1  328  202  288  2244  211
15  2  1  3  672  573  387  1503  309
21  1  3  7  493  265  474  1947  323
20  1  2  4  661  409  598  1644  177
15  2  3  6  544  439  394  1609  329
21  0  1  2  765  247  923  1816  176
16  0  2  4  161  47  185  2549  180
20  0  0  0  132  58  133  2308  280
15  1  3  6  634  450  554  1589  335
22  2  3  6  210  175  144  2046  336
21  1  1  2  389  264  328  1844  322
15  1  1  2  601  358  557  1702  202
16  0  0  1  174  89  185  2391  273
17  1  3  6  486  298  430  1951  288
15  1  0  0  550  382  452  1814  261
21  2  0  1  237  215  141  1978  281
21  0  2  4  333  123  368  2204  274
16  1  0  0  687  382  695  1620  323
15  2  2  4  247  184  186  1954  328
23  3  0  1  800  945  306  1182  176
20  0  1  3  1562  817  1584  1130  359
21  1  1  2  549  285  558  1715  176
22  1  1  2  557  410  415  1682  339
23  3  0  1  886  969  421  1119  334
23  0  1  3  1317  578  1406  1100  318
17  2  1  3  1071  823  707  1252  154
21  0  1  2  310  94  368  2373  213
16  2  2  4  563  473  299  1681  293
21  1  3  6  905  489  947  1428  223
14  0  3  6  177  85  175  2583  321
14  1  0  0  491  280  474  1769  330
20  2  3  6  1707  1231  1238  867  182
21  0  3  6  312  102  376  2422  267
22  0  3  7  1375  521  1556  1186  293
14  0  2  5  840  276  981  1495  162
16  1  2  4  290  142  278  2290  339
16  0  0  1  1290  641  1376  1208  173
17  2  0  1  370  267  270  2142  306
17  3  2  4  195  208  83  1899  252
21  0  1  3  297  127  339  2421  308
22  0  0  1  287  87  359  2288  317
23  1  0  0  568  318  524  1805  349
14  1  0  1  676  407  621  1561  335
21  2  2  5  406  359  248  1913  247
23  2  2  5  1136  966  713  930  240
22  0  2  4  978  506  1009  1431  307
23  1  1  3  313  157  308  1907  327
17  0  1  3  181  65  235  2434  253
20  0  3  7  2202  980  2365  923  322
23  1  0  0  177  107  170  2025  261
20  2  0  1  111  89  72  2446  268
14  2  3  6  1256  913  948  1223  340
16  2  1  2  285  212  205  2165  232
14  1  1  2  705  525  540  1489  275
23  2  0  0  1568  1392  968  775  301
16  2  2  5  506  383  313  1749  237
20  2  2  5  209  175  125  2019  202
17  2  1  3  422  374  270  1782  267
15  2  1  2  724  536  510  1493  313
22  0  2  5  496  216  553  2096  180
21  3  3  7  2110  2157  994  778  354
20  2  0  1  543  462  310  1781  253
22  1  3  6  407  221  348  1891  331
15  2  1  3  603  510  350  1552  326
22  3  3  6  1036  1144  431  1167  274
15  1  3  6  322  232  279  1945  335
16  2  0  1  232  189  151  2180  312
14  0  0  0  1703  608  1869  1103  310
22  0  1  2  1715  736  1910  1086  317
14  1  2  4  387  274  337  1931  344
20  2  1  3  1659  1405  1068  993  347
21  1  1  3  1157  845  913  1169  293
20  2  1  3  722  682  393  1576  214
23  2  1  2  1032  843  706  1101  181
17  2  1  2  113  87  86  2250  301
14  0  3  6  653  302  685  1877  306
21  1  3  6  2752  1583  2514  837  271
23  0  3  7  1214  564  1260  1081  306
20  0  2  4  728  232  905  1756  279
16  1  0  1  952  610  875  1363  285
22  2  0  0  529  445  389  1903  335
21  2  3  7  518  487  290  1817  334
21  2  0  0  894  678  705  1292  299
17  3  0  1  353  339  184  2067  340
21  2  3  6  278  233  184  2249  300
23  2  1  3  537  457  341  1466  305
16  1  0  0  209  126  188  2108  245
17  1  0  1  405  281  307  2153  288
20  0  1  2  97  50  98  2831  283
16  2  1  3  624  510  394  1595  364
22  1  1  3  882  563  742  1371  155
22  0  3  6  1318  404  1593  1229  318
20  2  1  2  192  156  128  2358  254
23  0  1  2  1904  722  2156  954  316
23  3  2  4  306  368  108  1787  280
20  0  2  5  549  258  584  1724  309
16  2  2  5  335  290  169  1969  234
16  3  0  0  272  315  101  2037  222
20  1  0  1  94  49  96  2733  330
22  1  1  2  76  46  65  2450  298
16  0  2  4  304  77  372  2353  332
16  2  2  4  183  136  112  2219  290
21  2  0  1  789  668  529  1296  280
21  0  0  1  508  217  570  1753  281
15  0  0  0  578  214  657  2020  284
22  2  0  1  427  362  314  1746  314
22  3  3  7  102  107  47  2107  331
23  0  2  4  741  245  875  1610  262
20  1  2  4  1013  721  805  1264  231
21  2  3  6  2065  1693  1435  909  338
15  1  1  2  849  438  857  1489  378
16  1  1  3  1501  944  1335  1076  333
17  1  0  1  159  99  125  2558  384
14  1  2  4  183  96  192  2312  326
20  2  0  0  760  620  466  1497  193
22  1  3  7  1078  606  921  1223  341
22  1  3  7  730  470  565  1486  309
17  0  2  4  898  292  1120  1374  313
20  2  1  2  268  249  145  2203  217
21  2  3  6  121  94  89  2523  196
23  3  2  4  637  739  243  1362  119
22  0  3  6  610  275  649  1740  265
22  0  3  6  236  99  258  2088  319
16  2  1  2  1209  1037  723  1159  315
23  3  2  5  139  167  44  1925  329
21  2  2  5  1449  1053  1117  1042  274
23  1  0  1  432  246  405  1815  176
21  0  2  5  505  224  531  2020  309
21  0  0  1  267  108  295  2086  298
23  0  2  4  615  184  740  1755  281
14  0  0  0  551  188  614  1887  163
14  3  0  0  606  647  239  1431  239
23  3  0  0  298  338  122  1587  267
15  2  3  6  1300  1014  961  1090  240
17  0  1  3  417  226  462  1912  163
21  0  3  6  302  106  353  2515  250
22  1  1  2  384  195  379  2000  295
14  0  2  4  899  332  996  1613  290
21  1  3  6  570  375  464  1912  310
14  0  1  2  952  413  936  1464  189
14  0  0  1  2429  1137  2366  799  354
21  2  2  5  980  773  579  1288  324
17  3  1  2  486  552  198  1604  272
16  0  1  3  1147  395  1336  1346  263
23  2  0  1  610  509  416  1452  274
22  2  1  3  441  351  343  1736  315
16  3  0  0  445  454  237  1731  275
21  3  0  0  106  110  49  2051  203
21  3  0  0  922  1039  336  1293  201
21  2  2  4  221  189  138  2140  327
21  2  1  2  1066  892  660  1260  274
16  3  1  3  1134  1304  433  1137  280
14  0  1  3  1622  596  1710  1075  199
14  1  0  1  269  154  273  2101  327
22  3  3  6  740  816  307  1352  332
17  1  1  2  110  77  98  2210  288
23  3  0  0  2040  2456  745  605  256
14  1  0  0  594  417  481  1539  252
22  1  1  3  512  276  484  1751  300
16  3  1  3  723  814  286  1434  276
22  2  1  3  1803  1503  1338  883  202
23  3  1  3  402  471  161  1579  236
20  0  3  6  177  65  205  2285  119
21  0  2  4  2537  933  2890  877  308
22  0  3  7  1183  495  1284  1270  317
17  0  1  2  165  57  209  2292  209
22  2  0  1  610  590  375  1453  158
16  3  1  2  760  774  388  1414  280
17  2  0  1  536  473  302  1876  149
16  2  3  6  563  477  325  1802  311
21  1  3  6  105  66  83  2689  291
15  1  3  6  368  264  312  1913  303
17  2  1  2  631  472  486  1526  353
23  0  1  2  981  288  1208  1436  301
22  1  2  5  512  293  467  1905  215
16  0  0  1  887  386  994  1504  246
17  3  0  0  726  791  288  1436  324
16  3  1  2  1162  1157  615  1136  224
17  2  3  6  658  535  430  1687  226
17  2  0  1  1457  1189  934  1144  306
21  2  2  4  957  816  616  1321  245
21  0  1  2  1225  494  1488  1144  311
20  2  2  4  109  85  69  2367  364
23  3  2  4  331  366  141  1673  317
20  2  3  6  499  397  321  1654  267
23  0  2  5  1037  345  1222  1204  105
21  1  2  4  492  232  487  1841  313
20  2  2  4  279  203  207  2098  309
16  1  2  5  1654  1017  1393  991  320
20  0  3  6  537  186  675  1698  269
22  1  1  2  1352  818  1177  1127  276
14  0  1  3  296  141  276  2125  171
21  0  0  0  1877  597  2320  971  347
22  0  1  3  267  136  277  2112  317
22  0  2  5  788  344  877  1800  316
20  2  3  6  338  269  217  1802  278
16  1  0  1  149  75  155  2463  310
15  0  2  4  862  287  1103  1465  374
16  2  3  7  131  118  65  2317  226
23  0  0  0  535  267  558  1598  313
17  1  0  0  1418  913  1152  1121  288
16  0  2  5  257  105  264  2276  247
23  3  0  0  1039  1091  546  972  292
15  2  3  7  262  209  181  2119  322
15  0  0  0  231  67  282  2563  334
16  1  1  3  525  349  441  1741  284
20  1  2  4  930  486  936  1439  179
22  0  2  5  1133  477  1289  1462  235
15  2  2  5  285  253  175  1887  318
21  1  3  7  855  476  798  1591  321
22  3  1  2  658  818  250  1406  326
15  1  1  2  299  194  259  2074  196
17  2  2  4  773  612  538  1336  249
17  2  1  2  1304  1108  878  1027  315
21  1  3  6  957  591  835  1554  213
14  1  1  2  1353  755  1288  1087  238
20  1  0  1  815  490  728  1600  319
15  2  2  4  320  239  242  1802  306
16  2  3  7  376  295  234  1921  185
14  0  1  2  1076  440  1079  1368  356
16  1  1  3  1258  766  1147  1165  189
17  0  0  0  1187  421  1410  1271  319
17  3  0  0  813  898  300  1334  285
20  1  1  2  2595  1738  2251  811  194
21  1  2  5  473  321  359  1811  340
14  0  1  3  915  369  928  1423  313
15  0  0  1  1299  444  1521  1349  243
17  0  1  3  1572  565  1957  1070  218
14  0  1  3  479  171  510  1983  323
22  0  3  7  447  183  486  1864  263
23  2  2  4  268  241  159  1795  290
15  2  3  6  151  139  84  2129  173
20  1  3  7  1326  732  1258  1223  220
21  3  3  6  887  890  436  1540  221
14  0  2  4  599  234  652  1877  313
22  1  1  3  207  153  160  2104  316
20  1  0  1  96  63  88  2485  231
23  0  2  5  902  437  913  1235  303
21  3  1  2  693  635  411  1447  310
16  0  3  6  1528  453  1817  1371  344
14  2  1  3  757  565  518  1367  232
16  3  0  1  232  272  99  2030  356
14  3  1  2  776  876  285  1283  240
21  2  1  2  473  436  287  1626  295
20  2  0  1  1038  838  647  1337  320
14  0  1  2  1466  550  1533  1204  258
17  1  3  6  613  403  501  1711  202
20  2  3  6  103  93  51  2214  325
16  1  3  7  733  478  610  1551  271
17  2  2  4  50  41  30  2241  224
22  0  0  0  512  195  606  2168  312
15  1  2  5  728  358  798  1508  283
21  2  0  1  589  448  453  1547  340
21  1  2  4  1897  1106  1686  884  288
20  2  0  1  275  245  147  2195  282
21  0  1  3  928  275  1202  1710  280
17  2  1  2  256  207  180  1963  206
23  0  0  1  1013  404  1158  1403  323
16  2  3  7  275  247  144  2080  171
23  0  3  7  335  155  347  1851  295
20  0  3  7  1391  605  1513  1216  275
21  2  2  5  442  339  311  1606  309
14  0  3  6  1676  555  2013  1245  329
21  3  1  2  484  453  278  1680  302
17  3  0  0  649  648  320  1557  197
22  3  3  7  341  351  166  1730  349
21  1  0  0  785  436  747  1470  334
23  0  1  3  1434  570  1602  1107  333
15  1  2  4  420  230  441  1846  286
16  0  2  4  1035  496  1009  1394  189
23  0  2  4  423  210  423  1827  338
17  1  0  0  231  119  218  2228  337
16  0  3  7  212  103  231  2353  329
17  2  0  1  1276  1151  706  1191  273
17  2  0  0  224  164  159  2204  276
17  2  3  6  1404  1161  918  1166  189
14  2  0  0  1058  953  540  1150  320
17  0  1  3  311  120  380  2057  314
23  0  3  7  260  70  320  2057  239
17  3  1  3  423  455  204  1727  314
22  1  0  1  69  33  69  2397  321
14  1  1  3  784  557  626  1400  214
17  0  1  3  1086  487  1265  1285  252
14  1  2  5  475  274  467  1582  278
23  3  1  2  655  747  275  1250  295
22  0  2  5  126  44  150  2723  308
20  1  3  6  877  599  709  1286  119
16  3  1  3  380  413  166  1843  332
14  2  2  4  588  434  435  1654  289
23  0  3  7  690  295  745  1536  280
16  2  0  0  413  308  302  1860  222
15  2  3  6  275  233  188  1965  331
17  0  1  2  1035  370  1314  1336  301
23  1  1  3  532  335  464  1536  328
14  0  0  0  199  70  243  2452  306
16  2  2  5  771  596  465  1463  229
23  1  1  2  565  358  478  1554  289
23  1  0  0  288  183  251  1780  278
15  1  3  7  94  61  87  2489  296
20  1  0  1  1579  1035  1315  1041  219
23  0  0  1  922  444  957  1396  261
20  1  0  1  511  329  429  1928  330
14  1  2  5  1232  730  1210  998  344
15  1  3  7  360  246  335  2259  308
23  0  2  4  377  107  455  2181  349
20  1  0  1  995  553  924  1539  227
20  1  1  3  856  567  744  1553  270
22  1  0  1  266  194  195  1959  338
15  1  0  1  508  365  407  1746  258
22  1  3  7  474  298  365  1772  336
23  3  2  5  459  554  155  1514  272
23  2  0  0  376  344  223  1550  255
14  2  0  1  545  387  390  1674  213
23  2  0  0  1365  1209  815  1053  261
16  1  1  2  237  158  198  2241  305
14  1  0  1  315  188  290  2007  277
23  0  1  2  336  135  379  1932  268
16  0  3  6  222  111  213  2543  312
17  2  2  4  65  51  42  2194  243
14  0  1  2  1196  455  1246  1354  266
21  1  1  3  667  354  676  1788  325
15  0  2  5  675  204  901  1675  221
17  3  0  0  429  500  135  1750  226
17  1  3  6  1050  652  904  1402  333
20  1  3  7  641  334  631  1761  271
20  2  1  3  331  289  196  2103  326
15  0  3  6  1267  638  1375  1155  324
20  2  3  7  464  380  284  1877  318
21  1  3  6  169  87  166  2596  229
14  3  0  1  354  397  117  1803  183
15  2  1  3  565  492  309  1655  297
15  0  0  1  241  119  248  2333  315
15  1  0  0  391  203  387  2039  109
17  2  0  1  232  200  130  2386  292
14  2  0  0  253  231  123  1929  214
21  0  1  2  196  85  219  2268  187
21  0  2  4  393  189  402  1943  196
17  2  1  3  297  261  195  1916  246
17  2  0  0  69  57  39  2484  284
16  1  2  4  364  210  320  2000  324
17  3  3  6  870  872  447  1406  274
17  2  0  0  2557  1923  1816  761  302
15  0  0  0  1274  533  1385  1342  331
15  3  1  3  310  321  138  1908  275
22  1  1  3  422  284  337  1970  243
20  0  0  1  1250  487  1413  1421  257
23  3  3  7  255  254  138  1760  226
15  2  0  0  445  366  270  1882  192
16  3  1  3  950  959  493  1265  334
16  0  3  7  525  201  575  1912  328
21  0  2  5  872  416  876  1563  346
20  2  0  1  292  246  176  2123  308
20  1  2  4  411  291  334  1895  302
17  1  2  4  409  261  349  1776  268
23  1  1  2  696  456  601  1604  348
15  3  3  7  421  442  222  1810  274
16  2  3  7  689  589  396  1559  333
15  1  1  3  294  214  236  2094  330
22  3  1  2  577  722  218  1485  329
16  2  1  3  605  470  410  1627  302
23  2  2  4  221  168  158  1957  300
20  1  0  0  327  200  284  2146  284
17  0  2  4  964  368  1148  1331  263
15  0  3  7  239  120  254  2275  271
14  0  3  6  837  255  1034  1807  166
17  2  0  1  554  426  385  1867  303
16  0  0  0  615  292  598  1645  350
17  0  0  0  116  52  122  2504  207
22  0  3  6  1099  423  1237  1389  317
20  0  0  1  274  104  307  2578  368
21  0  0  0  541  203  628  1735  236
17  0  0  0  492  227  525  1831  311
17  3  1  2  149  152  83  2106  314
17  1  2  4  303  157  304  1948  306
15  2  1  2  151  115  102  2234  220
20  1  3  6  630  318  621  1596  324
23  1  2  5  315  160  302  1746  162
22  1  2  4  592  365  504  1737  303
21  0  1  3  1089  325  1402  1569  280
17  0  1  3  535  175  695  1853  313
14  0  2  4  422  162  463  2060  178
21  1  3  7  1866  1001  1791  1039  284
15  1  3  7  939  596  896  1409  216
17  1  3  6  1111  731  916  1334  286
17  1  0  1  728  461  612  1710  317
21  3  1  3  336  372  126  2144  196
20  1  0  1  459  256  434  2051  275
17  2  1  2  1107  1018  667  1089  222
23  3  0  0  220  249  102  1694  266
22  1  2  4  809  420  776  1605  279
16  1  1  3  982  657  830  1293  312
22  2  0  0  136  101  97  2356  272
22  0  1  3  1064  477  1166  1320  301
16  1  3  6  461  266  419  2015  203
16  1  3  6  758  538  592  1595  260
21  2  2  5  350  287  232  1932  222
15  0  0  0  1689  656  1890  1148  158
20  1  1  3  285  173  260  2239  342
17  0  1  3  576  308  617  1667  324
21  1  3  7  653  424  549  1721  328
23  2  3  7  510  376  380  1438  116
15  0  0  0  1402  686  1424  1217  316
23  0  3  7  743  262  858  1460  302
17  0  0  1  2049  816  2333  1000  264
23  3  0  0  1089  1214  490  923  330
20  1  0  0  567  379  459  1766  230
15  2  0  1  773  566  540  1537  278
20  1  0  1  508  287  467  1931  275
22  3  3  7  248  269  111  1854  320
22  0  2  4  972  361  1161  1557  264
21  0  3  6  849  361  924  1670  306
20  1  1  2  182  135  137  2467  318
21  2  2  4  863  715  589  1338  143
14  1  1  2  381  270  304  1902  332
20  0  1  3  495  167  603  2147  321
22  1  0  0  220  124  202  2428  301
14  2  1  3  802  604  541  1409  328
17  3  2  4  823  964  279  1194  200
17  1  0  1  554  381  424  1914  320
14  2  0  1  452  318  329  1800  327
15  0  2  4  764  253  983  1566  207
20  0  0  0  581  251  624  1955  251
21  1  3  7  2568  1376  2462  798  197
14  2  0  1  369  316  213  1977  241
21  2  3  6  369  306  250  2106  207
20  0  0  0  752  255  896  1847  341
15  2  3  7  564  465  393  1649  298
21  1  0  1  1202  798  1004  1123  295
23  2  2  4  698  577  459  1296  225
20  0  1  3  1255  625  1307  1351  240
20  0  1  3  839  368  922  1704  345
16  2  3  6  1031  889  574  1426  318
21  2  1  3  600  453  464  1568  222
17  1  1  2  190  136  159  2139  285
23  3  0  0  760  791  405  1136  320
16  0  1  2  695  336  710  1726  178
20  1  3  7  2233  1299  2039  858  151
22  3  3  7  366  428  127  1661  327
16  3  0  1  962  991  493  1254  313
17  3  2  4  971  1034  433  1120  270
21  3  1  2  690  659  379  1467  335
23  0  0  0  348  141  407  1908  189
23  0  0  0  700  252  828  1555  311
17  2  1  3  414  384  244  1769  338
21  1  1  3  1119  654  1061  1364  192
20  0  0  0  1444  527  1680  1256  313
15  2  2  4  1430  1055  1093  1001  297
20  0  2  4  104  33  130  2401  402
16  0  1  3  486  204  529  1916  231
23  2  1  3  1377  1118  935  962  314
20  0  1  3  631  262  712  1920  309
22  2  0  1  1744  1638  1137  836  264
21  2  1  3  103  93  64  2552  220
21  1  3  7  425  293  335  1992  312
20  2  0  0  116  94  80  2395  399
22  0  0  0  179  60  221  2787  327
14  1  1  3  1164  699  1056  1128  194
15  1  1  2  888  493  855  1425  232
15  2  0  1  1097  797  786  1323  279
22  0  3  7  1351  508  1528  1203  322
14  2  1  3  782  567  555  1353  264
14  3  2  4  655  816  208  1446  312
17  2  0  0  338  247  237  2022  313
17  3  1  3  112  123  52  2149  222
23  0  1  2  455  179  512  1868  300
14  1  2  5  351  219  330  1730  329
16  1  2  4  176  116  140  2296  251
15  0  0  0  627  188  761  1941  254
21  2  1  3  555  491  366  1762  149
22  1  1  2  664  366  611  1673  302
17  0  0  1  1240  622  1271  1314  317
21  3  2  5  359  346  176  1978  259
14  1  2  4  365  258  312  2008  311
15  2  3  7  401  346  257  1793  340
22  0  1  2  263  116  283  2252  263
20  0  2  4  2346  773  2863  906  304
23  0  2  5  324  127  351  1839  336
16  2  2  5  412  335  227  1866  201
22  0  0  1  919  350  1080  1541  326
21  3  0  1  682  785  225  1464  342
23  3  2  4  742  769  380  1251  231
17  0  3  6  871  400  959  1618  319
21  1  0  1  632  430  513  1524  324
17  0  3  6  1033  484  1127  1403  275
21  1  1  2  363  196  363  1926  175
17  2  1  2  746  626  511  1395  276
20  0  1  2  1532  518  1847  1266  252
20  2  1  2  560  501  331  1777  283
16  2  0  0  215  205  115  2110  239
21  1  2  5  2621  1359  2518  777  165
17  0  0  1  1092  531  1129  1502  271
23  3  0  0  540  645  200  1299  317
20  1  3  7  624  325  609  1786  311
21  3  1  2  446  442  229  1675  342
22  1  2  5  177  105  145  2438  198
23  0  2  5  649  238  740  1483  286
15  2  1  2  615  489  398  1577  217
17  2  1  3  836  720  548  1337  315
21  3  3  7  932  1034  444  1256  238
15  1  2  5  687  407  681  1506  302
23  2  0  1  541  454  359  1514  361
16  0  1  3  212  104  222  2261  246
17  2  1  3  176  143  128  2180  335
20  2  3  7  650  478  457  1697  219
14  3  1  3  308  338  121  1738  306
16  2  2  4  1058  835  619  1244  188
16  0  1  2  630  254  680  1784  314
15  0  2  5  1029  490  1168  1318  322
20  0  2  4  278  105  325  2346  262
21  1  0  0  497  297  451  1723  226
23  1  2  4  390  197  394  1815  254
16  1  2  5  289  176  240  2094  257
21  2  0  0  2490  1947  1851  696  286
21  0  3  7  500  228  530  2000  256
14  0  1  3  1863  828  1819  934  299
16  2  3  6  367  302  218  2068  305
20  1  0  1  1487  985  1219  1083  295
14  0  3  6  622  276  664  1954  262
22  1  1  3  335  200  297  1963  293
15  1  0  1  737  394  716  1708  329
15  1  1  3  1306  833  1141  1156  166
22  0  0  1  725  361  763  1600  280
14  0  2  4  1070  353  1241  1579  298
21  1  3  7  344  228  284  2068  325
16  0  0  1  2588  1154  2874  804  331
21  0  0  1  652  303  697  1533  323
14  3  1  3  764  809  335  1273  332
21  1  3  6  571  353  494  1928  320
17  3  0  1  471  518  179  1877  306
16  1  2  5  357  233  284  2020  326
17  3  1  3  143  142  81  2160  239
17  0  0  1  479  154  582  2161  250
15  1  0  0  128  87  104  2463  345
14  0  2  5  1048  372  1181  1334  324
21  0  1  3  795  298  949  1741  277
23  0  0  0  313  140  339  1934  233
23  2  2  4  387  298  282  1958  381
20  1  0  1  99  57  87  2576  316
22  1  0  0  515  292  471  2024  214
21  3  0  1  200  201  93  2037  191
22  0  2  4  696  366  710  1672  259
22  1  1  3  1230  880  937  1181  243
20  0  0  0  825  308  946  1689  114
23  3  1  3  84  90  36  2067  209
20  1  3  7  516  301  468  1885  307
22  0  3  7  1082  493  1132  1268  283
23  0  2  5  554  230  603  1560  180
17  3  2  4  181  183  97  1969  238
15  1  3  6  1920  1130  1920  900  305
17  0  3  6  281  113  322  2348  314
20  1  2  5  1290  784  1260  1117  312
14  0  2  4  809  326  874  1688  241
20  0  2  5  392  158  451  1911  198
16  0  0  1  1871  711  2211  1024  303
14  1  0  0  724  391  718  1456  323
17  2  0  1  855  694  547  1610  180
22  0  0  1  1502  724  1611  1102  139
21  2  0  1  1236  1060  823  1054  323
23  2  1  3  606  546  354  1441  282
21  0  1  2  880  314  1078  1508  284
14  1  3  6  403  270  364  1947  235
17  2  2  4  202  143  150  1907  297
22  1  1  3  979  519  930  1335  298
16  0  1  3  1029  311  1243  1493  224
17  3  0  1  180  189  75  2366  220
16  1  3  6  328  195  288  2226  227
17  1  3  6  337  203  300  2171  296
22  0  1  2  145  63  180  2126  289
16  1  2  5  1326  914  1009  1106  346
21  3  2  5  643  660  281  1576  303
20  2  0  0  483  341  351  1870  340
20  2  2  5  1169  846  884  1127  323
14  3  0  0  218  232  90  1943  254
21  0  3  6  275  90  327  2538  224
23  0  2  4  617  296  615  1794  332
22  0  3  6  1325  573  1413  1231  318
23  0  0  0  400  143  474  1903  199
21  0  2  4  323  141  338  2144  190
20  0  1  2  549  254  585  2052  270
15  1  2  4  620  430  545  1481  328
17  3  3  6  756  787  346  1516  267
16  0  2  4  516  182  571  1929  262
22  1  3  7  996  549  863  1285  224
21  1  0  1  363  242  301  1797  323
20  1  2  5  475  253  474  1773  229
16  2  0  0  138  98  106  2352  209
16  3  0  0  222  239  100  2100  210
17  2  1  3  268  260  144  1993  288
14  3  0  0  180  168  92  2011  225
16  2  1  3  1458  1337  790  988  146
16  3  3  7  458  502  178  1809  223
23  3  3  7  276  294  131  1756  189
20  0  3  6  1095  458  1209  1245  276
15  1  3  6  948  645  864  1336  337
16  2  0  0  156  119  106  2268  248
23  2  1  2  472  434  270  1491  300
15  1  3  6  468  347  387  1742  294
17  2  0  0  649  583  361  1609  242
23  3  0  0  359  394  167  1482  279
16  1  1  3  1303  814  1164  1135  337
21  3  2  5  292  277  141  2074  259
22  1  2  4  1253  656  1196  1263  253
15  1  2  4  110  47  128  2309  299
22  2  3  7  319  278  203  1954  231
21  2  2  4  497  390  351  1785  292
20  1  2  5  1786  950  1766  931  281
21  0  1  3  507  190  610  2129  251
20  2  3  7  323  272  188  2119  269
17  0  1  2  2475  960  3042  740  330
15  1  2  5  863  503  864  1368  315
23  3  2  5  691  697  371  1234  203
23  3  3  7  160  171  74  1971  210
21  1  0  1  1417  893  1238  1010  235
20  1  1  3  747  475  669  1629  259
17  2  2  4  440  363  283  1657  239
21  0  1  3  313  116  374  2436  324
21  0  0  1  1712  530  2130  999  257
15  2  3  6  580  477  410  1604  321
14  1  2  5  373  241  343  1704  331
23  2  2  4  1656  1241  1221  893  341
14  2  2  5  549  426  394  1459  301
20  1  1  2  497  359  403  1910  316
21  1  2  5  137  90  106  2370  278
22  1  1  2  1231  886  940  1184  267
22  1  1  2  2363  1616  1879  822  267
17  3  3  6  749  824  293  1487  218
15  2  2  5  1097  966  669  1110  311
21  2  0  1  2542  2311  1535  669  341
15  2  1  2  2285  2026  1249  758  360
16  2  0  1  379  272  293  2013  317
15  2  3  7  2383  1802  1832  790  295
21  2  2  4  918  779  594  1310  331
16  1  1  3  440  247  415  1888  246
15  3  2  4  745  788  364  1297  220
22  0  1  2  991  511  1015  1352  355
22  2  2  4  1420  1186  1022  1052  319
22  3  3  7  719  786  296  1286  254
15  0  1  3  178  75  192  2445  276
15  0  3  7  1289  533  1524  1287  325
16  2  2  4  1139  973  594  1154  304
20  2  0  1  135  97  94  2551  259
20  1  1  3  1401  860  1284  1158  253
15  0  1  3  794  270  944  1618  160
20  1  1  2  436  250  421  2149  296
17  2  2  4  387  344  225  1702  324
14  1  3  6  1578  978  1536  1052  230
23  0  1  2  1008  422  1099  1273  220
17  0  2  4  163  80  173  2069  303
16  2  3  7  1060  869  640  1271  302
20  1  3  6  616  316  609  1655  253
17  1  2  4  386  227  349  1800  227
22  2  2  4  1603  1369  1117  969  320
14  0  0  0  952  375  1005  1485  297
17  3  3  6  514  581  189  1761  306
15  0  0  1  588  258  626  1861  287
16  0  1  3  1144  370  1361  1366  271
22  1  2  4  220  148  177  2314  312
14  2  3  6  1168  891  845  1247  244
23  0  1  2  417  185  444  1846  249
15  2  1  2  272  219  169  2052  295
23  0  1  2  1320  452  1544  1172  236
21  1  3  7  181  135  132  2375  319
22  2  0  0  288  231  180  2069  290
20  1  2  5  265  198  205  1997  210
16  1  3  6  2379  1602  1937  869  303
22  3  3  6  821  789  458  1322  287
16  3  1  2  418  495  141  1793  324
14  2  2  5  213  171  139  1857  309
17  3  1  2  254  269  121  1957  238
21  0  2  5  1148  487  1229  1375  289
16  0  1  3  1359  522  1525  1219  190
21  0  0  0  611  229  706  1632  361
15  3  2  4  389  396  206  1658  332
21  0  1  3  1205  548  1334  1319  307
15  0  3  6  535  240  610  1854  310
21  2  0  0  1531  1359  963  943  289
16  3  1  2  847  851  439  1389  231
17  0  0  0  1007  350  1197  1468  253
15  2  0  0  1954  1723  1089  877  230
20  0  3  6  1281  571  1383  1128  311
20  1  2  4  657  352  635  1675  271
16  1  1  2  1262  735  1181  1255  303
20  0  3  6  724  283  850  1760  268
21  1  2  5  1419  749  1345  1184  317
23  0  1  3  689  297  743  1552  307
15  1  3  6  547  338  526  1724  213
15  2  0  1  1340  1152  776  1114  246
23  1  1  2  1043  653  942  1231  316
21  0  2  4  517  172  603  1886  329
14  0  2  5  573  209  642  1675  300
15  0  2  5  438  182  513  1855  356
22  0  2  5  1130  406  1362  1504  280
23  2  2  4  1000  883  595  1083  241
20  1  2  5  373  225  338  1828  299
20  2  3  6  1364  1184  767  984  249
14  1  2  5  826  548  752  1234  359
20  2  2  5  782  639  514  1377  245
15  1  0  1  397  278  320  2006  332
22  1  3  6  826  421  748  1527  319
23  2  2  5  141  110  97  1902  303
14  1  2  4  623  390  592  1555  291
16  2  1  3  568  462  363  1640  304
21  2  0  1  769  636  533  1358  236
15  1  3  6  162  116  133  2256  269
20  2  0  1  308  235  211  2117  311
23  2  3  7  994  899  564  1086  341
16  3  2  5  422  434  171  1803  324
21  1  2  5  990  593  856  1380  239
20  0  2  4  886  324  1048  1569  323
20  2  3  7  915  771  543  1433  261
23  2  0  1  585  531  305  1650  316
20  2  2  4  696  611  414  1554  323
16  1  0  1  170  117  144  2339  254
21  0  3  7  250  107  257  2373  301
15  1  2  5  533  323  520  1699  310
20  0  1  3  861  375  952  1615  161
23  2  0  1  1106  1022  639  1033  207
17  2  0  1  419  342  264  2062  248
17  0  3  6  844  266  1063  1672  269
15  0  0  0  911  317  1071  1653  330
17  2  0  1  1791  1593  1008  985  215
23  0  1  3  1157  359  1397  1302  234
17  3  0  1  726  789  294  1581  292
14  3  1  2  320  361  122  1826  336
22  1  0  0  141  91  120  2591  171
17  0  1  2  331  124  343  2211  317
17  3  0  0  62  55  34  2445  320
14  3  0  0  1349  1529  453  953  331
20  0  1  2  114  61  115  2566  184
16  2  3  7  1013  789  652  1292  333
16  3  0  1  1073  1230  429  1219  185
20  0  2  4  417  166  477  2077  326
21  0  1  3  1524  500  1916  1301  269
14  2  3  6  1173  896  840  1295  310
23  0  3  7  913  296  1087  1361  243
23  0  2  4  1333  487  1524  1222  206
15  1  1  2  595  317  582  1723  271
20  0  0  0  1648  692  1811  1132  358
22  2  0  1  1259  1221  774  1059  323
16  0  2  4  1078  324  1275  1426  348
17  0  1  3  131  48  162  2450  227
22  0  2  4  945  481  992  1448  321
22  0  3  7  665  347  721  1687  326
14  0  2  5  743  307  793  1527  196
21  1  3  7  824  433  796  1604  308
23  0  1  2  967  466  977  1257  300
17  0  2  4  299  121  357  1984  359
14  0  0  1  675  213  767  1818  212
22  0  3  6  250  88  293  2390  303
20  0  2  4  539  170  670  1950  176
14  0  2  4  860  281  999  1746  307
16  3  2  4  1543  1498  725  951  314
15  0  3  7  561  190  710  1906  328
22  1  1  3  308  229  222  1940  277
17  0  2  4  1776  630  2164  914  301
14  3  2  4  362  451  117  1769  265
21  1  2  5  200  145  152  2250  317
20  1  2  4  115  82  85  2400  254
16  0  3  7  175  85  170  2443  209
23  3  1  2  511  623  172  1458  349
15  0  2  4  1218  486  1473  1192  333
23  0  3  7  268  88  319  2049  284
20  2  1  2  750  588  526  1607  212
21  2  1  3  93  82  58  2570  258
20  1  2  4  344  223  296  2011  285
22  0  0  1  559  300  569  1768  167
16  1  3  6  777  477  676  1641  285
15  1  3  7  306  218  266  2094  329
22  0  1  2  1018  357  1249  1350  198
15  2  2  4  582  442  422  1529  253
15  2  2  5  923  734  650  1242  238
22  3  1  2  915  1093  397  1195  335
14  1  2  5  595  412  526  1462  323
23  3  2  4  321  329  168  1689  231
15  1  3  7  1301  961  1103  1158  291
17  1  2  4  157  99  139  2084  279
16  0  1  2  637  306  648  1767  253
14  2  3  6  283  222  197  2163  320
21  1  2  4  1001  666  800  1312  295
21  0  1  3  818  395  875  1650  327
21  1  3  6  427  314  318  2086  283
20  1  2  5  798  446  767  1439  303
20  1  2  4  470  321  395  1819  93
23  0  1  3  1496  741  1509  1004  325
21  0  0  0  557  168  690  1798  257
21  1  0  0  324  187  307  1981  239
14  1  2  5  506  326  479  1714  121
17  0  3  6  587  274  639  1915  228
20  0  1  3  2449  1019  2759  923  150
21  2  0  1  1306  1194  782  1008  336
23  0  0  1  699  261  819  1676  298
16  1  1  3  252  139  247  2207  323
17  3  3  6  387  447  133  1973  318
16  3  3  6  1019  1156  375  1383  291
22  1  1  2  1656  890  1551  1016  319
21  1  1  3  1434  755  1462  1208  316
22  1  3  6  1412  935  1062  1100  180
15  1  2  5  604  312  649  1648  289
14  2  0  1  343  262  245  2040  171
15  1  3  6  299  208  272  2045  276
23  2  0  1  323  257  219  1978  279
23  3  0  1  905  1005  415  1112  318
20  0  0  1  429  141  511  2309  284
22  0  1  2  972  450  1046  1423  289
23  3  1  3  1091  1238  466  973  303
14  2  2  4  341  263  246  1992  242
17  0  2  4  1975  632  2483  846  298
23  2  2  5  581  518  344  1309  334
20  2  1  3  440  355  296  1947  204
20  0  2  5  1145  394  1373  1234  216
21  3  0  1  2181  2221  1043  740  341
23  3  1  3  181  172  108  1896  255
22  3  1  2  459  466  251  1459  214
21  2  0  0  1350  1183  869  1044  310
16  3  2  5  1526  1430  768  969  203
22  3  2  4  173  224  58  2140  251
14  0  2  4  431  151  489  1892  317
22  0  1  2  1650  627  2033  957  289
15  1  3  6  629  478  516  1583  329
23  2  3  7  163  137  107  1932  329
17  1  2  4  2434  1251  2386  750  230
17  0  2  4  1222  450  1468  1121  377
21  3  1  2  500  509  241  1691  297
21  0  0  1  68  33  70  2366  309
21  2  1  3  932  776  660  1436  202
21  1  1  2  1045  717  866  1258  288
22  2  3  6  516  385  385  1731  283
16  1  2  5  291  173  253  2091  242
20  1  1  3  145  102  121  2536  243
17  3  0  0  374  408  148  1880  305
22  1  3  7  683  370  593  1530  227
21  1  0  1  183  104  167  2119  316
17  0  0  0  98  48  102  2645  243
16  0  3  7  672  333  659  1678  299
23  3  1  2  814  942  325  1154  221
23  3  2  5  506  542  237  1417  252
15  0  2  4  327  124  400  2062  347
14  1  3  6  265  141  275  2309  247
17  3  1  3  676  768  277  1432  261
14  1  2  5  318  203  299  1801  329
21  1  2  4  84  51  70  2523  223
16  3  1  3  835  941  337  1333  357
21  2  3  7  878  807  533  1415  233
15  2  2  4  1208  868  952  1119  300
17  2  0  1  1294  1035  858  1277  172
21  2  3  7  113  95  68  2494  264
20  1  0  1  647  331  635  1869  292
20  0  3  7  702  220  860  1785  243
20  1  2  5  725  392  714  1574  269
23  2  1  3  1215  1129  685  959  245
23  0  1  3  479  187  529  1763  252
20  0  1  3  1139  569  1193  1403  251
23  2  3  7  728  637  446  1266  324
20  1  2  5  771  439  738  1462  233
16  3  1  3  268  264  142  2008  336
23  1  2  5  725  402  679  1330  310
20  0  2  4  336  143  383  2105  268
20  0  1  2  672  227  814  1965  328
22  1  0  1  534  387  411  1705  295
21  1  1  3  623  433  512  1789  235
23  0  0  1  254  128  263  2167  364
20  2  0  1  450  329  313  1945  219
20  2  2  5  999  818  650  1220  152
14  0  0  1  1409  466  1596  1261  357
17  1  1  2  628  377  588  1693  198
16  1  1  2  470  306  403  1870  222
21  2  2  4  345  316  203  1928  289
21  2  1  3  883  703  664  1457  162
22  1  3  7  880  451  801  1388  216
20  1  1  3  242  140  228  2390  373
23  0  1  2  425  180  460  1818  343
15  0  1  2  558  171  686  1912  279
14  3  0  0  787  794  364  1303  259
22  1  3  6  450  309  332  1824  156
22  0  1  3  547  285  554  1724  237
23  3  0  0  517  585  231  1325  264
21  3  0  0  383  394  183  1857  323
17  3  0  0  359  363  169  1925  295
20  0  0  1  148  59  160  2652  241
16  2  2  4  136  105  81  2319  266
20  2  0  0  464  337  331  1902  267
22  0  0  1  224  111  231  2190  255
16  0  3  7  1562  519  1795  1161  312
16  1  1  2  241  145  224  2275  263
15  0  0  0  660  290  710  1810  303
16  2  2  5  1239  1071  635  1110  330
15  1  1  2  184  84  192  2313  161
22  3  2  4  712  667  384  1489  212
23  3  1  3  168  183  68  1911  323
23  0  0  1  1847  744  2101  1000  295
20  0  2  5  108  53  116  2289  289
21  1  0  0  131  65  132  2291  356
15  1  0  1  642  455  512  1700  302
21  2  2  4  621  444  467  1670  246
21  2  2  4  438  367  281  1861  326
23  2  2  5  399  291  300  1559  322
16  2  1  3  105  80  68  2390  336
16  2  2  4  574  458  339  1632  171
20  0  0  1  289  146  292  2359  307
14  1  1  2  563  394  451  1712  309
22  2  2  4  111  84  87  2483  212
20  0  0  1  755  364  778  1724  207
16  3  2  5  214  216  85  2142  248
22  0  2  5  127  65  140  2530  189
17  0  1  2  272  128  307  2002  175
17  1  0  1  982  629  809  1517  320
17  1  2  4  669  384  607  1524  287
15  1  3  6  130  86  121  2285  312
20  0  3  6  282  107  330  2146  325
14  1  0  0  348  194  337  1929  302
22  2  2  5  1137  941  827  1238  240
17  3  0  0  426  486  143  1764  260
21  0  2  5  1914  633  2254  1037  269
20  2  3  7  833  683  513  1505  307
16  0  1  2  407  161  452  2144  280
15  1  1  2  618  343  576  1627  209
15  0  2  4  620  269  721  1651  310
16  0  0  0  237  91  273  2361  342
21  0  2  5  406  148  464  2056  203
15  3  2  4  496  518  246  1734  260
21  0  0  1  309  144  325  2012  269
17  1  1  2  331  199  313  1981  236
14  0  0  1  1149  551  1104  1331  338
14  2  3  6  621  526  409  1542  342
14  2  1  3  610  472  407  1501  331
20  1  2  5  1541  1036  1178  1037  348
22  1  0  0  1129  678  1002  1418  263
14  0  2  4  277  103  316  2376  212
20  2  0  0  100  74  67  2430  365
22  1  2  5  471  297  395  2005  321
21  2  3  7  310  275  190  2161  292
21  0  0  1  138  29  177  2332  378
23  0  3  7  442  161  519  2056  343
15  2  0  1  800  703  448  1446  334
15  0  2  4  649  260  781  1651  397
15  1  1  2  282  149  276  2175  223
15  2  1  2  364  256  271  1930  262
23  0  0  0  573  240  643  1668  257
23  3  2  5  331  360  153  1600  262
21  2  2  4  1451  1101  1070  1051  304
23  0  0  1  513  177  610  1906  349
16  2  3  6  987  793  616  1415  338
15  2  3  6  120  96  86  2282  333
16  1  0  0  486  332  425  1799  299
22  1  2  5  247  128  237  2390  336
20  0  2  4  690  301  762  1687  311
23  0  3  7  1809  632  2110  922  327
22  0  3  6  421  203  421  1975  200
23  2  2  4  461  368  320  1594  246
21  0  2  4  948  389  1022  1488  329
16  1  2  4  2612  1632  2174  729  335
17  3  3  6  806  912  293  1479  306
20  2  0  1  675  608  353  1630  248
20  1  0  0  1791  1222  1440  988  314
16  3  1  3  748  861  283  1430  335
23  3  2  5  1143  1120  647  914  155
17  1  0  1  611  361  529  1908  205
20  0  1  3  1269  392  1566  1393  251
16  0  1  2  1036  455  1107  1422  358
20  1  2  4  193  108  177  2367  244
23  0  1  3  1257  493  1404  1146  339
23  0  2  5  2243  1070  2394  801  280
23  0  1  2  759  343  801  1462  331
23  0  0  1  1288  466  1522  1243  226
21  2  2  4  801  587  610  1466  330
17  3  0  1  519  507  266  1867  220
17  1  0  1  214  137  179  2490  192
20  1  0  0  506  307  436  1805  282
15  1  3  6  1642  984  1624  986  182
15  2  0  0  929  826  529  1370  373
16  2  3  6  355  276  227  2132  324
17  3  0  1  420  414  202  2000  326
15  0  1  3  414  145  484  2122  348
22  1  2  5  609  320  578  1866  213
21  2  0  0  255  240  149  2056  324
20  0  0  1  854  417  903  1514  269
16  3  3  6  765  818  324  1547  336
21  2  0  1  144  132  92  2162  198
15  2  0  0  129  104  74  2408  262
21  2  0  0  948  743  705  1252  141
16  1  3  6  1121  706  963  1360  308
17  0  0  0  278  105  329  2331  327
23  2  1  2  1270  1048  853  979  364
16  2  2  5  347  240  241  1985  218
20  2  0  1  219  181  128  2274  335
20  0  3  6  962  388  1078  1355  275
20  0  3  6  604  278  636  1620  321
16  2  1  3  596  427  425  1555  357
21  0  3  6  174  74  184  2326  339
23  2  0  0  1616  1507  923  786  226
14  0  0  1  937  369  984  1465  302
21  2  0  1  276  217  206  1880  332
22  0  3  6  426  195  485  1900  292
20  1  0  1  231  110  241  2501  319
17  2  3  6  570  501  327  1746  274
17  0  1  2  1257  644  1371  1121  276
20  0  0  1  385  174  408  2260  217
15  3  1  3  124  122  64  2281  190
15  2  1  2  313  220  239  2058  313
15  0  1  3  457  157  538  2063  291
22  0  0  0  1157  451  1351  1571  300
21  0  2  5  110  42  118  2638  320
21  1  2  4  431  266  372  1847  362
23  0  2  4  1812  544  2193  960  326
20  2  1  3  1803  1574  1114  963  288
23  0  2  4  221  101  229  2046  320
22  1  1  2  413  234  377  1945  236
22  1  2  5  532  298  487  1932  257
14  0  2  5  754  343  781  1450  266
22  0  0  1  763  283  904  1654  287
17  0  0  1  368  129  440  2379  265
20  1  1  2  570  379  491  1854  324
16  3  3  6  2333  2422  1071  777  258
23  1  1  2  263  155  238  1917  388
21  1  0  1  1098  708  943  1127  297
23  2  2  4  844  665  582  1236  137
15  2  1  2  412  313  275  1868  305
15  3  1  3  1016  956  563  1256  264
22  3  1  3  443  563  172  1575  283
22  1  0  0  1024  573  949  1534  310
16  1  3  6  758  517  611  1625  318
20  2  2  4  643  581  372  1574  231
16  2  3  7  128  104  75  2312  220
17  3  1  3  459  535  176  1618  323
23  2  2  5  275  241  164  1683  342
16  3  2  4  127  127  52  2300  247
23  0  1  2  1650  681  1814  984  273
22  1  3  7  545  257  518  1717  345
16  3  2  5  1404  1337  689  1031  371
15  3  2  4  150  166  75  2041  292
16  0  3  7  914  422  928  1498  278
15  1  2  4  1074  550  1165  1232  236
21  2  3  6  150  125  106  2485  206
21  1  2  5  561  354  526  1449  200
15  1  1  2  126  74  115  2385  339
23  1  1  2  841  548  735  1500  340
21  2  0  0  833  648  624  1314  308
22  3  1  3  888  873  477  1308  333
14  1  0  1  247  139  227  2046  317
23  0  0  0  473  167  564  1804  314
15  1  3  7  348  199  358  2055  299
20  0  1  2  1850  657  2195  1070  356
16  2  2  5  734  633  374  1476  232
20  2  3  6  1597  1285  1011  921  284
16  0  3  6  403  138  459  2311  322
15  1  3  6  1071  661  1044  1276  316
14  1  1  3  175  115  149  2175  327
16  2  2  4  777  539  535  1483  290
22  0  3  7  1227  359  1493  1267  352
23  2  1  2  377  339  222  1621  201
17  0  3  6  64  33  65  2790  341
16  1  3  6  504  324  419  1980  332
21  0  3  6  214  92  228  2493  305
14  0  1  3  628  252  639  1790  323
21  2  3  6  876  741  593  1514  222
22  1  0  0  544  284  530  2002  303
22  1  0  1  152  90  138  2253  307
22  1  2  5  646  343  609  1824  336
17  0  0  0  789  396  811  1501  286
16  2  2  4  1108  827  705  1208  266
17  0  1  3  1396  460  1822  1180  258
17  1  1  2  481  343  388  1716  277
20  0  3  6  685  334  708  1540  221
21  1  3  6  1726  1167  1400  1061  319
21  2  1  2  874  806  520  1278  239
16  2  0  1  1103  901  736  1257  152
17  1  0  1  293  146  281  2445  233
20  1  3  6  356  262  293  1726  128
17  3  1  2  727  858  259  1352  198
23  1  2  4  593  349  528  1594  133
22  1  0  0  336  188  316  2363  190
15  2  3  7  1052  929  668  1250  254
20  1  3  7  1910  1287  1564  898  338
20  1  3  6  479  311  400  1651  212
21  3  2  5  665  625  358  1609  238
15  1  2  5  275  144  293  2062  236
16  1  3  6  590  432  442  1780  260
20  2  2  4  186  125  141  2277  294
21  0  3  7  1430  518  1649  1239  302
16  3  1  3  1648  1947  573  929  349
23  0  1  3  1141  510  1214  1175  326
16  3  2  4  163  168  62  2230  186
22  1  0  0  707  441  612  1741  269
16  2  2  4  141  109  82  2319  309
15  0  3  7  727  387  769  1612  328
14  1  1  3  827  473  770  1379  307
17  2  2  4  385  264  262  1872  280
22  0  3  6  145  57  158  2329  329
16  2  1  2  970  723  688  1372  343
22  0  1  2  771  350  845  1465  241
17  1  0  1  363  256  271  2216  197
20  1  1  3  479  318  409  1940  146
15  1  0  0  158  101  145  2435  329
20  2  1  2  525  435  346  1833  306
21  2  0  1  337  285  231  1804  285
16  0  1  3  568  279  572  1795  321
21  0  1  3  959  482  961  1503  222
21  1  1  3  2234  1315  2107  879  279
20  2  2  4  443  341  313  1846  322
21  1  3  6  448  238  432  2139  340
15  0  1  3  214  89  236  2339  290
20  2  0  0  348  258  237  2041  280
15  1  0  1  1648  1188  1277  1041  321
23  0  0  1  388  171  423  2024  315
14  1  1  2  276  173  245  2088  302
21  3  2  5  1206  1159  619  1158  314
16  0  2  4  566  202  627  1992  243
21  1  2  5  1042  640  884  1341  319
23  2  2  4  745  576  531  1313  325
16  0  0  1  627  297  670  1749  274
17  0  2  4  746  322  845  1461  155
20  0  3  7  457  215  475  2018  315
23  0  2  5  475  154  564  1757  325
21  2  2  4  919  672  704  1354  338
20  1  1  2  219  141  194  2425  310
16  3  3  6  198  219  77  2383  196
23  3  0  1  234  236  133  1868  299
15  2  1  2  671  498  468  1574  231
22  1  1  3  174  89  164  2246  199
20  1  3  6  1787  1080  1587  866  282
16  3  0  1  430  513  152  1809  139
23  2  0  1  337  284  226  1759  149
21  2  0  0  387  289  305  1848  303
16  0  2  5  1398  517  1544  1210  203
15  1  0  1  887  562  772  1481  261
17  3  0  0  522  600  174  1667  308
20  1  0  0  1048  655  909  1338  330
20  1  0  1  135  71  131  2770  223
15  0  3  6  283  120  325  2139  309
23  0  3  7  222  111  233  2041  310
16  3  0  0  292  310  141  1979  257
21  2  1  2  503  458  308  1655  308
20  2  0  1  461  364  300  1862  282
20  0  3  6  2643  1238  2775  704  344
17  3  1  3  213  258  65  2064  307
16  2  3  7  2448  1809  1677  743  268
23  1  0  1  812  517  714  1391  298
15  1  1  2  658  444  548  1540  208
16  3  1  2  712  693  393  1463  314
21  0  3  6  73  23  92  2923  297
16  3  0  0  296  320  134  1981  238
15  0  2  5  495  227  561  1789  316
22  3  3  6  1036  1075  494  1127  245
20  2  1  2  1017  864  651  1334  315
15  0  3  6  476  243  513  1875  330
15  1  2  5  146  98  126  2214  233
14  3  0  0  525  498  277  1547  217
15  1  1  3  509  306  469  1919  314
14  0  3  6  642  271  709  1935  153
16  0  1  2  215  69  259  2551  319
20  0  0  1  135  69  136  2741  302
22  0  0  0  774  359  823  1572  346
21  1  1  3  746  442  706  1690  296
14  2  2  5  627  465  474  1401  249
17  3  2  5  1078  1067  491  1177  339
15  2  2  5  910  819  535  1242  321
21  3  1  3  1539  1634  669  1066  266
21  3  3  6  381  376  189  2102  315
20  1  1  2  158  113  132  2529  290
14  2  3  6  664  499  482  1684  235
14  2  2  5  333  260  228  1727  250
22  0  2  4  1784  674  2112  1149  296
16  1  3  6  372  202  355  2130  301
23  0  1  2  908  332  1041  1436  305
21  1  2  4  924  604  750  1384  324
17  1  1  3  672  480  544  1545  343
23  3  0  1  500  533  251  1480  278
21  0  1  2  1632  569  2009  1061  282
22  1  2  5  757  496  614  1681  300
14  0  2  5  1451  648  1503  1046  248
14  1  0  0  644  448  529  1466  284
16  0  2  4  179  72  189  2377  252
15  0  2  5  374  151  448  1973  262
14  1  2  5  253  174  222  1917  307
17  2  3  6  97  70  76  2615  355
15  3  3  7  537  653  192  1573  341
20  1  1  3  505  348  424  1842  332
21  0  1  2  845  333  955  1570  229
20  2  3  7  419  325  282  1978  326
14  3  1  2  738  782  329  1372  314
21  2  3  7  844  652  635  1493  236
21  0  0  0  643  233  756  1693  211
21  1  1  2  2375  1634  1967  735  339
21  2  2  5  854  758  516  1390  304
22  1  1  2  587  354  533  1650  165
16  0  0  1  230  115  243  2372  270
21  1  0  1  1035  631  930  1212  326
22  2  1  3  1543  1343  1088  941  294
21  1  3  6  492  281  454  2084  258
23  0  1  3  406  171  462  1778  197
15  1  3  6  401  278  353  1859  325
17  1  1  2  957  582  887  1321  200
20  1  3  6  1334  830  1158  1008  327
16  0  1  2  1483  596  1635  1175  331
20  1  2  4  755  427  727  1579  336
17  2  3  6  852  712  540  1495  315
15  0  2  4  236  105  273  2060  181
22  0  3  7  728  243  860  1515  321
22  1  2  5  532  278  507  1923  305
14  1  3  6  258  142  267  2333  293
21  0  2  5  968  314  1143  1559  259
15  0  1  2  1860  807  2011  975  302
20  2  2  4  128  98  87  2372  336
20  1  1  3  822  549  705  1539  278
14  0  0  1  281  118  287  2156  306
15  0  0  1  2445  1039  2643  832  155
22  0  2  4  741  341  812  1751  310
23  2  0  1  851  751  535  1226  245
17  3  1  3  1534  1801  573  915  329
20  2  2  5  1679  1448  1026  888  298
20  2  2  5  699  515  522  1472  310
14  0  2  4  2325  937  2511  921  271
22  0  0  1  2733  1216  3035  769  333
20  0  2  4  1733  586  2113  1114  219
23  3  0  1  669  744  298  1314  240
15  1  3  7  857  619  743  1410  290
20  1  2  5  429  274  373  1733  324
23  2  3  7  1681  1288  1216  792  313
22  0  0  1  432  139  527  1933  259
14  1  0  0  664  475  530  1502  241
22  2  1  2  677  640  395  1302  233
15  2  3  7  131  122  79  2276  321
23  2  0  0  261  236  154  1723  255
14  0  1  3  1366  591  1345  1184  340
16  1  0  1  135  101  105  2440  319
21  3  3  7  1575  1559  811  1072  349
17  1  0  0  518  278  471  1827  309
16  2  3  7  119  98  74  2335  218
17  0  2  4  351  137  415  1988  318
20  2  3  6  980  788  624  1186  313
16  1  0  0  1554  996  1425  1010  317
14  0  2  5  304  106  353  2069  283
17  1  0  0  1145  806  859  1259  277
17  1  0  1  853  551  695  1626  240
16  1  3  6  155  82  140  2637  244
22  0  2  4  477  188  553  2128  250
22  0  3  7  523  176  621  1858  274
14  1  0  1  862  525  785  1349  225
15  2  1  2  212  158  143  2134  329
22  2  2  4  307  243  233  2097  251
17  0  1  2  579  226  708  1761  178
14  2  3  6  1023  738  786  1395  332
20  1  1  3  206  130  182  2406  348
17  0  0  0  1091  338  1349  1407  224
15  1  2  4  729  373  781  1499  183
23  1  0  0  865  443  870  1287  180
20  2  2  5  1138  974  693  1135  368
22  1  0  0  734  407  684  1783  267
22  2  0  0  935  798  681  1450  244
17  0  2  4  813  332  940  1399  182
20  2  2  4  308  244  208  2014  213
15  3  1  3  431  427  220  1751  319
15  2  2  5  821  628  600  1330  137
23  3  2  5  639  738  268  1262  238
21  3  2  4  1654  1550  894  925  337
16  2  1  2  332  267  209  2017  194
20  0  0  0  1788  536  2202  1133  286
21  1  0  1  578  330  545  1596  226
22  0  1  3  1364  560  1545  1195  316
21  3  2  4  481  450  252  1710  354
15  2  3  6  494  467  287  1651  191
14  1  2  4  703  506  598  1545  333
22  1  1  3  612  442  471  1592  203
16  2  0  1  148  134  81  2280  231
16  0  3  7  1559  459  1860  1167  354
21  3  0  0  841  958  286  1382  278
23  3  0  1  442  451  247  1522  301
23  3  2  5  141  171  49  1906  290
21  0  2  5  810  279  945  1678  296
14  0  1  3  735  300  739  1630  317
20  2  2  5  553  408  405  1629  266
16  2  1  3  754  661  434  1452  266
15  0  1  2  1040  447  1140  1391  312
20  2  2  5  311  280  176  1887  314
21  2  3  6  1087  1053  590  1315  233
17  1  3  6  1060  560  1018  1392  262
23  1  0  0  358  195  330  2043  387
16  1  3  6  1202  833  958  1285  194
16  2  2  4  376  279  241  1927  304
21  0  1  3  1492  614  1736  1267  327
20  1  1  3  454  287  399  1864  318
21  1  0  1  424  255  389  1790  326
22  1  3  7  1451  906  1139  1036  325
22  1  1  2  360  227  300  1973  322
23  3  1  2  740  880  270  1217  225
23  3  3  6  306  305  144  2124  240
17  1  1  3  913  495  914  1399  212
16  0  0  1  588  287  623  1836  248
16  1  3  6  603  329  571  1883  284
22  1  1  2  89  57  75  2354  176
20  0  3  7  1352  668  1377  1220  318
17  1  3  6  715  534  588  1500  354
14  3  0  1  1212  1354  422  1032  347
21  3  3  6  716  707  362  1665  235
15  2  1  3  661  490  466  1575  326
21  1  0  0  1236  760  1100  1137  186
23  1  0  1  847  512  778  1350  169
22  2  0  1  1115  953  850  1140  357
23  0  0  1  381  158  423  1998  248
16  3  2  5  133  129  55  2265  285
22  0  3  6  402  166  435  2202  308
20  1  3  7  932  580  807  1451  195
15  2  3  6  327  261  231  1927  199
22  1  0  0  165  107  132  2541  240
21  1  3  7  1135  675  1014  1338  290
14  2  2  5  439  364  289  1565  268
15  1  2  5  527  322  512  1696  316
16  2  0  0  569  469  369  1662  221
14  1  1  3  1350  940  1102  1026  346
16  2  1  2  274  205  190  2171  304
22  1  0  1  1306  744  1196  1161  336
20  0  2  4  1502  656  1667  1139  149
22  1  1  2  639  359  590  1684  224
21  3  0  1  234  242  107  2290  197
22  0  1  3  1239  406  1508  1304  227
16  0  2  5  2310  730  2665  927  248
15  2  0  1  538  455  319  1745  192
21  0  3  6  745  241  958  1626  285
21  3  3  7  977  966  499  1370  290
21  0  3  6  920  440  944  1660  313
20  1  2  4  1176  758  1027  1218  241
23  0  0  0  379  180  393  1836  163
16  3  0  1  241  240  133  2077  341
22  0  2  4  1544  706  1701  1157  327
22  0  1  3  592  284  625  1707  316
14  3  3  6  1236  1378  489  1105  339
23  1  0  0  489  326  409  1522  301
20  1  3  6  426  280  358  1731  165
16  2  1  2  129  86  97  2428  318
14  0  2  4  2633  1128  2770  790  302
14  0  2  4  342  168  338  2113  189
15  1  3  6  2158  1411  2015  809  283
16  0  2  5  1543  640  1614  1125  332
22  0  1  2  885  336  1035  1602  321
20  0  1  3  281  150  285  2313  225
16  3  0  1  286  310  127  2194  213
14  3  0  1  499  525  202  1608  336
16  0  0  1  435  220  457  1972  350
16  0  3  6  595  273  607  1950  288
20  0  1  3  338  146  375  2310  318
15  2  3  6  256  227  170  1993  220
22  1  2  4  455  242  431  1966  318
21  1  2  5  690  351  662  1710  293
23  1  0  0  218  115  219  2176  327
14  1  2  4  827  495  804  1471  308
21  1  2  4  1496  837  1360  1122  259
21  0  3  6  572  266  596  1972  302
17  3  1  3  301  295  168  1916  247
23  1  3  6  750  465  650  1681  282
23  3  1  3  599  625  315  1355  306
17  1  1  2  830  564  699  1367  314
21  0  2  5  478  217  491  1968  248
22  2  2  5  330  273  235  2114  177
23  0  0  1  323  107  373  2317  319
16  3  0  0  487  504  251  1696  332
14  1  2  5  1594  1203  1299  821  347
20  1  0  0  337  208  292  2144  311
22  1  2  5  514  361  392  1927  267
20  0  2  4  1879  866  2046  1019  338
20  2  2  4  1128  809  846  1232  357
21  3  2  5  1249  1315  530  1146  303
21  1  0  0  117  84  87  2275  264
23  1  2  4  331  235  259  1743  245
15  1  2  4  2307  1393  2278  720  178
22  1  0  1  766  505  630  1464  259
22  0  2  4  263  99  311  2466  322
22  3  1  3  804  989  319  1263  187
21  2  2  5  363  305  233  1963  277
21  3  0  1  1599  1703  678  960  331
23  2  0  1  596  512  386  1462  222
16  2  2  5  1321  1082  732  1100  274
23  0  2  5  860  373  912  1290  270
23  0  0  1  766  236  950  1628  148
14  0  1  2  1190  402  1283  1390  327
14  0  0  1  316  91  372  2357  304
16  3  0  0  134  157  53  2247  308
15  1  1  2  1599  852  1576  1021  345
20  1  0  1  1236  663  1191  1343  220
21  3  0  1  570  637  210  1573  209
16  0  1  2  309  142  321  2169  222
15  1  3  6  662  386  636  1571  301
17  1  2  4  1211  620  1188  1096  305
16  2  2  4  272  220  154  2071  323
15  2  1  2  323  224  240  2046  285
14  2  2  4  483  384  335  1760  227
23  0  0  0  238  77  290  2159  222
15  0  2  5  797  231  1074  1527  314
21  0  1  3  354  117  439  2472  300
16  0  2  4  216  68  246  2454  324
15  1  1  2  669  381  626  1596  241
21  1  1  2  311  199  270  2024  299
17  1  1  3  1420  857  1315  1055  342
16  2  2  4  375  290  221  1906  297
16  1  1  2  743  510  617  1562  147
15  1  2  5  244  136  252  2120  283
20  2  3  6  1005  723  731  1203  239
20  1  3  7  1067  588  1010  1347  331
15  2  3  7  608  529  396  1613  319
22  0  3  7  538  247  551  1736  190
21  0  1  3  857  340  876  1557  315
17  1  0  0  262  152  238  2303  318
15  0  0  0  640  312  649  1832  335
17  1  0  0  748  419  674  1590  201
15  1  2  4  146  102  126  2222  246
16  0  3  6  1147  414  1290  1460  335
16  1  1  3  726  463  646  1493  261
21  1  2  4  913  469  868  1442  225
23  3  1  2  259  286  112  1734  265
22  1  3  7  545  276  498  1717  297
22  0  1  2  774  266  928  1633  215
23  3  0  0  972  1063  458  961  292
21  1  1  3  1611  923  1555  1075  370
22  1  0  1  1347  840  1157  1096  240
22  3  3  7  313  343  128  1733  278
16  1  1  3  971  507  958  1393  333
14  0  1  2  354  108  398  2346  204
14  1  2  4  767  538  666  1487  296
17  3  1  3  948  1071  392  1234  228
16  0  1  2  1233  493  1372  1286  278
20  1  2  5  304  181  293  1796  301
14  3  2  5  1341  1659  449  834  352
16  3  0  0  980  1103  409  1228  207
21  0  0  1  427  156  500  1940  322
16  0  3  7  860  417  858  1470  325
16  1  1  2  684  478  557  1577  282
23  2  2  5  368  295  251  1567  285
23  3  0  0  444  522  180  1413  194
20  2  3  6  255  202  161  1971  316
23  2  2  4  606  552  338  1383  165
23  3  2  4  558  631  234  1425  314
20  2  1  3  1375  956  1027  1087  349
21  2  0  1  1498  1439  827  925  326
14  0  2  5  2504  919  2804  774  312
20  1  2  4  766  469  700  1566  161
15  2  2  5  1121  810  878  1158  231
17  3  0  0  465  518  171  1731  318
21  1  1  2  440  297  367  1785  323
20  0  1  3  717  343  759  1774  307
14  2  1  2  376  279  261  1887  281
21  0  2  4  1735  570  2046  1102  168
15  0  0  0  1366  575  1477  1282  302
17  0  0  0  303  116  350  2175  301
21  2  0  0  115  92  80  2278  313
22  0  1  3  985  413  1069  1422  262
21  0  2  4  379  120  453  2227  303
15  0  1  3  1361  452  1627  1205  351
21  3  3  7  452  490  231  1680  282
23  0  1  3  536  190  628  1781  239
20  1  2  4  1382  761  1346  1121  235
21  2  1  2  411  375  244  1760  219
22  2  0  0  644  515  504  1732  308
14  0  1  2  1611  568  1725  1159  338
14  3  0  1  663  744  222  1415  336
20  1  2  4  1033  711  851  1297  241
21  2  2  4  999  696  819  1240  236
22  2  0  0  1162  952  883  1278  269
20  1  1  3  152  73  157  2444  310
23  2  1  3  706  567  492  1334  329
17  1  2  4  606  416  484  1477  144
15  0  2  5  1561  524  2003  1063  320
16  2  3  6  280  202  194  2275  282
21  1  1  3  177  91  169  2392  243
16  3  3  6  687  712  312  1657  295
23  2  2  5  440  331  321  1462  327
16  0  3  6  756  276  851  1774  257
20  1  3  6  327  225  255  1887  292
17  0  0  1  364  160  400  2283  198
21  1  0  0  767  534  614  1386  307
22  0  2  4  529  229  593  2001  289
22  1  2  4  134  73  127  2477  289
22  0  2  4  597  235  742  1703  300
22  0  1  2  661  307  709  1701  328
16  1  0  0  1152  800  993  1188  336
23  3  2  5  184  192  90  1802  291
20  2  0  1  1138  886  744  1264  176
20  1  2  4  92  53  85  2313  254
15  0  2  4  128  53  152  2352  200
21  2  0  0  178  155  115  2165  316
15  2  2  5  195  148  140  2122  283
22  1  2  5  330  190  302  2150  326
23  1  1  3  130  81  115  2222  332
20  1  1  3  221  151  177  2383  233
20  0  2  5  931  401  1041  1359  323
15  0  2  5  601  224  737  1724  266
23  0  1  2  183  63  207  2298  241
20  2  3  6  1227  1031  735  1081  298
23  3  3  7  665  790  237  1336  205
22  1  1  3  540  328  466  1699  319
20  0  1  3  251  83  301  2527  192
15  1  1  3  668  360  651  1620  143
22  1  0  1  551  365  458  1631  305
23  0  1  2  504  227  527  1735  321
22  2  2  4  496  394  373  1814  302
21  1  0  0  106  77  77  2270  247
14  3  2  4  939  1070  393  1212  312
16  3  3  7  1042  1092  469  1248  320
22  2  2  5  383  312  280  2019  180
16  1  2  4  373  182  366  2066  214
17  0  0  0  425  147  492  2075  262
16  0  1  2  147  46  169  2499  303
17  3  1  3  297  308  149  1896  306
22  0  3  7  901  449  922  1490  357
15  0  2  5  263  123  297  2131  352
21  0  2  4  256  80  307  2427  331
16  1  0  0  1243  691  1253  1180  337
16  1  3  7  96  48  92  2568  270
20  2  3  6  2195  1924  1218  764  140
17  0  3  7  300  131  315  2205  319
15  0  1  3  221  78  253  2292  337
21  0  1  3  755  299  879  1784  334
22  3  2  5  336  417  116  1969  272
20  0  1  2  693  337  730  1850  327
17  1  2  4  677  396  606  1489  302
16  0  2  4  715  333  708  1670  217
15  1  3  6  1320  996  1092  1056  354
23  0  2  5  721  197  887  1484  172
22  1  3  6  646  427  484  1587  406
14  3  0  1  1007  1083  392  1142  323
16  1  2  4  1147  718  952  1210  220
15  2  1  2  233  183  146  2133  322
21  0  0  0  1721  736  1905  1115  211
15  1  1  3  1289  761  1194  1169  175
22  3  3  6  1137  1331  400  1042  349
23  3  1  2  238  286  84  1800  352
23  3  3  7  447  518  174  1542  317
17  1  0  1  1706  973  1521  1126  200
20  0  0  1  379  165  409  2268  222
22  1  1  2  466  320  367  1775  300
21  1  2  5  154  84  142  2425  296
16  2  0  0  269  225  171  2047  214
21  2  2  5  1188  908  869  1203  332
16  3  2  4  237  244  96  2073  213
21  0  1  2  1165  490  1262  1368  289
20  1  2  4  602  342  566  1723  319
17  2  1  2  413  361  268  1748  270
14  3  0  1  517  584  172  1532  198
20  2  2  4  360  281  244  1834  326
14  3  0  1  524  520  252  1555  339
20  1  1  3  143  92  129  2569  339
22  0  0  0  237  124  243  2504  254
20  1  3  7  1695  1099  1481  1004  231
20  1  1  3  445  338  368  1854  126
23  1  0  1  1067  691  929  1170  252
20  1  0  0  428  255  381  1978  170
16  2  3  6  816  698  465  1557  321
16  0  1  2  890  412  932  1512  308
23  3  0  0  761  899  296  1088  307
17  1  3  6  922  495  880  1523  319
21  3  2  4  307  331  114  1956  328
22  2  0  0  108  86  86  2582  308
23  1  0  0  1157  733  1029  1045  194
21  1  2  5  204  111  183  2394  323
22  3  3  6  209  222  100  1995  315
14  3  1  3  340  389  125  1710  281
22  2  0  0  212  165  173  2382  266
15  0  3  7  840  333  1010  1570  179
23  1  2  5  378  206  357  1638  255
23  2  2  4  226  193  146  1898  248
22  0  1  3  414  144  491  2050  235
23  3  0  1  1071  1090  597  1039  231
22  1  0  0  623  404  525  1871  251
22  2  3  6  527  385  406  1679  277
22  1  2  5  322  210  264  2222  208
17  1  1  2  712  382  714  1494  224
20  1  1  2  881  536  818  1588  273
23  2  0  1  1184  1083  699  1035  330
21  3  1  3  448  462  204  1947  178
16  3  1  2  153  153  79  2279  268
21  3  1  3  786  885  285  1539  289
20  1  1  2  216  149  175  2423  258
20  0  0  0  202  72  235  2618  185
14  0  0  0  344  143  360  2045  318
16  2  1  3  538  432  349  1656  327
22  1  3  6  1411  835  1163  1114  310
14  2  0  0  1090  847  729  1284  311
17  3  1  3  276  330  92  1849  320
17  3  0  1  99  104  43  2589  272
21  3  2  4  388  467  134  1705  284
23  0  2  5  263  85  314  2061  236
23  0  0  0  215  102  225  2019  278
21  2  1  2  2329  1778  1817  730  340
22  0  2  5  398  177  425  1686  215
20  1  0  0  241  164  193  2222  307
21  1  3  7  1344  870  1175  1156  218
15  0  3  6  1178  478  1405  1299  258
23  0  1  2  388  147  440  1913  321
20  0  3  7  250  106  274  2408  232
23  0  1  3  253  80  299  2182  301
15  1  1  2  1704  1067  1504  955  327
17  0  1  2  314  147  299  2137  320
16  2  1  2  514  435  311  1760  323
14  1  0  1  615  347  594  1642  333
22  2  1  2  740  579  580  1449  321
16  1  1  3  1095  581  1090  1274  201
21  1  3  7  150  106  111  2447  285
16  0  1  2  1326  518  1480  1254  308
21  2  1  3  745  568  588  1590  304
17  0  1  3  1753  744  2090  961  287
22  1  1  3  361  247  293  1877  286
20  2  2  5  485  430  293  1639  265
23  3  0  0  303  321  146  1563  317
22  1  1  2  1090  610  1002  1312  267
14  3  1  2  658  766  218  1429  271
21  0  0  1  849  407  888  1377  320
16  1  2  5  629  366  548  1631  332
15  2  3  6  712  627  452  1420  335
23  3  2  5  902  936  457  1064  229
20  2  0  1  982  734  695  1390  270
22  0  1  3  1065  336  1307  1396  305
20  2  3  7  146  109  98  2503  196
16  1  0  0  1084  569  1136  1308  305
23  2  2  5  842  713  535  1124  318
16  0  1  3  136  63  137  2481  324
17  2  0  0  461  393  274  1803  290
22  0  0  0  884  408  968  1704  206
21  0  1  3  2383  973  2773  909  344
15  3  1  2  487  475  248  1653  345
21  1  3  6  465  310  382  2007  271
20  0  3  6  457  142  560  1905  313
23  2  2  5  801  741  438  1141  275
15  3  3  6  200  228  85  1965  267
22  1  2  5  326  182  295  2256  349
21  2  1  2  657  551  459  1510  329
16  3  3  6  455  536  144  1991  266
21  1  2  4  135  85  113  2290  259
17  0  3  6  660  333  692  1779  301
20  2  2  4  364  303  236  1981  319
21  2  3  6  408  396  220  2025  309
22  3  3  7  85  79  49  2183  231
17  3  0  1  214  223  97  2337  305
22  0  2  4  179  61  210  2444  340
21  2  2  4  517  409  374  1617  345
15  0  0  1  227  78  262  2459  143
20  1  0  0  705  442  583  1523  332
14  1  1  2  544  362  461  1641  300
15  1  2  4  484  323  447  1735  319
14  0  2  5  2111  893  2231  803  320
17  3  2  4  441  497  167  1567  306
20  1  2  4  77  55  62  2524  290
17  0  2  4  467  172  565  1768  317
16  0  0  0  483  249  504  1882  317
20  2  2  5  2484  1802  1849  684  341
22  1  3  7  1020  597  844  1275  188
16  2  3  6  715  516  503  1684  325
23  3  3  7  115  136  41  2000  299
21  1  2  5  779  495  656  1530  327
15  0  0  1  1253  588  1295  1313  347
20  1  1  3  773  453  708  1428  359
15  1  2  4  656  438  590  1499  310
21  0  2  5  565  233  607  1938  319
15  3  2  5  497  538  193  1554  197
15  2  0  1  505  363  355  1857  204
22  1  3  6  377  214  314  1945  259
23  0  2  4  338  132  374  2067  309
20  1  2  4  120  64  126  2478  207
22  0  2  4  716  255  868  1791  258
17  0  0  1  537  176  651  2144  357
16  0  1  2  509  172  596  2056  273
20  0  0  0  751  272  869  1824  285
20  0  3  6  1081  480  1166  1197  268
16  3  2  5  524  495  260  1671  280
23  1  0  1  2378  1442  2169  747  326
17  3  3  6  1776  2006  663  955  260
17  3  1  2  276  322  106  1853  243
16  0  3  7  365  108  428  2170  326
23  2  1  2  150  121  107  2050  312
16  0  2  4  571  196  637  1797  276
17  0  1  2  454  143  594  1873  244
21  0  0  1  489  178  574  1796  162
22  0  2  5  1247  497  1457  1357  302
17  2  1  2  352  330  205  1766  310
16  1  3  6  285  155  266  2349  322
20  1  3  6  621  438  487  1511  319
16  1  2  5  592  341  518  1700  205
20  0  3  6  219  84  251  2128  303
14  0  3  6  1771  540  2186  1221  273
20  0  2  5  301  103  364  2034  322
23  1  0  0  274  174  236  1820  275
22  0  0  1  867  365  985  1542  303
20  2  0  0  188  154  116  2310  195
22  1  2  4  216  109  195  2283  208
20  1  2  5  1537  837  1518  985  185
17  1  0  0  1284  669  1211  1191  280
22  0  3  7  109  44  115  2393  294
16  3  1  3  298  340  114  1843  345
23  1  1  2  854  485  797  1331  340
23  0  1  3  436  180  472  1903  302
20  1  0  0  660  415  564  1678  252
22  1  2  5  1163  722  983  1318  218
14  1  1  2  133  95  105  2209  270
21  1  3  6  169  112  133  2514  166
16  0  2  4  459  155  518  2006  284
20  2  2  5  177  166  92  2095  312
21  0  3  6  384  138  449  1967  291
20  2  0  1  123  87  85  2541  185
21  1  0  1  1530  981  1320  960  246
15  1  1  3  1444  802  1392  1118  279
14  3  0  1  257  257  119  1934  292
15  1  3  7  1410  984  1257  1072  269
20  0  2  5  171  76  190  2360  332
14  0  2  4  803  267  923  1800  324
15  1  3  7  546  340  527  1757  295
20  2  1  2  608  504  385  1633  327
20  1  3  7  897  591  746  1467  298
14  1  1  2  790  540  648  1470  216
16  1  2  5  574  349  487  1712  235
21  1  0  1  1129  729  956  1156  307
21  2  2  5  223  199  129  2054  310
22  1  1  2  1269  780  1096  1198  312
21  2  0  1  439  385  277  1729  170
17  2  1  3  782  591  607  1408  325
20  1  0  1  743  417  690  1717  286
14  1  2  4  1175  832  1015  1192  250
20  0  1  3  192  86  212  2524  331
15  2  1  3  634  491  421  1673  161
16  1  1  2  716  489  599  1542  266
23  2  2  4  716  599  459  1310  317
22  1  2  4  1942  1050  1814  976  326
23  2  3  7  512  390  377  1451  184
15  0  1  3  1199  533  1288  1293  231
20  1  3  6  1584  1062  1296  900  335
14  3  0  0  818  820  386  1228  191
21  3  1  3  486  463  278  1895  334
14  2  3  6  741  580  502  1558  198
21  2  0  1  104  94  62  2211  269
16  0  0  0  890  368  1030  1534  170
17  3  0  0  609  647  264  1723  236
21  0  1  2  359  146  409  1974  216
23  0  3  7  428  175  469  1694  314
15  0  0  1  837  267  995  1691  202
21  1  3  7  389  220  354  2101  334
15  2  1  3  264  218  159  1993  272
17  3  1  2  435  500  172  1680  236
16  0  2  4  505  144  600  1900  329
17  0  0  0  736  243  888  1658  322
21  3  2  4  153  156  76  2226  271
16  3  3  6  1171  1359  404  1210  209
20  1  2  4  1225  841  1017  1204  286
15  1  3  7  1248  954  1016  1122  281
23  2  0  1  666  610  358  1648  223
15  1  1  3  323  175  316  2147  321
21  3  1  2  644  666  299  1522  218
14  3  1  3  164  192  65  1994  278
23  1  0  1  117  63  115  2303  246
15  1  3  6  1037  687  955  1261  217
15  0  0  1  1181  536  1249  1336  275
21  1  3  7  720  407  670  1717  302
15  0  1  2  422  166  455  1988  367
21  0  2  4  644  203  765  1859  330
22  2  2  5  431  345  321  1959  310
23  1  1  3  972  573  887  1218  332
16  0  0  1  1066  377  1295  1414  201
21  2  3  6  912  788  552  1420  334
16  1  3  6  178  127  138  2437  186
15  0  1  2  285  122  312  2163  201
15  2  3  6  944  834  594  1254  233
21  0  1  2  767  327  842  1605  286
20  0  1  3  1393  563  1586  1294  278
22  2  2  4  701  575  515  1614  215
21  0  2  5  1102  401  1250  1434  320
20  2  0  1  1501  1138  1008  1069  312
23  3  0  1  841  915  403  1165  264
20  1  3  7  479  255  457  1942  315
20  2  0  0  403  320  262  1943  278
22  0  2  5  2398  1078  2666  898  298
17  1  0  1  431  221  412  2177  325
22  3  3  6  511  576  202  1570  289
20  1  3  6  1529  1057  1231  957  326
21  3  2  5  1301  1256  651  1122  341
14  1  2  5  678  394  673  1402  280
21  0  3  6  1465  668  1511  1219  302
21  1  2  4  628  358  569  1663  307
20  2  0  0  128  108  76  2351  207
16  0  3  6  908  288  1059  1688  332
17  0  1  3  130  47  168  2450  306
22  1  2  4  165  100  145  2073  278
23  1  1  3  747  472  645  1395  272
20  1  0  1  322  196  311  2036  185
21  1  1  3  889  465  912  1587  322
14  0  1  2  353  146  351  2104  182
15  2  3  6  1143  1059  671  1139  339
14  0  0  1  1029  452  1036  1365  247
14  0  0  0  266  103  282  2293  319
16  0  2  5  1434  403  1729  1204  217
21  1  0  1  1367  781  1285  1055  276
20  1  1  3  1034  740  836  1321  202
23  0  0  0  909  376  1029  1339  274
22  1  2  5  335  225  280  1880  316
17  1  0  1  775  453  681  1665  283
16  3  3  7  1179  1331  433  1152  333
20  2  3  7  149  122  89  2356  329
21  0  0  1  729  273  848  1572  225
22  1  1  3  1448  870  1269  1060  304
23  2  1  3  238  202  150  1855  294
22  1  3  6  97  60  76  2394  201
17  3  1  2  2269  2278  1238  681  262
21  3  1  3  467  480  227  1905  287
20  0  2  4  439  125  558  2148  156
23  0  0  0  259  94  305  1984  259
15  1  1  2  402  244  369  1953  318
16  0  2  5  582  178  678  1908  329
16  2  2  4  2003  1466  1305  861  335
16  3  2  4  576  543  291  1592  331
20  0  1  2  1165  540  1256  1401  247
21  1  2  4  1460  988  1147  1067  242
22  3  3  6  440  511  156  1568  158
16  2  1  2  136  110  82  2337  319
21  2  2  4  1458  1137  876  1041  311
23  3  0  1  359  371  195  1644  227
20  0  2  4  180  81  199  2383  312
20  0  3  6  298  90  374  2565  236
22  1  1  3  1572  960  1361  1016  260
20  0  3  6  951  429  1023  1337  277
21  0  0  1  678  264  778  1599  294
22  3  2  4  700  848  259  1367  163
21  0  2  4  387  141  443  2104  276
21  1  3  6  516  343  418  1961  288
22  3  2  5  810  874  416  1386  261
15  1  3  7  793  473  794  1560  309
15  0  2  5  346  121  426  2098  325
20  0  3  7  489  176  575  2037  320
16  1  0  0  829  485  803  1483  293
22  1  1  2  588  404  474  1705  207
20  1  1  2  648  455  540  1758  354
20  2  2  4  539  481  307  1696  363
17  2  1  2  365  320  229  1821  292
16  1  3  7  1212  707  1101  1196  339
21  0  3  6  270  112  301  2470  296
23  3  0  1  528  548  283  1422  325
15  1  0  1  554  380  450  1808  251
21  1  2  4  1097  687  915  1303  283
16  1  2  4  864  424  846  1469  176
15  1  1  2  321  189  295  2077  293
15  1  0  0  88  61  76  2470  263
16  2  3  7  388  280  272  1905  277
17  2  3  6  1340  1059  922  1172  214
21  2  1  2  111  84  83  2259  259
20  0  2  4  857  443  877  1486  267
14  0  2  4  320  154  317  2139  194
23  3  2  4  368  389  176  1629  317
15  3  2  5  167  174  86  1995  224
17  3  1  3  833  904  382  1371  324
22  3  0  1  1186  1498  439  996  289
23  2  2  5  722  631  436  1183  259
15  2  1  3  590  489  362  1630  176
16  1  2  4  256  140  233  2142  330
17  3  2  4  144  141  77  2040  264
20  0  1  3  1294  509  1480  1261  277
16  3  2  4  905  1021  275  1329  304
16  2  0  0  1336  1127  852  1098  243
20  1  1  2  255  181  205  2320  277
21  3  3  6  465  471  226  1923  301
15  2  3  6  814  765  466  1344  337
22  2  0  1  709  632  491  1388  295
16  3  0  0  428  424  236  1738  313
15  1  0  0  562  340  507  1823  274
21  2  1  3  1010  857  680  1219  277
16  0  0  0  643  297  708  1699  327
23  3  1  3  446  533  150  1785  307
22  0  2  5  1668  834  1753  1151  299
14  3  1  2  511  587  183  1576  338
23  0  3  7  732  246  864  1511  213
22  1  2  5  627  343  578  1766  271
21  2  0  1  1846  1701  988  952  333
21  1  0  1  1186  778  996  1125  320
15  0  1  3  602  237  678  1789  214
23  1  0  1  903  475  906  1370  206
20  3  2  4  1460  1569  629  913  339
17  1  2  4  340  186  319  1867  290
22  0  1  2  579  306  582  1724  315
20  0  3  7  483  156  585  2051  312
23  1  0  0  334  198  312  1771  268
23  0  0  1  195  79  219  2324  270
21  0  3  7  204  95  209  2450  284
21  2  0  0  647  568  417  1477  244
21  1  0  1  948  515  916  1298  317
20  0  1  3  133  52  156  2669  292
15  1  2  4  512  327  484  1644  231
14  0  1  2  2728  1330  2537  731  248
20  1  0  1  377  229  327  2158  258
22  1  0  1  529  306  481  1743  313
22  0  0  1  316  174  320  2088  158
16  1  3  7  123  72  109  2450  201
22  1  3  6  627  352  537  1666  204
20  1  1  3  505  349  423  1858  176
21  1  1  2  1346  835  1218  1074  178
22  0  3  6  147  69  154  2325  250
21  3  2  5  364  361  174  1950  273
16  0  3  6  761  268  894  1907  349
21  2  1  2  439  356  280  1812  182
15  1  3  7  965  543  1001  1367  337
22  1  1  3  335  241  260  1888  299
20  0  1  3  633  320  652  1858  264
22  1  2  4  1139  654  1023  1342  303
16  1  3  7  1488  1063  1150  1040  311
21  0  1  2  809  339  935  1485  302
23  1  1  3  588  366  519  1563  206
17  0  2  4  495  167  617  1765  369
21  1  2  5  930  571  800  1422  318
17  1  3  6  362  212  327  2134  180
20  1  2  5  108  50  109  2344  260
22  0  0  1  1038  335  1279  1449  303
15  0  2  5  417  212  469  1864  308
22  3  2  5  929  1083  389  1294  196
17  0  1  3  2420  1112  2788  749  308
23  3  1  3  1096  1334  373  1008  320
22  1  3  6  326  202  283  1927  341
16  0  0  0  1513  554  1805  1182  328
14  1  3  6  382  276  325  2088  328
20  2  1  2  264  204  179  2245  314
22  1  3  6  1254  802  972  1154  295
20  1  0  1  700  490  546  1679  293
21  2  0  1  647  551  429  1431  227
20  0  1  2  273  132  294  2422  170
23  0  1  3  2271  715  2745  840  348
15  1  1  2  209  142  175  2206  309
22  1  2  5  303  185  260  2213  302
16  1  3  6  1175  604  1148  1375  277
21  2  2  5  328  252  228  2050  267
15  1  3  7  1624  979  1610  1023  360
20  0  2  5  760  268  855  1626  212
17  0  1  3  679  356  719  1545  359
14  1  1  3  1159  706  1044  1139  317
16  2  0  1  665  522  462  1621  292
16  1  0  0  920  594  844  1369  325
21  3  3  7  1405  1417  686  1110  333
16  1  1  2  388  260  335  2000  321
23  0  3  7  1582  730  1642  896  366
23  0  2  5  545  226  589  1599  270
22  2  1  2  133  111  98  2242  307
23  3  2  4  295  340  110  1805  273
21  1  2  4  917  616  734  1377  262
23  1  2  4  127  64  119  2191  305
22  0  0  0  566  203  683  1840  188
23  0  0  1  1027  329  1267  1415  251
20  1  1  2  1243  798  1093  1186  328
21  0  2  5  1225  568  1270  1290  222
15  0  0  1  1774  871  1796  1022  351
21  2  1  3  641  538  387  1590  228
17  2  0  0  323  296  168  1903  331
15  1  3  6  753  461  732  1500  332
16  1  1  2  504  352  412  1819  273
16  2  2  4  149  123  77  2273  234
22  0  3  6  1367  611  1433  1178  296
16  3  0  0  634  630  349  1511  172
21  1  0  1  1538  1088  1218  1071  268
23  1  1  3  1908  1030  1835  844  344
22  1  1  3  879  578  728  1342  336
17  1  0  0  228  126  207  2269  238
20  1  1  2  104  79  75  2637  312
23  3  3  7  108  121  46  2054  314
20  0  3  7  357  166  377  2145  131
20  0  0  1  1264  499  1429  1403  355
21  2  2  5  284  253  176  2063  233
22  1  0  0  679  408  602  1791  296
20  2  2  4  117  88  76  2429  210
20  1  3  7  832  436  815  1544  215
20  0  0  1  1429  536  1647  1343  328
22  1  3  7  764  510  569  1448  179
16  3  0  0  105  105  58  2319  314
16  2  0  1  960  833  587  1329  178
21  0  1  3  535  179  668  2174  282
14  0  2  4  985  476  982  1415  133
20  2  0  0  560  452  387  1677  293
16  2  1  2  603  440  436  1657  312
23  0  1  2  150  59  170  2328  296
15  0  3  6  697  367  740  1599  210
14  1  1  3  941  575  842  1358  259
22  0  1  2  545  271  570  1824  299
21  0  0  0  563  275  582  1689  289
22  0  2  5  1263  537  1435  1378  325
22  3  2  5  108  125  44  2317  315
15  1  2  4  1038  628  1011  1199  322
21  0  2  5  1778  656  2017  1071  279
14  1  0  1  2199  1332  2019  810  348
14  1  1  2  286  213  218  2035  219
14  0  0  1  270  81  307  2382  353
16  2  0  1  117  99  73  2316  315
20  2  0  0  318  250  203  2060  322
21  1  1  2  246  159  210  2073  315
17  3  0  1  149  174  49  2469  236
20  1  0  0  1021  528  997  1417  183
22  1  3  6  2131  1312  1695  833  237
21  3  2  4  1382  1431  603  1054  254
22  0  3  6  590  288  601  1728  317
20  1  1  3  741  417  716  1679  226
17  0  3  6  184  78  212  2514  259
14  2  2  5  316  239  232  1758  191
23  0  2  4  667  315  684  1509  207
22  1  2  5  844  510  728  1545  230
17  1  3  6  749  518  587  1634  205
17  1  3  6  663  464  514  1688  239
21  3  2  5  537  529  260  1724  299
23  2  2  4  1169  930  802  1071  276
17  2  0  1  657  484  468  1776  295
20  0  1  3  749  366  785  1792  330
21  2  0  1  1020  850  700  1170  282
14  0  1  2  329  142  324  2177  215
20  1  3  6  268  185  216  1866  238
14  3  0  0  747  834  266  1318  327
14  3  0  0  1389  1472  571  918  340
21  0  2  5  456  134  564  2080  224
16  1  3  7  427  274  355  1893  326
20  0  0  1  130  57  133  2747  296
17  1  0  1  1265  661  1193  1324  243
15  2  2  4  1785  1353  1331  823  293
17  1  0  0  346  203  302  2043  188
16  2  2  4  1795  1490  985  901  222
23  2  0  0  579  478  397  1379  311
16  3  2  4  967  1064  325  1248  240
16  2  2  5  346  294  181  1960  263
17  1  2  4  153  100  131  2145  394
17  1  1  3  227  159  186  2134  244
22  1  3  6  446  272  353  1876  269
21  1  3  6  1806  1115  1572  1041  291
16  0  2  5  1903  607  2207  1066  350
17  1  1  2  1132  664  1084  1188  297
15  2  2  4  971  748  709  1199  212
15  2  2  5  371  292  262  1811  253
20  1  1  2  1127  818  912  1290  268
16  1  0  1  478  327  417  1826  253
16  0  3  6  1666  822  1637  1126  293
17  2  1  3  117  114  62  2212  245
20  2  2  5  1593  1144  1199  921  318
15  0  0  0  162  57  180  2608  193
16  1  2  5  918  451  895  1412  351
15  2  1  3  1030  857  624  1264  231
20  0  1  3  230  82  266  2527  341
21  1  1  3  764  524  634  1598  326
16  3  2  5  1025  1066  408  1226  319
14  0  2  5  1509  637  1605  1003  252
14  0  0  1  525  227  533  1846  281
16  1  3  6  387  268  305  2035  323
21  0  2  5  941  351  1065  1548  251
15  1  2  4  433  287  393  1677  221
14  1  1  3  432  310  338  1756  337
21  1  0  0  691  401  643  1516  293
23  3  1  3  220  226  111  1795  278
20  0  3  6  736  263  863  1554  307
14  0  0  1  580  284  553  1764  361
17  0  1  2  435  155  547  1845  300
21  1  1  2  541  315  514  1709  231
17  3  0  1  532  580  202  1805  313
21  1  2  4  608  334  559  1688  327
20  1  1  2  1162  718  1064  1330  198
16  0  1  3  309  149  318  2152  264
21  0  3  6  1257  574  1329  1348  261
20  1  2  4  194  145  147  2196  312
22  1  3  6  676  456  500  1575  216
16  0  1  2  748  337  791  1673  358
21  2  0  0  837  716  563  1297  326
14  0  2  5  536  246  548  1649  164
14  3  0  1  235  270  73  1932  173
17  1  1  2  625  431  526  1563  322
22  0  1  2  490  241  514  1849  212
21  0  0  1  692  241  829  1634  342
15  1  0  1  344  208  297  2161  253
15  2  0  0  1133  893  738  1256  195
20  0  3  6  863  301  1026  1406  258
23  3  3  7  441  473  198  1569  234
23  2  1  3  445  362  302  1577  315
15  2  1  2  182  164  100  2155  265
20  2  0  1  213  180  118  2317  192
20  0  0  0  333  95  409  2379  247
14  0  1  2  858  325  896  1678  279
22  1  0  0  1491  819  1391  1210  212
21  1  0  1  335  183  330  1905  274
21  2  2  5  216  192  129  2189  294
20  2  1  3  1017  938  588  1339  187
21  1  3  6  1087  618  1003  1436  206
15  2  1  2  341  260  232  1862  147
16  3  2  4  765  829  267  1363  310
22  0  0  1  1177  530  1239  1306  250
21  0  0  0  1398  571  1584  1072  315
17  1  0  1  1940  1341  1487  1015  273
14  2  3  6  1159  863  860  1323  311
21  1  3  6  251  184  183  2319  274
22  2  2  4  2012  1620  1507  873  325
14  0  3  6  493  215  532  2093  307
17  0  1  3  1233  472  1525  1191  178
22  1  3  6  290  150  256  2110  213
16  2  1  2  1564  1336  945  1008  304
17  0  1  3  1323  600  1532  1110  280
22  3  2  5  766  869  341  1428  324
23  3  2  5  679  711  339  1220  188
23  0  0  1  1459  722  1504  1091  236
14  0  1  2  1084  516  1014  1332  202
20  1  3  6  1155  682  1047  1137  252
17  3  1  3  1092  1125  566  1130  255
21  2  3  7  247  193  182  2216  274
15  1  1  3  249  151  219  2092  315
15  2  2  5  201  156  142  2084  259
16  1  3  6  549  330  485  1917  282
16  3  2  5  1475  1450  668  989  300
15  1  3  7  675  465  606  1594  265
21  0  2  5  1505  577  1674  1213  273
14  1  1  3  1577  889  1490  962  340
17  1  1  3  110  65  104  2373  317
21  3  1  2  386  390  189  1848  315
17  1  2  4  422  236  392  1751  295
16  1  2  4  566  282  546  1790  294
20  1  0  1  623  341  588  1855  313
17  1  1  2  204  135  177  2088  231
20  0  1  2  282  133  303  2435  255
17  1  1  3  373  269  301  1842  276
14  0  1  3  844  416  779  1470  303
17  3  0  0  922  999  368  1285  203
14  0  1  2  236  106  229  2281  248
21  1  0  1  717  494  578  1442  243
15  2  3  7  452  356  333  1822  325
20  2  1  3  612  560  349  1726  328
22  0  3  7  890  375  957  1439  252
23  0  1  2  1243  347  1503  1167  186
22  1  2  5  2564  1740  2012  834  275
23  0  1  3  745  345  777  1464  320
14  0  1  3  1208  365  1352  1344  335
16  3  3  7  684  715  302  1488  238
23  2  2  4  931  709  669  1175  256
21  2  3  6  167  132  121  2506  208
20  0  0  0  529  158  652  2106  321
23  2  0  1  1467  1335  880  869  320
23  2  2  5  696  623  403  1202  298
20  0  1  3  139  45  172  2747  253
15  1  2  4  491  323  447  1718  272
22  0  2  5  157  56  190  2686  304
20  1  0  1  442  234  403  1941  285
14  1  0  1  1327  737  1297  1110  210
21  1  0  0  257  156  229  2058  205
17  0  0  1  296  114  339  2380  289
14  1  2  5  317  234  269  1792  318
20  2  0  0  772  575  527  1527  356
16  2  0  1  103  77  76  2416  308
15  0  2  4  1411  534  1733  1094  312
16  2  3  6  1468  1319  767  1088  233
16  1  2  4  152  79  141  2435  303
21  2  0  1  338  305  201  1754  221
17  2  0  0  271  242  155  2077  259
23  0  0  0  951  377  1090  1280  300
22  2  0  1  893  743  678  1298  311
21  0  2  4  573  192  665  1973  321
22  3  2  5  399  448  188  1826  195
16  2  0  0  443  347  309  1792  229
20  0  3  7  1068  508  1106  1406  258
17  3  1  3  416  439  207  1771  351
22  3  2  4  85  99  36  2305  211
23  1  1  2  758  431  729  1738  239
16  2  0  0  1206  914  879  1180  211
20  2  2  5  527  468  313  1619  313
17  2  1  3  381  288  290  1879  334
21  2  2  4  188  171  107  2211  218
20  0  2  4  212  99  220  2345  332
16  0  1  3  716  220  860  1654  317
16  1  0  1  733  458  681  1568  168
16  1  3  7  152  84  132  2397  325
23  3  2  5  1093  1239  452  986  306
21  2  2  5  141  120  91  2346  320
14  0  1  2  342  130  354  2199  298
17  3  3  6  2018  2219  807  859  149
20  2  3  7  855  695  539  1507  155
21  0  0  1  415  139  503  1949  343
17  2  0  1  626  587  321  1734  263
17  1  0  1  540  303  489  2005  307
17  3  0  1  811  920  275  1566  322
17  1  2  4  193  118  165  2102  309
22  0  0  0  468  149  570  2285  259
22  3  3  7  233  242  103  1871  113
23  2  3  7  113  82  77  2031  299
17  1  3  6  845  519  735  1557  296
17  0  0  1  751  361  788  1722  299
20  1  3  6  778  451  713  1407  261
15  0  2  5  1366  463  1751  1163  196
21  2  3  7  251  227  156  2253  320
22  2  1  3  977  875  671  1189  95
15  3  0  0  302  291  158  2013  228
20  0  2  5  1345  682  1390  1106  245
21  0  0  0  1735  741  1924  978  334
16  0  3  7  425  152  481  2024  320
14  3  0  0  487  469  250  1578  288
23  2  3  7  970  792  609  1390  345
17  2  0  0  76  59  48  2443  290
15  1  3  6  954  547  975  1374  303
22  0  1  2  1487  584  1710  1185  326
16  2  0  1  243  209  145  2147  265
20  1  0  0  633  410  525  1722  304
17  1  3  6  453  254  422  1989  142
17  3  2  4  474  482  232  1563  348
21  1  0  1  1712  927  1669  908  265
16  1  2  5  143  93  115  2331  204
16  2  3  6  655  499  431  1723  333
16  2  2  4  296  237  168  2028  339
23  0  1  2  651  272  711  1604  216
15  1  2  4  949  616  883  1261  311
20  1  2  5  396  246  360  1858  251
23  2  2  5  1329  1184  776  847  239
20  2  2  5  1368  999  1023  1039  350
15  2  0  0  604  530  333  1616  270
20  1  3  7  65  41  52  2652  215
14  2  2  5  324  266  211  1704  318
20  1  0  1  339  209  293  2220  182
21  1  1  3  1484  746  1554  1151  320
21  0  2  4  423  159  476  2109  271
16  1  0  0  226  137  212  2216  273
23  0  0  1  841  356  938  1497  158
14  0  0  0  1461  671  1437  1049  325
17  3  1  3  1047  1127  491  1172  310
15  1  0  1  676  439  573  1706  254
21  2  3  7  199  159  145  2299  345
15  1  0  1  1290  783  1159  1195  322
15  1  2  4  590  303  639  1645  312
20  0  1  2  1893  841  2084  1028  325
21  0  1  2  376  179  408  1946  302
15  1  0  0  1713  948  1633  1041  334
22  1  3  6  734  439  599  1506  316
16  2  3  7  642  582  330  1583  240
22  1  1  2  1741  1138  1435  954  294
17  2  3  6  732  546  533  1615  208
20  2  3  6  653  562  378  1454  190
20  0  1  3  476  234  495  2069  317
20  2  1  3  244  218  147  2230  255
22  3  3  7  1084  1141  484  1183  340
16  1  1  2  669  447  566  1620  325
15  0  0  1  456  223  468  1995  396
23  1  1  2  1205  650  1174  1121  255
17  1  0  0  1510  923  1282  1078  205
20  1  0  1  687  397  626  1767  329
21  1  1  2  319  176  319  1913  219
16  0  0  0  479  239  503  1864  275
22  3  0  0  433  482  190  1734  281
20  2  3  6  147  106  108  2107  293
21  0  3  6  1126  401  1313  1544  326
23  3  0  1  541  568  276  1458  334
20  2  1  2  1035  861  679  1349  163
21  3  2  5  701  667  369  1547  278
15  1  2  4  688  458  631  1477  215
22  0  2  5  1146  524  1265  1440  186
17  2  0  1  562  492  323  1853  206
21  1  2  5  1296  889  1011  1160  253
15  1  2  4  738  405  766  1401  324
20  1  0  0  587  428  440  1685  258
16  1  0  0  1700  962  1700  998  176
23  3  2  4  233  235  121  1789  123
22  1  0  1  779  537  620  1476  150
16  1  2  4  377  176  372  2135  328
17  2  2  4  84  71  52  2127  256
17  1  0  0  368  238  299  2013  303
22  0  1  2  1686  645  1957  1139  235
16  0  2  4  542  220  569  1878  286
20  1  3  6  652  429  549  1467  204
16  3  3  6  1506  1699  558  1053  351
20  1  1  3  655  476  525  1696  326
17  2  2  4  1342  1092  896  991  237
22  2  0  0  484  435  269  1748  329
21  2  0  0  452  433  250  1731  298
16  1  0  0  1970  1131  1950  888  242
23  2  3  7  567  423  422  1396  311
20  2  1  3  230  206  136  2211  265
21  2  0  0  296  263  184  1946  200
21  2  0  1  111  86  80  2210  293
14  1  1  2  177  93  178  2374  265
23  2  1  3  209  177  135  1946  337
17  1  1  2  128  74  123  2305  240
21  2  0  0  932  879  533  1229  302
20  2  1  2  478  429  285  1903  251
22  1  2  5  848  594  653  1522  230
16  0  2  5  749  252  855  1658  296
22  0  0  1  463  152  567  1918  223
21  3  0  1  234  257  90  1985  118
17  0  2  4  790  374  860  1339  182
16  3  3  6  663  637  348  1656  267
20  1  2  4  910  528  866  1488  299
20  2  1  2  904  732  618  1461  214
17  0  0  0  135  46  157  2459  314
14  3  1  3  515  611  160  1495  287
16  1  1  3  544  354  470  1713  194
17  1  0  1  230  137  200  2457  294
17  1  3  6  451  310  365  1950  288
21  2  0  1  1032  998  574  1178  330
15  0  0  1  1727  865  1730  1034  340
15  0  2  5  1185  364  1568  1261  137
23  2  2  4  1184  1002  747  1023  217
15  0  3  6  763  324  898  1549  331
15  0  0  0  347  127  393  2254  297
22  1  1  3  1056  694  868  1263  290
17  2  3  6  1064  954  613  1336  177
23  1  2  5  155  94  134  2008  301
16  3  1  2  557  666  183  1673  269
17  2  0  1  412  350  249  2099  175
23  1  2  5  642  383  567  1393  305
16  1  1  2  491  351  392  1859  218
22  3  3  6  286  324  105  1876  280
15  0  1  3  1588  691  1713  1065  305
20  0  0  0  548  264  560  1898  346
15  1  0  1  597  334  564  1768  329
23  2  0  1  214  190  132  1893  302
16  3  3  7  575  655  209  1618  284
21  1  2  4  426  263  355  1847  291
15  2  1  3  790  601  534  1468  323
16  2  2  5  934  783  502  1324  167
21  2  1  2  488  431  316  1670  321
21  1  2  4  415  260  354  1715  333
22  1  2  4  211  112  198  2392  266
14  0  2  5  1621  636  1771  981  326
21  1  0  0  832  462  796  1396  249
14  1  2  4  320  181  319  2061  306
14  2  1  3  795  596  542  1395  314
23  0  0  1  151  67  160  2290  235
22  3  3  7  519  508  280  1493  270
23  3  1  2  245  235  128  2007  301
21  0  0  1  784  346  853  1414  185
21  0  2  4  134  60  139  2476  314
21  1  1  2  1111  616  1093  1213  291
21  0  1  2  473  233  510  1660  238
17  0  0  0  705  288  796  1669  252
20  1  1  3  877  497  834  1547  276
17  3  2  4  163  183  65  2007  319
14  2  3  6  1207  926  870  1234  332
23  2  2  4  670  545  447  1373  301
16  0  0  0  1385  501  1661  1283  275
16  3  1  2  1110  1104  587  1187  291
15  0  1  2  462  218  475  1916  329
23  3  1  3  155  164  81  1933  253
20  0  1  3  845  262  1036  1725  314
17  0  1  3  212  83  243  2401  324
16  3  3  7  1954  2243  685  813  164
22  1  1  3  1169  762  960  1179  197
22  3  2  4  247  287  111  2008  235
23  2  0  0  603  466  422  1648  250
14  1  1  3  1365  755  1312  1039  305
14  1  2  4  252  173  221  2137  124
16  1  0  1  990  615  928  1356  316
21  3  1  2  548  519  301  1625  223
16  3  0  1  180  185  97  2205  271
16  1  1  3  320  202  283  2074  158
15  1  0  1  1694  979  1572  1016  337
21  1  1  2  1221  632  1251  1183  262
22  0  0  0  336  146  376  2401  149
21  3  1  2  676  722  283  1530  302
17  1  0  0  718  364  684  1627  222
22  0  3  7  1504  493  1784  1084  145
17  1  0  0  305  193  249  2115  192
21  2  3  7  418  398  240  1924  311
17  3  1  3  263  282  125  1950  370
17  2  3  6  170  135  109  2391  313
16  3  1  3  319  314  168  1900  336
14  0  0  0  357  139  381  2108  216
23  0  3  7  320  129  349  1928  193
16  1  3  7  1168  710  1032  1210  326
23  0  0  1  2424  1220  2484  761  349
14  3  1  2  166  178  72  2081  331
20  2  1  3  923  757  617  1464  308
21  0  2  5  1313  538  1432  1278  336
14  1  2  4  610  427  527  1645  225
23  2  1  3  703  575  473  1323  336
21  2  2  5  956  837  592  1325  341
23  3  2  5  604  661  268  1329  315
16  2  1  2  315  250  209  2054  189
17  3  0  0  1545  1616  680  937  291
23  2  1  3  278  240  180  1841  280
21  2  2  5  1328  1032  958  1088  272
23  2  2  5  458  413  263  1427  218
22  1  0  1  540  388  418  1654  242
22  0  1  2  695  286  786  1687  176
20  0  1  3  554  244  621  2005  408
21  3  1  3  613  628  293  1816  301
22  1  3  6  606  394  567  1707  337
16  2  2  5  342  230  246  1988  236
16  2  0  0  112  97  71  2342  265
15  1  1  2  231  129  208  2214  233
15  1  3  7  1184  838  1037  1174  209
15  2  0  0  1371  1061  912  1131  299
22  1  2  5  956  551  966  1267  180
16  1  2  5  1185  731  994  1209  250
23  1  0  1  466  250  460  1786  319
16  2  1  3  2374  2125  1329  733  220
15  0  0  0  302  93  368  2449  246
15  0  3  6  255  90  312  2335  170
21  2  3  7  1221  1084  762  1252  214
23  0  0  0  2261  913  2564  788  318
22  2  1  2  447  370  327  1788  156
17  0  2  4  175  62  213  2184  171
23  2  3  7  710  536  479  1648  295
22  0  1  3  1782  591  2157  1038  234
20  1  2  5  262  176  215  2025  321
14  0  3  6  199  80  220  2606  335
17  1  1  3  197  146  156  2139  319
20  0  2  4  1335  470  1500  1243  251
17  3  1  2  111  123  48  2160  219
23  2  0  1  501  440  312  1535  309
14  1  2  4  560  368  510  1712  251
21  0  2  4  661  204  783  1775  287
21  3  1  2  163  162  78  2148  237
15  1  3  6  1061  645  1040  1272  360
20  2  3  7  2321  1849  1488  866  143
20  2  3  6  461  346  317  1625  234
17  2  2  4  421  377  240  1566  272
23  3  0  1  1058  1164  493  1014  317
23  3  2  5  533  588  236  1339  315
16  0  2  4  1391  612  1419  1162  214
20  0  0  1  879  362  963  1643  286
22  1  3  7  413  258  316  1737  252
17  1  0  0  411  207  393  1989  239
14  1  2  5  1315  1000  1066  993  347
22  0  2  5  515  238  567  2076  313
20  0  1  3  1304  496  1516  1432  329
21  1  0  0  877  501  815  1367  202
17  0  2  4  1718  710  1982  894  327
20  0  3  6  299  146  307  1986  309
21  3  0  1  795  894  294  1349  274
21  3  2  5  916  866  480  1363  178
20  0  2  5  442  141  544  1930  260
20  0  1  2  875  374  983  1676  203
16  2  3  7  883  710  556  1393  118
21  1  0  1  359  236  302  1790  266
22  0  0  1  517  165  644  1924  289
20  1  0  1  525  335  437  1937  318
15  3  1  2  529  517  279  1575  301
16  2  2  4  998  790  584  1273  323
17  3  0  1  414  460  154  1965  319
15  1  3  7  1178  693  1180  1266  279
22  0  3  6  1483  547  1689  1185  303
21  2  1  2  326  231  264  1907  317
21  2  0  1  824  766  486  1281  325
22  1  0  0  635  371  567  1904  348
21  1  0  1  1404  782  1345  1031  322
17  3  1  2  912  988  415  1177  268
22  1  1  3  401  288  313  1805  328
17  2  1  3  1131  1027  692  1107  182
17  1  1  3  407  216  410  1922  279
15  1  1  2  491  271  466  1800  198
20  2  2  5  220  195  133  2036  228
21  1  0  1  407  285  322  1629  299
16  3  3  7  1315  1445  526  1059  200
14  2  1  3  626  450  448  1577  325
21  1  0  0  945  514  908  1329  318
17  2  2  4  736  572  523  1341  223
16  3  2  4  193  201  76  2149  153
14  0  3  6  1409  518  1631  1337  175
16  2  3  7  145  96  106  2346  385
21  3  2  4  285  286  130  1988  328
14  0  1  3  1518  599  1556  1130  234
22  3  3  6  599  666  231  1456  254
21  0  1  3  1933  615  2453  1136  165
23  2  1  3  650  607  370  1316  342
14  1  2  5  1184  731  1135  1020  345
23  3  2  4  2195  2490  900  663  413
15  2  0  1  737  581  484  1550  279
17  0  0  0  2648  1255  2799  746  337
15  0  3  6  277  91  349  2222  309
21  1  0  0  1266  845  1053  1103  180
15  1  1  2  908  574  796  1371  192
21  2  3  7  1560  1290  1075  1057  419
17  1  0  0  663  337  634  1674  321
20  2  2  4  821  610  603  1433  295
14  0  2  5  318  100  375  2067  274
23  2  2  4  509  412  345  1532  354
22  2  0  0  1493  1324  1046  1064  240
21  1  1  2  188  113  173  2207  335
23  3  3  7  469  558  163  1519  259
22  1  2  5  1297  822  1077  1249  209
20  2  1  2  672  542  421  1534  230
14  0  1  2  413  200  393  1993  287
16  0  0  1  725  333  795  1626  223
21  2  3  7  814  766  461  1506  346
16  0  0  0  1275  490  1507  1284  306
14  1  1  3  1155  667  1074  1168  241
14  1  2  5  304  177  300  1807  246
16  2  2  4  1618  1136  1103  995  346
21  1  0  0  1307  690  1284  1121  240
22  2  0  0  1077  931  768  1342  271
17  3  0  1  1114  1256  395  1267  282
14  0  2  4  568  256  583  1854  207
23  3  1  3  241  276  115  1774  379
14  1  1  3  481  297  425  1690  312
16  0  2  5  106  48  106  2543  323
22  0  1  3  656  230  776  1731  314
17  1  1  3  235  167  190  2081  236
15  1  3  6  449  317  394  1813  242
22  2  0  0  240  210  147  2100  200
15  0  2  4  550  269  615  1693  328
20  2  0  1  364  328  199  2037  296
14  0  0  1  394  154  415  2076  292
20  2  3  7  969  868  524  1403  256
20  0  1  3  175  79  189  2596  290
21  2  2  4  437  378  282  1807  283
16  1  0  1  97  70  86  2531  157
16  3  0  1  639  641  352  1544  283
16  0  1  2  889  277  1064  1660  304
21  2  0  1  171  151  91  2470  339
23  1  0  1  587  297  595  1644  289
20  2  0  0  465  334  331  1882  298
20  0  3  6  178  53  215  2269  318
16  2  1  3  127  105  74  2284  311
20  0  0  1  217  83  242  2719  175
17  3  0  1  1671  1813  664  994  327
21  2  0  0  113  91  82  2266  227
17  2  0  0  668  609  367  1527  320
20  0  2  4  267  107  299  2322  208
22  0  3  7  1205  510  1296  1237  271
22  0  2  4  841  381  933  1631  281
15  0  2  4  735  288  897  1533  324
23  3  0  0  458  450  221  1595  298
17  3  3  6  1282  1232  704  1178  157
16  1  2  5  389  211  355  2010  267
14  0  2  5  590  257  618  1610  286
17  3  1  3  1289  1458  531  1115  383
15  2  0  1  362  306  212  1952  109
17  0  1  2  146  66  170  2172  168
20  0  1  2  1174  414  1396  1471  325
23  0  3  7  157  72  162  2043  249
15  2  1  2  1864  1477  1205  871  282
21  1  2  4  753  514  595  1495  319
17  1  0  1  1042  695  821  1474  233
21  3  1  2  571  698  191  1547  334
21  0  1  2  704  332  764  1567  302
16  1  0  0  320  215  285  2082  271
17  1  3  6  227  138  202  2402  238
17  0  0  1  879  440  899  1619  253
23  1  2  5  897  507  923  1366  258
16  3  0  1  242  286  87  2327  354
21  1  1  3  77  51  61  2355  313
15  2  0  0  389  366  195  1909  150
21  2  1  3  803  630  611  1582  168
15  2  0  0  2612  1923  1849  771  324
22  3  0  1  412  510  164  1635  314
23  0  1  2  1241  571  1296  1156  278
17  1  0  0  759  498  604  1563  273
15  2  3  6  557  486  363  1621  255
22  0  0  0  389  220  400  2235  361
23  0  3  7  276  99  318  1952  292
23  3  1  3  744  848  315  1201  210
23  0  1  2  779  238  921  1464  231
22  3  3  7  253  253  133  1894  248
16  2  0  1  1007  876  615  1270  334
15  0  2  5  727  233  947  1591  334
14  3  1  2  171  188  69  2089  256
14  1  3  6  1174  661  1211  1278  322
21  1  0  0  537  311  494  1636  323
15  0  3  7  724  256  898  1684  342
21  3  2  5  379  382  174  1976  351
23  2  0  0  459  425  256  1467  318
22  2  0  0  295  256  191  1623  334
22  2  1  3  1138  1040  697  1279  324
22  1  2  4  487  324  391  1863  178
21  0  2  5  557  240  583  1859  313
15  2  2  4  103  85  66  2146  220
16  1  0  1  1287  871  1131  1167  201
22  3  1  2  788  939  336  1307  328
17  0  2  4  816  264  1017  1368  294
22  1  3  7  335  184  289  1923  316
17  2  0  0  117  87  85  2444  152
21  0  3  7  872  268  1060  1702  270
16  0  2  5  299  111  327  2261  222
15  2  1  2  2254  1704  1542  756  218
22  1  2  5  1380  967  1055  1205  254
21  0  3  6  782  284  902  1833  279
22  1  0  0  2202  1287  1981  971  239
20  1  3  7  487  246  483  1951  271
16  1  2  4  1127  684  955  1224  347
21  2  0  1  1306  1188  794  1017  285
15  1  3  7  666  476  575  1521  275
16  3  3  6  218  239  91  2331  337
22  0  2  4  361  122  443  2331  241
15  2  3  7  313  244  230  1997  298
17  3  3  6  1800  1925  784  931  259
16  2  0  1  193  165  123  2236  304
22  1  0  0  381  220  353  2201  217
16  2  1  2  626  459  448  1653  293
21  1  1  3  1552  768  1632  1172  287
21  0  1  2  250  110  274  2129  322
20  2  2  5  305  236  195  1878  321
23  1  2  5  1165  615  1123  1072  324
17  2  0  0  653  596  350  1580  235
16  0  3  7  312  137  314  2227  331
23  3  2  5  907  1058  344  1044  275
17  0  1  3  2499  932  3110  752  340
15  1  2  5  476  244  540  1776  295
22  1  1  3  1103  671  957  1247  245
14  0  3  6  1191  553  1254  1420  326
20  2  2  4  788  716  434  1416  189
21  2  1  3  225  184  163  2338  236
16  2  2  5  294  239  162  1938  285
22  1  1  3  713  489  565  1496  337
14  3  0  1  352  392  127  1750  339
20  1  1  2  589  335  566  1920  320
23  2  3  7  978  811  642  1061  202
15  2  1  2  191  160  110  2133  289
21  3  1  2  536  564  240  1659  284
17  0  2  4  506  182  601  1707  205
15  2  3  7  1642  1351  1146  958  302
23  3  1  2  206  226  97  1817  269
21  1  3  6  662  411  571  1762  194
17  3  0  1  94  107  31  2601  318
16  1  0  1  156  120  117  2312  151
20  1  3  6  1272  853  1039  1077  292
15  2  0  1  921  827  496  1348  320
14  0  1  2  277  90  301  2405  129
16  1  2  4  687  416  578  1535  192
14  1  1  2  406  281  328  1876  192
17  2  1  2  364  277  276  1804  294
22  1  3  7  1489  767  1345  1069  255
20  2  2  4  219  162  165  2175  293
21  1  0  0  905  515  847  1387  267
20  1  3  6  565  417  436  1476  197
23  3  1  2  627  703  288  1284  270
21  2  2  5  1423  1267  849  1044  295
16  1  2  5  410  246  351  1947  224
21  0  0  0  1222  378  1514  1264  306
14  1  1  2  180  108  163  2288  317
23  2  1  2  298  268  182  1952  343
22  1  2  5  1029  633  882  1406  331
23  0  0  1  1034  345  1263  1403  323
21  1  1  3  123  75  110  2533  241
14  1  2  4  639  404  602  1584  289
14  1  1  3  651  412  569  1508  362
16  3  1  2  1203  1222  616  1109  345
20  1  1  3  550  337  503  1865  307
15  1  3  6  598  436  507  1608  247
14  1  1  3  1193  653  1153  1157  203
21  3  0  0  619  591  338  1524  225
14  2  0  0  560  496  291  1530  298
21  2  3  6  202  203  101  2374  263
23  3  2  5  321  333  167  1620  311
21  0  2  4  744  358  745  1628  284
17  0  0  1  638  249  729  1915  135
21  0  3  6  2538  1226  2603  881  324
20  0  2  4  115  30  146  2560  305
22  1  0  0  713  397  664  1835  328
21  1  2  5  943  476  917  1502  318
14  0  1  3  1015  391  1045  1428  300
16  3  0  0  345  360  171  1850  323
16  0  2  4  342  142  355  2119  317
22  1  1  2  795  528  655  1471  346
16  1  1  3  207  104  209  2241  316
16  2  3  6  828  612  576  1540  243
22  2  2  4  1701  1421  1220  946  303
16  0  0  0  1205  504  1376  1284  210
22  2  2  5  300  238  229  2141  239
17  0  1  2  674  316  773  1532  332
23  2  2  5  1547  1397  891  809  234
20  1  2  4  614  388  552  1702  238
23  3  2  5  922  934  494  1073  305
20  1  3  7  296  218  217  2127  307
21  1  3  6  1067  680  900  1369  224
15  0  0  1  1531  493  1830  1231  358
17  0  0  0  344  159  363  2131  338
17  1  0  1  233  152  186  2382  247
22  0  0  0  1289  608  1398  1361  264
22  1  2  4  1499  782  1436  1155  217
21  1  3  6  812  439  775  1714  300
23  3  2  5  179  208  67  1882  332
16  0  2  5  1251  358  1497  1329  331
14  0  1  3  301  102  321  2272  218
17  1  2  4  1003  526  969  1275  190
16  1  2  5  211  124  181  2234  277
22  3  3  7  694  672  384  1353  332
14  1  2  5  217  160  177  1909  182
17  1  0  1  95  54  82  2711  155
20  1  1  3  1284  840  1122  1195  334
20  0  2  5  1184  509  1335  1216  286
23  2  2  5  924  682  696  1073  262
15  0  3  7  265  121  306  2252  335
17  3  0  0  770  791  352  1396  228
21  0  0  1  1024  312  1284  1382  338
16  2  0  1  1536  1168  1117  1017  339
23  0  2  4  1640  539  1936  1021  223
21  1  0  1  336  232  273  1872  353
20  1  1  2  766  544  630  1621  205
17  1  0  0  325  215  254  1969  158
20  2  0  0  382  279  269  1984  230
20  1  3  6  837  507  744  1341  334
16  3  0  1  465  500  216  1729  136
20  0  2  4  113  37  139  2635  300
20  0  1  2  881  374  991  1663  180
22  3  2  4  207  236  83  2079  307
22  1  2  5  580  332  531  1874  311
16  0  2  4  919  312  1040  1508  339
21  1  3  7  172  111  145  2433  305
21  0  1  3  960  288  1239  1727  290
21  0  2  4  531  190  597  1976  271
16  0  3  7  2220  1074  2203  844  303
20  1  0  0  1592  862  1518  1083  123
21  2  0  0  240  223  120  1888  308
22  1  2  4  1396  778  1285  1178  320
22  0  1  3  458  160  545  1969  215
20  0  0  0  555  277  563  1887  231
16  2  3  6  1043  786  694  1382  255
21  1  3  6  1822  950  1768  1100  355
14  0  3  6  699  345  697  1794  209
22  1  3  6  152  90  124  2246  296
23  1  1  2  1022  551  986  1239  316
22  1  3  6  710  473  524  1557  126
21  1  3  6  700  502  537  1741  265
21  1  0  0  876  526  794  1326  280
21  3  2  4  1034  971  545  1240  160
22  0  2  5  231  99  257  2454  134
15  2  1  2  627  481  430  1576  208
16  3  3  7  912  898  470  1324  331
23  0  2  4  355  109  429  2097  258
20  2  2  4  278  226  169  2025  339
21  1  2  4  242  130  224  2264  261
14  3  1  2  973  1025  430  1173  308
21  1  1  3  370  198  368  2162  159
23  0  2  4  160  47  189  2360  168
21  2  1  2  170  129  138  2158  294
16  3  2  5  1151  1069  590  1127  338
23  3  0  0  378  376  218  1475  141
14  3  0  1  351  408  100  1804  338
21  1  3  7  450  277  389  1987  250
16  1  2  5  493  295  421  1795  217
17  1  0  0  94  69  70  2385  306
22  0  3  6  1501  694  1558  1065  222
16  2  0  1  496  408  315  1769  293
16  1  0  0  673  446  601  1549  326
21  2  1  2  649  521  476  1490  339
20  1  2  4  673  476  541  1539  306
21  0  1  2  474  199  542  1772  319
15  3  3  6  492  520  260  1578  303
15  2  2  5  511  426  334  1584  314
17  0  3  6  83  43  87  2651  226
15  0  2  5  559  279  619  1736  316
14  3  0  1  262  275  110  1922  320
22  0  0  0  939  360  1097  1807  201
20  2  1  3  180  135  129  2371  282
23  3  1  3  277  334  96  1713  323
20  2  2  5  438  340  306  1751  333
21  0  2  4  81  36  78  2571  331
22  0  3  6  720  244  842  1698  256
22  0  2  4  481  210  535  1947  212
17  3  1  2  237  272  99  1931  171
14  0  1  3  1243  429  1342  1326  208
14  2  2  4  443  326  333  1718  231
21  3  0  1  651  697  268  1497  175
21  0  2  5  293  108  332  2387  320
21  1  3  6  130  87  108  2671  315
20  2  2  4  1363  995  1004  1121  285
14  0  0  1  608  273  605  1719  128
22  0  3  7  310  99  371  2127  311
21  1  2  5  248  139  213  2272  226
21  3  0  1  795  890  299  1317  251
14  3  2  5  1004  1182  391  994  277
20  1  2  5  298  189  258  1972  313
14  1  0  1  537  304  515  1750  183
17  1  1  2  621  394  547  1676  330
20  1  1  3  269  184  223  2265  318
20  1  2  5  1099  627  1041  1184  335
20  2  3  6  155  122  113  2182  240
20  0  3  6  401  153  458  1915  261
16  2  3  6  358  287  221  2114  168
22  0  3  6  457  194  485  1916  349
21  0  0  0  1751  786  1891  972  144
23  1  1  3  1686  1024  1503  890  334
23  0  0  0  296  146  308  1931  309
21  2  0  1  1454  1160  1057  953  217
17  3  0  1  481  458  255  1872  286
17  2  1  3  629  579  381  1468  330
23  0  0  0  917  289  1104  1667  347
21  2  3  6  675  528  495  1716  295
20  2  1  2  151  114  109  2432  326
14  1  1  2  465  314  389  1812  296
16  0  0  1  566  235  644  1897  348
22  1  3  6  707  383  620  1639  194
17  0  0  0  93  30  113  2660  201
16  3  1  3  1130  1194  533  1112  280
22  0  0  0  536  183  650  2153  145
21  1  3  7  1041  547  1007  1414  255
22  1  3  6  1590  1028  1214  1008  241
14  0  0  1  530  155  622  2018  259
23  2  2  4  148  137  82  1988  277
17  0  2  4  182  76  210  2151  310
20  0  0  0  890  289  1078  1675  252
21  0  1  2  350  141  402  1972  336
15  3  2  4  405  421  205  1640  259
14  1  2  5  180  101  185  2009  327
16  0  1  3  935  323  1086  1510  254
16  1  0  0  489  273  496  1992  249
16  1  1  2  514  361  421  1773  323
21  0  2  5  332  146  339  2224  325
16  3  0  1  1028  1131  453  1213  192
21  1  2  4  1074  556  1022  1304  328
20  1  0  0  408  238  372  2002  316
21  1  1  2  359  206  341  1921  338
15  2  1  2  344  257  245  1916  177
16  3  2  5  570  565  252  1598  328
21  1  3  6  609  372  530  1912  302
21  0  3  6  125  47  139  2738  311
20  2  0  1  210  171  128  2335  347
21  2  3  7  636  511  457  1666  314
14  0  1  2  675  300  655  1681  322
16  0  1  3  425  173  460  1989  286
16  2  2  4  635  546  323  1541  268
15  0  1  3  856  279  1026  1585  290
23  3  1  3  430  481  195  1535  218
21  1  2  4  85  42  81  2499  317
15  2  3  7  1180  920  874  1199  341
20  0  2  4  2064  899  2314  924  323
22  1  3  6  749  504  555  1498  209
20  1  0  1  651  391  580  1750  306
14  3  0  1  1009  1121  360  1134  216
15  1  0  1  715  532  539  1609  287
16  1  3  7  284  199  217  2126  178
16  2  1  2  662  511  447  1586  314
23  0  1  3  748  317  817  1504  318
14  1  1  3  439  311  348  1824  348
20  1  0  1  408  231  373  2125  193
21  3  0  1  486  497  233  1640  226
17  1  1  2  433  318  344  1728  286
21  2  2  4  157  110  110  2276  279
16  0  2  5  298  98  342  2238  331
20  1  1  3  622  397  558  1787  195
23  0  2  5  2404  892  2721  719  311
20  1  1  2  2457  1825  1940  806  193
14  1  3  6  553  397  468  1800  226
23  0  0  1  244  71  309  2300  151
22  1  1  3  495  321  404  1763  226
15  3  3  7  317  362  143  1839  400
15  0  0  1  1552  540  1803  1189  294
23  2  2  5  335  269  225  1591  367
23  1  1  2  1831  1098  1645  804  306
17  3  0  1  417  430  191  1996  141
20  2  1  3  1475  1365  837  1063  336
21  2  1  2  507  407  371  1661  138
15  0  3  6  608  204  767  1701  340
20  0  1  3  143  60  166  2668  196
22  1  3  7  88  42  81  2409  254
22  0  0  1  723  384  754  1590  174
23  3  1  3  171  188  76  1906  293
20  1  0  1  1124  664  1012  1424  254
20  0  3  6  1056  508  1107  1245  224
21  1  3  6  1072  718  873  1446  303
20  1  0  0  1433  1015  1106  1082  320
23  1  2  4  856  432  845  1354  221
20  0  0  1  375  171  401  2267  257
21  2  2  4  1907  1424  1425  873  344
17  0  2  4  369  149  434  1825  297
16  0  3  6  930  292  1092  1657  273
20  0  0  1  624  268  684  1968  218
15  2  0  0  1259  917  903  1193  337
16  3  1  3  1530  1743  595  936  285
20  2  0  1  106  74  81  2564  267
23  0  3  7  514  231  541  1622  280
15  0  2  5  782  327  933  1495  298
16  0  1  2  278  116  294  2248  310
23  3  0  1  253  274  122  1804  192
17  2  3  6  451  410  259  1920  248
14  1  1  2  417  273  357  1911  212
17  1  3  6  381  234  331  2085  282
16  3  3  6  1362  1339  698  1107  340
20  2  2  4  137  102  97  2296  329
16  0  3  7  888  336  974  1582  235
14  1  0  1  328  182  316  2012  180
14  1  2  4  703  414  688  1560  317
17  2  1  3  400  301  313  1866  274
15  1  2  5  900  542  875  1348  209
20  1  0  0  877  543  756  1441  216
17  0  0  0  243  74  303  2324  311
22  3  3  6  565  621  237  1463  334
20  1  0  1  588  317  560  1912  351
15  1  1  3  2199  1523  1777  820  309
16  0  3  7  1533  728  1537  1087  341
20  0  1  3  943  459  996  1554  321
16  0  3  7  557  272  548  1839  285
17  3  0  1  896  966  358  1464  269
16  3  3  6  827  906  328  1492  326
17  3  3  6  781  772  407  1519  239
15  1  3  6  269  195  232  2069  165
23  0  0  1  315  120  357  2085  314
22  0  0  0  323  104  402  2495  229
23  3  0  1  1019  1036  568  1047  188
23  1  1  3  148  95  132  2110  366
15  0  2  5  818  389  920  1433  319
15  2  0  1  1190  1053  658  1164  287
22  1  2  5  357  226  295  2115  114
14  0  0  1  721  323  714  1561  205
22  0  1  2  602  241  695  1868  321
14  2  2  4  494  402  333  1689  303
22  2  0  1  2351  2125  1600  723  320
16  0  3  6  1714  508  2033  1188  323
20  1  3  6  719  377  698  1493  140
20  0  1  3  445  138  585  1919  330
15  2  3  6  535  431  380  1652  200
23  1  2  4  447  254  407  1664  271
23  2  1  2  688  603  431  1289  339
15  0  1  3  538  245  572  1826  265
16  3  2  4  870  923  333  1330  320
22  1  1  3  817  449  755  1453  208
20  0  1  3  628  321  650  1872  231
21  1  1  2  487  319  407  1791  323
20  2  0  1  676  588  375  1596  320
15  0  1  3  987  392  1107  1434  332
21  0  2  5  1270  491  1462  1308  278
15  1  0  0  788  442  746  1591  289
14  1  1  2  751  492  644  1508  283
16  2  3  7  793  683  439  1449  378
22  1  0  1  874  490  792  1644  332
14  3  0  1  203  200  98  2055  237
15  2  3  7  752  722  416  1407  283
14  0  2  4  1176  603  1136  1261  155
16  1  3  6  802  579  606  1584  331
15  0  1  3  1061  294  1325  1430  184
22  0  3  6  410  127  494  2096  315
14  3  0  0  335  323  169  1748  368
14  0  2  4  461  197  481  1994  307
20  1  1  2  567  409  454  1591  217
23  3  1  2  920  978  464  1042  256
23  1  1  2  264  143  266  2037  315
20  1  1  2  577  345  538  1906  176
17  3  1  3  547  657  191  1587  319
21  0  3  7  1231  388  1481  1387  240
16  2  1  2  240  189  152  2143  269
22  0  1  3  639  237  746  1679  262
20  2  3  6  2292  2070  1211  692  334
15  1  2  5  758  408  797  1476  173
14  0  1  3  830  228  947  1581  248
17  1  0  0  652  391  551  1642  256
22  1  3  6  393  197  365  1977  281
15  2  0  0  1721  1423  1049  963  344
20  1  1  2  565  390  477  1843  244
22  1  0  0  427  297  338  2031  306
16  3  0  0  476  472  264  1733  302
21  0  2  4  1135  337  1376  1435  269
17  3  3  6  473  530  183  1884  267
15  0  0  0  233  102  253  2397  353
17  0  2  4  1267  529  1351  1326  360
16  3  0  0  1207  1267  596  1077  233
16  2  2  4  2431  1894  1455  737  258
16  1  3  7  623  443  483  1639  234
20  0  2  5  227  101  252  2167  360
17  1  2  4  395  215  370  1787  236
22  0  2  5  239  116  253  2456  241
17  2  3  6  668  618  364  1631  210
22  3  3  7  549  589  241  1508  307
21  3  0  0  1382  1331  731  1016  337
16  0  0  0  426  205  455  1955  272
21  0  1  2  661  275  761  1579  198
17  0  1  2  1170  573  1303  1188  250
21  1  1  2  484  301  439  1732  255
20  0  1  2  1173  460  1343  1436  281
20  2  3  6  1100  989  590  1116  252
21  0  2  4  708  278  787  1619  288
23  2  2  4  79  68  51  2135  258
16  1  3  7  241  133  228  2237  306
17  3  1  2  249  303  84  1918  285
15  0  2  5  423  161  507  1936  265
20  1  2  4  156  109  124  2320  222
20  2  1  3  496  382  331  1637  405
20  0  3  6  189  81  203  2151  325
22  3  1  2  789  958  323  1299  326
22  1  2  5  312  202  250  2221  174
17  1  1  3  719  517  576  1478  320
15  1  0  1  1432  1046  1101  1131  349
21  1  0  0  437  231  431  1828  320
16  0  3  7  1078  424  1170  1347  251
16  0  3  7  1473  441  1750  1188  292
20  0  2  4  1691  527  2094  1108  268
15  3  3  6  326  359  160  1811  210
17  1  1  2  555  405  442  1604  159
15  2  1  3  460  328  341  1790  345
21  1  2  5  158  82  144  2427  213
15  0  0  1  1054  401  1183  1445  316
20  1  2  5  240  119  251  2138  312
20  0  1  2  189  71  218  2660  300
14  0  2  4  274  140  267  2200  143
22  3  3  6  231  270  74  1968  412
20  1  2  5  1525  928  1388  973  232
15  1  0  1  552  346  485  1826  226
17  1  2  4  214  111  207  2121  218
16  1  1  2  802  445  772  1542  267
20  1  0  0  109  65  92  2585  261
22  1  3  7  1342  651  1258  1111  169
17  3  3  6  707  720  344  1568  278
21  3  0  1  284  314  115  1960  287
21  1  3  6  425  274  355  2091  250
20  1  2  4  938  645  781  1342  331
23  0  3  7  805  260  980  1704  276
14  1  0  0  370  262  297  1829  321
23  2  2  4  529  458  329  1520  259
20  2  3  7  995  728  710  1377  321
21  3  3  7  616  629  287  1704  333
22  1  2  5  432  249  385  2061  267
15  2  0  1  591  419  439  1739  304
17  0  1  2  919  335  1148  1409  332
22  0  0  0  795  404  834  1754  285
22  1  1  2  148  80  144  2393  336
20  2  1  3  793  579  574  1454  255
15  2  2  4  246  173  193  2004  159
17  0  3  6  660  240  797  1891  321
14  2  2  5  1166  908  827  996  321
17  0  1  2  1106  464  1319  1258  244
22  0  3  6  206  88  220  2273  308
16  2  2  5  1127  835  726  1190  280
21  0  1  2  688  245  797  1775  307
20  2  2  5  1264  977  881  1092  329
20  0  1  3  471  153  576  2178  323
20  1  2  4  1132  713  1003  1213  276
22  0  2  4  710  312  791  1719  183
23  2  2  4  623  536  379  1395  165
20  2  1  2  959  826  603  1414  293
21  0  3  6  777  309  873  1806  315
17  1  3  6  365  210  336  2149  248
23  3  2  5  883  1003  357  1109  198
16  3  2  5  441  420  217  1772  326
21  1  3  7  247  164  201  2269  313
15  3  2  5  765  749  445  1301  204
21  1  1  2  838  468  772  1492  253
16  2  0  1  1489  1180  1033  1060  263
23  1  1  3  1217  697  1141  1072  326
17  0  1  2  126  58  141  2315  235
14  1  1  3  568  418  444  1607  246
22  0  1  3  663  290  731  1747  304
20  0  2  5  2105  911  2347  837  277
23  1  2  4  420  242  378  1763  308
23  2  1  3  377  310  243  1599  335
23  3  1  3  1499  1634  703  818  260
20  0  3  6  744  314  820  1543  274
14  1  2  5  1232  913  1022  1007  344
16  0  0  1  398  146  480  2216  310
22  3  0  1  1297  1616  499  986  271
17  2  1  3  256  220  160  1990  270
14  3  0  1  1025  1101  405  1113  316
16  0  1  2  181  49  222  2538  233
15  2  1  2  1405  1138  884  1037  324
21  1  2  4  298  153  289  2089  313
15  1  1  3  479  324  371  1834  243
17  0  1  2  1877  863  2156  888  204
20  2  1  3  292  253  174  2149  263
21  2  2  4  991  870  617  1268  298
15  0  3  7  651  327  702  1703  307
16  1  2  4  565  335  491  1723  335
17  3  0  1  747  721  386  1591  196
23  2  1  2  1109  912  746  1321  258
22  0  0  1  609  245  695  1734  332
14  1  3  6  1352  1000  1133  1158  308
15  2  2  4  1178  1023  742  1042  330
15  1  2  4  2074  1439  1830  781  192
21  0  3  6  2705  1169  2924  833  320
15  0  0  0  649  234  743  1862  338
22  1  0  0  844  548  711  1662  199
22  1  2  5  1506  781  1441  1201  309
21  1  1  2  257  141  255  2054  309
22  0  3  6  347  85  433  2215  265
17  0  0  0  403  138  477  2041  169
22  1  3  7  523  339  400  1644  256
21  2  0  1  303  223  235  1862  164
15  1  1  3  204  107  196  2333  232
15  0  3  7  206  74  260  2429  296
14  0  1  2  1687  501  1898  1158  311
23  3  1  2  460  510  205  1452  292
20  0  3  6  489  235  505  1723  261
20  1  3  6  409  256  355  1773  221
17  3  0  1  263  292  96  2247  233
15  1  2  4  507  315  485  1651  281
14  1  2  5  1556  1127  1316  857  338
21  1  0  1  426  259  375  1801  329
20  1  0  1  764  437  701  1713  325
17  1  3  6  304  211  239  2184  261
23  2  1  3  1093  977  659  1053  287
20  2  2  5  523  395  380  1673  275
20  0  0  1  754  377  757  1768  282
22  1  1  3  1623  1001  1394  1002  259
20  1  1  3  333  188  323  2226  311
20  1  1  2  572  382  490  1850  252
15  1  2  4  1139  691  1114  1140  319
23  3  2  4  204  213  103  1885  258
14  0  2  4  1106  378  1257  1367  236
20  1  2  4  474  324  391  1848  234
16  3  2  5  513  492  243  1658  321
22  1  3  7  568  310  493  1643  312
17  0  1  3  602  240  740  1728  265
14  0  3  6  2670  1070  2990  889  336
15  1  0  1  473  300  408  1938  275
16  3  2  5  826  816  373  1323  302
17  1  1  3  493  256  503  1829  302
22  2  0  1  1900  1603  1407  851  308
23  1  1  2  305  180  274  1870  244
17  2  0  1  224  198  130  2382  312
20  2  2  5  249  206  153  1987  229
16  2  0  0  472  380  318  1797  325
17  3  0  0  539  592  211  1644  268
22  3  3  7  468  515  196  1560  204
22  0  1  3  456  230  470  1890  287
16  1  2  5  444  234  419  1871  321
16  3  1  3  653  650  345  1494  227
15  1  3  7  907  642  793  1351  223
22  1  1  3  136  75  123  2342  240
22  1  1  2  323  195  276  2025  318
21  0  3  6  682  221  811  1929  333
17  1  2  4  786  524  639  1331  295
21  2  0  1  529  416  396  1590  315
22  0  3  6  1273  571  1342  1248  216
20  1  0  1  323  169  317  2331  295
21  1  2  4  174  91  163  2334  253
16  0  3  7  1536  733  1539  1107  242
16  3  2  5  561  552  251  1616  242
23  2  1  2  1144  940  769  1017  294
21  1  2  5  217  108  208  2373  329
23  0  1  2  986  295  1208  1393  295
22  1  2  4  1681  901  1569  1061  134
23  0  0  1  2383  1002  2655  816  176
20  2  1  3  472  386  314  1867  284
21  0  2  4  749  363  727  1612  211
15  2  0  0  1451  1249  840  1090  334
15  1  0  1  337  236  274  2156  254
22  0  3  7  580  245  641  1672  337
17  1  1  2  735  515  595  1432  220
17  3  0  1  186  190  87  2354  222
21  3  0  0  184  184  82  2176  255
21  2  0  0  688  580  470  1456  270
17  2  0  1  621  482  421  1818  249
17  0  3  6  2697  1156  3067  810  317
21  0  3  7  190  96  191  2493  224
17  1  3  6  882  614  687  1505  316
16  0  1  3  366  153  394  2080  170
16  0  2  4  285  82  333  2412  265
15  2  3  7  983  861  633  1283  226
16  0  2  5  217  98  216  2270  289
14  2  1  3  382  269  268  1866  301
20  2  1  2  675  570  431  1702  299
21  1  2  4  461  254  429  1874  188
22  1  1  3  902  531  808  1396  318
14  0  1  2  724  304  725  1658  174
14  3  0  0  649  703  248  1388  329
22  3  2  4  1039  1137  428  1107  303
21  1  0  0  478  279  439  1782  313
21  2  1  3  500  368  358  1763  333
22  3  2  5  2296  2213  1172  786  213
15  0  1  2  903  400  976  1482  292
20  0  3  7  359  154  391  2216  363
15  2  0  0  935  828  520  1367  258
17  0  0  0  1750  748  1936  1011  270
20  1  1  3  1010  647  903  1407  144
23  1  0  0  607  389  534  1404  208
20  0  2  4  1211  590  1271  1263  140
22  2  2  5  494  396  369  1851  262
21  0  3  7  1345  446  1595  1301  144
23  3  2  5  728  779  344  1150  276
23  0  2  5  819  338  892  1318  272
23  3  2  5  290  330  118  1681  333
17  3  0  1  338  346  157  2109  172
15  2  2  5  229  205  136  1954  202
14  1  1  2  1710  1196  1383  929  149
23  1  2  5  453  251  421  1571  299
15  0  0  1  261  84  305  2443  321
21  2  0  1  280  266  151  1902  285
22  1  1  2  1037  557  969  1344  241
16  0  2  5  497  180  545  1995  282
17  2  3  6  1150  898  806  1295  219
16  0  1  3  453  204  479  1970  257
22  3  3  7  291  313  125  1789  287
17  2  1  2  98  97  55  2203  313
16  0  3  6  2104  826  2296  996  303
14  2  3  6  340  237  257  2123  231
16  2  2  4  655  494  411  1561  249
20  2  0  0  100  63  78  2503  347
20  0  2  5  1100  474  1220  1244  208
14  3  1  2  840  947  325  1261  307
16  3  1  2  363  427  124  1880  362
21  3  0  1  122  117  59  2183  223
15  2  1  2  1193  940  768  1119  242
17  1  2  4  131  60  130  2151  197
14  1  3  6  1497  1003  1382  1083  221
15  2  1  3  876  726  532  1367  153
21  0  2  4  1521  446  1847  1194  339
14  1  1  3  791  453  744  1458  330
16  0  1  3  1339  498  1516  1196  195
17  3  0  0  305  284  168  1986  271
17  0  3  6  200  61  255  2602  181
14  3  0  1  326  367  108  1811  290
14  1  1  3  584  411  470  1582  269
16  2  3  6  1065  856  699  1331  238
20  2  1  2  492  400  334  1860  311
21  1  0  1  814  514  709  1372  295
21  3  0  1  1372  1412  637  1018  279
20  2  1  3  682  653  364  1623  230
21  0  2  4  376  134  430  2188  331
17  2  0  1  925  750  598  1507  251
21  0  2  4  315  88  386  2243  276
15  1  0  1  599  342  557  1827  236
23  2  1  2  269  230  168  1779  319
16  0  2  4  735  260  819  1707  318
21  3  2  4  982  1039  407  1230  283
17  2  0  1  1481  1296  862  1109  294
23  3  1  3  675  691  357  1236  278
15  0  3  7  618  262  777  1824  312
17  0  0  1  594  196  720  2021  227
16  0  0  0  391  187  418  2007  343
23  1  1  2  178  81  189  2071  125
23  1  0  1  275  151  269  2035  265
22  0  3  6  220  93  235  2285  273
20  1  0  1  167  107  134  2468  318
16  1  1  2  465  273  430  1858  304
22  0  3  7  381  131  440  2050  202
14  0  2  5  1350  421  1585  1165  196
14  0  2  4  801  257  934  1718  260
23  2  2  5  435  347  298  1493  322
17  3  1  2  388  441  161  1716  314
23  1  1  3  314  176  287  1888  269
21  0  1  2  1308  465  1601  1225  224
22  1  1  3  398  267  321  1835  240
20  1  1  3  838  585  691  1491  141
20  1  0  1  291  185  248  2265  233
23  2  2  5  130  102  94  1941  310
22  0  1  3  333  135  386  2084  217
17  0  3  6  759  266  930  1751  230
21  1  3  6  1443  801  1352  1213  262
21  0  0  1  753  238  929  1551  331
15  0  2  5  1797  726  2157  956  323
16  1  1  3  588  328  570  1693  293
21  1  3  6  980  662  799  1431  320
20  0  2  4  840  246  1061  1593  233
23  0  1  3  617  196  745  1700  298
15  1  0  0  1282  710  1230  1231  229
17  3  2  4  262  256  133  1831  207
15  1  2  5  1401  938  1276  1022  240
16  3  2  4  458  492  165  1766  323
20  0  2  5  451  218  481  1829  309
15  1  2  5  1195  619  1281  1184  308
15  1  3  7  165  126  132  2311  296
21  0  3  6  914  395  985  1624  373
21  0  2  4  611  294  625  1759  252
21  0  1  2  1085  431  1273  1299  321
23  3  2  5  263  280  131  1653  316
20  1  2  5  825  595  658  1391  241
14  1  0  1  757  429  723  1484  331
15  1  1  2  445  254  416  1869  306
21  0  1  3  366  175  398  2230  290
14  0  1  2  1483  444  1660  1256  296
21  3  1  2  668  632  373  1476  272
15  2  2  4  745  598  518  1334  309
15  2  2  5  769  586  575  1368  314
14  0  1  2  372  141  383  2107  307
22  0  0  0  534  218  612  2104  318
22  0  1  2  878  326  1027  1548  203
15  2  1  2  1137  914  722  1160  259
14  0  1  2  818  315  850  1644  323
20  1  3  7  1688  963  1612  1022  234
14  3  2  4  711  861  254  1359  352
17  2  2  4  1045  812  741  1131  127
16  0  0  1  423  209  438  1975  279
22  0  3  6  304  123  340  2155  177
14  3  2  4  440  489  198  1684  278
22  0  2  4  586  266  652  1820  189
15  0  0  1  1282  438  1505  1414  339
22  1  0  0  402  291  304  2089  123
14  0  0  1  366  133  404  2201  244
14  0  2  5  1616  811  1584  937  175
21  1  1  2  528  305  503  1686  327
17  1  0  0  604  357  518  1698  232
14  1  3  6  1570  1080  1389  1055  251
15  2  0  1  1220  1006  752  1172  293
20  1  0  1  1338  800  1192  1247  259
17  1  3  6  946  576  824  1476  304
22  2  1  3  265  199  200  2007  274
15  0  0  0  190  58  238  2577  286
21  2  3  7  190  167  117  2317  276
14  1  1  3  216  152  171  2027  324
23  2  0  0  815  702  528  1181  265
17  1  0  1  433  297  341  2082  255
14  1  3  6  1921  1139  1915  981  333
15  1  3  6  401  291  347  1885  330
17  1  0  1  1318  808  1101  1300  317
15  3  3  7  176  203  72  2108  218
22  1  3  6  628  403  483  1606  213
17  0  0  0  879  437  906  1446  287
16  1  2  5  427  298  369  1714  281
22  2  0  1  324  258  252  1890  190
16  0  1  2  1052  322  1273  1523  318
17  0  3  6  442  219  467  2041  223
22  1  3  7  406  235  345  1843  348
17  2  2  4  676  553  448  1392  349
17  2  1  3  628  539  413  1485  217
23  3  3  7  423  470  181  1587  353
17  0  3  6  2489  1181  2707  855  309
17  3  0  1  598  628  260  1739  289
17  0  3  6  147  63  169  2583  309
23  0  0  0  598  216  706  1617  311
17  2  0  0  1792  1293  1328  968  209
20  2  2  5  747  613  489  1400  251
16  3  1  2  202  206  103  2152  318
20  2  3  7  399  369  206  1944  267
22  0  1  3  1348  431  1607  1196  168
17  1  3  6  441  310  338  1938  310
14  1  1  2  1464  844  1361  1055  336
21  3  2  4  2048  1948  1076  862  256
22  0  2  4  602  229  709  1842  291
16  2  2  4  420  292  287  1865  226
20  1  2  5  121  68  102  2221  316
16  2  2  5  891  782  441  1374  278
22  1  2  5  680  437  560  1703  285
23  3  1  3  546  606  234  1417  276
15  0  1  2  2529  1032  2798  782  348
21  1  0  1  2343  1659  1837  722  293
20  1  2  5  155  82  160  2307  172
23  0  2  4  1090  412  1234  1255  266
21  2  2  5  574  444  423  1710  187
21  1  1  2  1081  688  970  1222  327
22  1  3  7  1760  920  1573  945  267
22  0  0  1  328  120  383  2207  296
20  1  1  2  435  238  424  2133  290
22  1  2  4  741  507  579  1620  123
23  3  3  7  168  175  80  1930  146
20  2  3  7  1119  876  735  1286  304
22  1  1  3  765  467  671  1504  361
20  0  2  5  157  68  174  2387  239
15  2  0  0  518  425  318  1815  312
20  0  1  2  198  98  202  2549  254
16  0  2  4  647  241  703  1724  241
16  0  0  0  1394  498  1691  1222  342
16  2  1  2  240  189  160  2179  314
23  1  3  7  1198  668  1123  1008  293
22  1  1  3  638  371  571  1651  321
23  0  2  5  1831  726  2022  876  302
23  1  3  7  373  203  346  1742  322
17  2  0  0  370  263  274  1963  273
15  0  0  0  895  416  926  1533  323
15  0  1  2  2655  1125  2883  756  251
21  0  2  5  1028  385  1155  1475  287
20  0  1  2  1264  554  1397  1385  318
16  0  2  4  581  273  575  1767  318
21  3  0  1  545  614  184  1519  261
16  2  1  3  1472  1111  1030  1027  314
15  2  2  5  287  219  206  1888  188
17  3  1  3  59  63  29  2339  329
23  1  0  1  273  156  262  2022  299
23  1  0  1  112  67  102  2243  165
22  0  1  2  389  177  422  2103  268
16  2  1  2  84  57  69  2485  204
17  1  3  6  799  424  767  1628  299
23  1  3  6  309  215  244  1908  239
22  0  2  5  1067  413  1251  1533  217
20  1  0  1  1027  594  932  1435  251
22  3  0  1  668  813  277  1381  317
23  0  1  2  1165  558  1196  1140  196
16  1  3  6  578  312  549  1901  254
16  3  1  3  488  574  169  1684  329
17  2  1  3  1082  876  767  1207  228
20  0  1  2  206  108  217  2592  322
22  1  3  6  644  310  609  1687  256
21  1  0  1  124  84  95  2601  324
17  2  0  1  681  590  397  1721  255
21  1  2  5  1926  1094  1745  928  251
15  2  2  4  966  681  789  1261  308
14  0  1  3  468  151  514  1999  283
21  1  1  3  1087  689  965  1396  243
21  1  1  3  120  57  132  2672  266
15  2  1  3  434  312  317  1888  332
15  2  2  5  111  97  74  2155  249
21  3  0  0  471  441  267  1659  214
23  2  2  4  114  89  81  2075  296
16  0  2  5  784  324  822  1647  309
16  1  2  4  1411  888  1162  1125  229
14  0  1  3  1493  706  1409  1062  246
23  0  0  0  987  447  1068  1291  217
15  1  0  1  330  175  317  2208  334
21  2  2  4  1168  897  843  1185  329
21  0  1  2  776  353  854  1487  371
15  1  0  1  1543  1093  1211  1096  301
20  1  1  2  493  333  419  1959  302
17  2  0  1  420  295  308  1835  355
15  0  3  6  411  157  497  2004  225
22  2  3  7  659  530  403  1585  360
23  3  1  2  398  424  201  1535  313
22  0  2  5  1084  433  1262  1485  161
14  1  2  4  570  410  488  1710  289
20  1  3  6  802  540  648  1360  255
20  1  3  6  896  479  862  1321  290
20  1  2  4  597  371  546  1698  340
15  2  0  0  480  416  268  1842  230
22  1  0  1  70  39  62  2370  289
14  0  0  0  868  357  900  1454  325
20  0  3  7  683  203  844  1843  305
16  1  3  6  339  242  265  2105  266
22  0  2  4  1214  480  1416  1397  311
21  1  1  3  1388  698  1444  1289  185
17  2  3  6  488  445  275  1874  319
17  1  0  1  197  105  172  2750  216
14  0  1  3  468  135  536  1958  240
20  1  2  5  173  106  157  2150  307
16  1  1  3  1235  784  1096  1171  169
17  2  2  5  1558  1245  1069  866  326
21  1  3  6  742  427  671  1743  244
20  0  1  2  740  279  862  1822  288
15  2  3  6  528  486  308  1562  341
15  3  3  6  407  440  201  1686  339
20  2  1  3  817  768  447  1500  335
17  0  1  3  167  64  209  2396  214
22  0  3  6  699  246  822  1742  181
21  3  1  2  497  548  188  1728  220
17  1  0  1  468  292  411  1788  277
23  3  2  5  571  589  293  1303  267
14  0  1  2  633  187  714  1915  238
20  2  1  3  354  320  204  1950  346
21  3  0  1  329  331  156  1866  322
17  1  2  4  1431  782  1352  979  188
20  2  2  5  400  333  265  1731  331
22  2  0  0  731  615  548  1669  227
20  1  1  3  1542  864  1491  1147  169
16  3  3  6  970  1057  393  1364  297
21  1  3  7  827  570  646  1555  334
16  2  1  2  414  331  267  1878  263
16  1  0  0  498  298  479  1804  316
17  0  1  3  740  289  906  1537  261
20  1  2  4  671  350  663  1663  325
16  3  0  0  280  280  146  2008  115
15  2  0  1  1302  1021  853  1139  220
23  3  1  2  338  362  165  1595  220
22  1  3  6  1710  999  1423  980  210
14  1  1  3  1497  947  1317  963  291
20  0  3  6  1291  420  1564  1136  183
22  3  2  4  437  478  205  1698  325
15  1  1  3  363  248  293  1990  308
16  3  0  0  258  294  99  2028  329
23  1  0  0  959  660  769  1355  380
14  1  1  2  465  261  439  1827  114
22  2  2  4  232  198  163  2214  287
17  2  1  3  682  544  500  1498  289
15  3  1  3  598  574  323  1549  322
22  1  3  7  289  151  261  2059  312
16  3  1  3  1054  1085  526  1157  272
16  2  3  7  540  373  397  1699  325
20  0  1  2  994  498  1034  1530  154
23  0  0  1  723  232  886  1689  324
21  1  0  1  172  84  175  2175  267
23  0  1  3  690  342  689  1513  142
21  1  1  2  219  112  227  2167  228
20  2  0  0  1085  900  655  1223  319
23  0  1  3  505  220  534  1696  317
17  2  1  3  139  118  95  2203  221
15  0  0  0  426  178  459  2147  327
17  2  0  1  462  319  355  2024  283
21  1  1  3  1073  627  1024  1398  166
16  3  3  6  1137  1223  478  1252  288
21  3  1  2  84  94  28  2343  202
22  0  1  3  502  192  573  1908  333
21  2  2  4  581  430  437  1652  302
20  2  2  5  160  136  94  2054  247
16  1  2  5  571  375  454  1687  287
17  1  1  2  512  340  435  1779  263
17  2  1  2  340  268  262  1866  306
14  0  1  3  1925  797  1932  982  292
17  2  3  6  365  289  247  2106  203
21  0  3  7  1068  397  1190  1391  281
17  2  0  0  188  142  129  2202  251
15  1  1  2  646  433  543  1574  331
20  0  2  5  1043  510  1039  1180  364
15  3  1  3  293  292  142  1952  225
15  1  0  1  168  89  168  2468  308
16  3  1  3  185  214  66  2177  328
21  0  2  5  132  48  146  2593  269
20  1  2  5  74  54  63  2373  328
17  0  0  0  284  140  292  2181  314
16  3  2  5  922  995  331  1295  342
21  0  3  7  591  229  665  1886  332
17  1  2  4  313  202  265  1845  176
21  1  1  3  101  62  92  2646  361
23  1  1  3  1093  587  1049  1156  274
16  0  1  3  530  256  536  1815  331
21  2  0  0  469  377  334  1693  333
21  2  3  7  1241  971  916  1219  301
21  0  1  2  1759  675  2093  966  262
21  1  2  5  1164  785  917  1294  328
17  0  1  2  574  296  626  1627  328
20  2  3  6  2380  2125  1282  720  177
15  0  0  1  1159  431  1317  1437  287
16  0  2  5  544  239  552  1824  221
21  2  3  6  528  404  397  1891  297
23  2  1  3  638  543  410  1376  340
23  3  0  1  603  637  309  1371  161
20  0  0  0  765  267  897  1776  198
22  0  1  3  721  357  758  1543  215
16  2  1  3  961  805  572  1318  274
16  0  0  0  1488  603  1720  1147  328
21  2  3  7  1943  1612  1330  926  367
20  1  2  4  974  685  796  1349  204
15  0  2  5  694  226  900  1610  274
14  0  1  2  396  129  427  2212  318
20  2  3  6  803  625  526  1345  322
15  0  1  2  766  238  945  1668  312
16  0  3  7  1732  569  2006  1066  262
15  1  2  4  949  585  923  1247  249
20  1  3  7  148  80  137  2355  302
21  1  0  1  373  251  301  1811  303
16  0  3  6  883  319  990  1657  262
20  1  2  5  1106  584  1101  1221  335
23  0  3  7  402  137  474  1845  193
17  0  2  4  68  25  79  2292  311
16  2  3  6  1095  775  787  1373  322
20  1  0  1  456  296  378  1895  303
20  0  2  5  800  318  921  1541  221
16  3  0  1  1068  1269  377  1200  336
21  1  3  7  783  517  643  1598  247
17  0  3  6  492  176  597  2078  162
23  3  1  3  472  494  245  1476  340
22  0  3  7  1026  408  1140  1351  260
17  1  3  6  1047  723  827  1370  224
22  2  0  1  585  474  446  1589  330
23  2  1  3  65  60  35  2189  311
21  3  1  2  387  392  195  1831  285
21  2  0  0  420  342  297  1761  283
23  3  2  4  1524  1686  669  829  300
17  2  3  6  531  481  292  1811  257
22  3  3  6  234  226  124  1951  323
22  0  0  0  418  221  426  2150  320
23  0  2  4  1015  394  1141  1315  237
15  0  3  7  1366  553  1628  1202  320
17  0  0  1  2437  1019  2725  871  411
16  1  0  1  433  227  456  1964  273
20  1  0  1  847  560  702  1534  326
15  3  2  4  379  378  207  1645  325
15  1  1  3  669  414  599  1632  332
16  1  3  7  250  136  235  2282  210
21  1  0  0  412  270  345  1799  329
17  0  0  0  296  145  302  2175  403
23  3  3  7  258  313  77  1815  349
15  1  0  1  699  372  679  1669  372
17  2  1  3  760  723  436  1408  332
22  0  1  2  426  165  491  2113  350
15  0  3  7  1229  583  1373  1269  300
16  1  0  1  783  530  686  1518  188
17  1  1  2  556  375  477  1633  222
21  0  3  7  985  401  1088  1470  221
21  3  2  5  1228  1264  538  1194  336
23  0  1  2  1357  549  1501  1144  91
15  0  2  4  1227  498  1462  1162  332
17  0  0  1  513  238  545  1983  235
17  1  3  6  702  410  635  1700  198
21  0  3  6  272  100  311  2490  241
22  2  1  3  132  104  84  2330  147
21  0  1  2  606  220  742  1774  190
23  3  2  4  933  985  458  1104  303
15  1  0  1  347  255  263  2066  299
23  0  2  4  1899  732  2113  917  315
20  2  3  7  2680  1939  1932  734  346
14  0  2  5  1174  436  1319  1258  304
23  2  1  3  1187  914  915  1297  258
20  1  3  6  1024  638  894  1226  210
16  0  0  0  288  67  371  2357  289
14  3  0  1  722  802  263  1350  358
22  1  3  6  568  333  472  1692  315
16  2  0  1  620  572  344  1581  323
21  0  0  0  160  62  181  2247  345
22  0  1  3  296  157  300  2047  241
16  1  2  4  755  437  665  1495  260
21  1  1  2  561  339  512  1639  340
15  0  3  6  1831  889  2023  941  344
20  0  0  1  449  197  484  2162  377
22  3  1  2  202  253  75  1997  199
15  3  2  4  539  537  290  1474  320
14  0  2  4  1394  591  1475  1232  326
15  2  3  6  641  536  438  1530  323
20  0  1  3  897  452  924  1576  279
20  2  3  6  418  386  212  1726  327
16  3  2  5  470  520  146  1789  341
21  1  1  3  349  220  309  2223  277
21  2  2  5  307  297  171  2049  302
21  3  2  5  826  805  411  1447  287
15  2  0  0  207  180  120  2243  295
14  1  2  4  742  428  737  1543  181
16  1  3  7  493  328  406  1754  330
23  0  0  1  1496  497  1810  1145  268
21  1  1  2  941  634  801  1301  328
21  0  3  7  905  365  1003  1598  219
22  1  1  2  416  236  374  1943  321
22  1  0  0  527  279  505  2000  274
15  3  1  3  667  652  351  1478  273
23  3  2  5  480  481  265  1404  323
21  1  0  0  560  327  512  1649  326
20  1  3  6  851  442  837  1401  319
20  2  3  7  178  140  114  2358  193
15  1  2  4  201  143  169  2041  278
15  1  2  4  1282  802  1232  1057  312
15  2  3  7  182  157  119  2216  345
15  0  3  6  1059  475  1232  1304  321
16  1  0  1  260  141  261  2227  268
22  3  3  6  169  189  68  2074  240
22  0  1  3  1189  561  1271  1225  321
14  0  2  4  334  151  337  2132  309
20  1  2  5  487  248  493  1794  246
22  3  2  5  2393  2854  910  699  321
21  2  3  7  210  195  125  2339  231
14  3  0  0  2300  2433  936  661  152
22  1  3  6  1894  988  1695  930  270
15  2  3  7  493  388  361  1776  346
20  2  0  0  1581  1395  858  964  305
20  0  1  3  218  100  239  2504  331
20  0  1  3  670  236  804  1893  352
23  0  2  5  671  245  761  1513  301
16  0  0  0  826  272  1023  1730  290
22  1  0  1  894  488  832  1408  259
21  1  1  2  140  76  138  2299  335
21  0  2  4  246  80  296  2241  316
17  2  0  0  302  242  198  2065  324
15  1  3  6  693  455  645  1493  324
21  0  0  0  624  307  646  1575  302
23  2  2  5  775  587  564  1188  160
20  2  3  6  1007  791  661  1183  289
20  0  0  0  139  70  143  2582  175
15  0  1  3  1391  599  1518  1179  249
22  2  0  1  144  120  108  2196  254
16  3  0  1  335  339  177  1913  333
17  2  0  1  989  749  698  1474  328
14  1  2  5  202  144  173  1940  310
20  0  1  2  325  110  389  2505  320
17  2  1  2  989  928  578  1184  313
20  2  3  6  174  128  136  2167  314
21  2  3  6  402  388  216  2043  155
23  1  2  4  1179  607  1153  1139  324
21  1  2  4  222  136  189  2192  275
16  0  1  2  741  256  866  1710  276
22  1  2  5  491  292  427  1927  177
21  1  0  1  1073  764  904  1270  243
20  2  2  4  603  427  454  1656  290
16  2  3  7  626  450  443  1640  320
21  1  0  1  1347  783  1255  1047  243
15  0  3  7  1727  713  2048  1093  235
21  2  1  2  1300  1217  759  1094  308
21  0  2  5  105  37  115  2684  266
21  1  2  5  1666  959  1483  1028  346
16  3  3  7  961  1028  413  1274  252
15  0  1  2  2012  639  2433  955  315
21  3  3  7  1636  1698  753  1055  305
15  2  1  2  2512  2006  1602  699  236
16  1  0  1  1251  894  1048  1165  235
14  0  0  0  1316  438  1475  1305  327
16  2  1  2  768  696  420  1485  314
16  3  2  5  820  891  289  1362  277
20  0  2  5  681  276  775  1618  242
23  3  0  0  860  959  399  1058  318
17  0  0  1  885  350  1005  1639  313
22  1  3  7  95  64  68  2207  355
22  3  3  6  227  219  122  2030  244
17  1  1  3  259  183  209  2064  236
17  0  1  2  337  121  423  2001  232
16  3  2  5  423  430  175  1803  378
20  2  0  1  115  97  66  2483  174
22  2  1  2  553  441  428  1664  243
20  2  2  5  1185  1083  662  1131  280
21  3  3  6  321  317  160  2163  290
22  3  3  7  415  459  172  1652  252
23  1  1  3  418  237  394  1777  238
22  2  0  1  645  512  440  1601  323
17  1  0  1  662  398  576  1781  311
17  2  2  4  2176  1891  1327  732  289
16  0  1  2  473  232  477  1933  307
23  0  2  4  793  238  957  1564  221
14  1  3  6  198  140  174  2359  271
21  0  3  7  281  138  287  2347  325
17  2  2  4  823  683  540  1289  170
17  1  0  1  246  128  232  2446  237
21  2  1  3  786  659  556  1578  244
16  0  0  1  1568  477  1981  1173  356
14  0  2  4  388  157  423  2161  201
22  1  2  4  735  482  595  1618  321
22  0  3  7  799  368  843  1505  183
14  1  2  4  139  101  118  2308  296
22  1  3  6  335  184  292  2031  325
15  1  2  4  1616  1089  1455  908  202
21  3  0  0  468  537  156  1786  301
16  0  0  0  322  144  353  2141  328
15  2  1  3  534  385  385  1751  305
22  1  0  1  749  508  602  1444  288
22  0  0  1  1046  427  1203  1422  321
21  1  1  2  439  265  404  1818  291
15  0  0  1  517  216  585  2029  334
15  0  2  4  391  172  463  1950  257
20  1  1  2  662  471  544  1630  272
21  0  1  2  546  216  636  1732  277
17  1  2  4  1102  716  913  1134  288
17  0  3  6  136  70  141  2596  245
20  0  2  4  1184  509  1327  1292  320
21  0  3  6  798  372  829  1752  317
15  1  1  2  389  199  391  1932  332
14  1  1  3  365  203  348  1918  289
17  2  1  3  300  226  229  1969  258
22  1  0  1  688  409  632  1656  324
17  2  0  1  499  454  270  1880  217
20  0  0  0  1026  335  1230  1560  248
17  2  1  2  406  336  278  1757  333
14  1  1  2  169  104  151  2272  321
21  1  0  0  1216  808  1014  1078  292
17  0  2  5  350  130  388  1902  273
20  2  3  6  1566  1265  992  909  306
21  0  0  0  155  64  172  2288  305
16  1  2  4  504  240  498  1843  245
21  2  3  6  778  698  445  1535  284
17  1  0  0  786  470  681  1547  234
20  0  1  2  109  49  119  2779  312
17  3  1  3  1274  1385  586  1061  318
23  0  2  4  327  86  402  2102  322
23  2  3  6  1240  916  853  1283  313
20  2  1  2  1180  1030  729  1232  312
23  3  2  4  899  1079  311  1205  325
16  2  3  7  869  660  575  1387  244
17  0  1  2  2533  1242  2832  710  176
17  0  0  1  2272  1147  2326  925  288
15  1  3  7  474  259  489  1899  334
21  0  0  0  731  336  784  1488  244
21  0  0  0  828  407  864  1407  255
23  3  1  3  307  309  170  1659  213
23  1  0  0  601  381  525  1426  255
21  3  1  3  318  319  160  2111  314
21  1  0  1  806  464  757  1369  272
15  1  2  4  706  477  634  1409  320
22  2  1  2  227  209  150  2082  263
14  0  2  5  978  358  1095  1370  289
16  2  3  7  120  93  73  2311  253
15  2  3  6  733  618  486  1417  218
23  1  2  4  310  200  277  1836  226
20  1  2  4  2244  1570  1848  791  338
22  1  0  1  550  333  486  1729  342
20  0  2  5  1202  391  1476  1232  276
22  0  1  3  773  281  911  1579  300
17  3  1  2  377  381  200  1724  142
17  1  0  1  1647  852  1568  1184  201
16  1  3  7  836  607  637  1368  292
20  0  3  6  296  99  355  2042  322
17  2  1  2  310  271  204  1864  294
15  0  0  1  1204  400  1435  1375  341
16  0  0  0  673  200  792  1808  384
20  0  2  4  1210  381  1507  1365  314
21  1  2  5  1119  679  968  1269  263
22  1  0  1  144  82  128  2244  318
21  3  0  1  731  721  379  1387  241
22  1  0  1  979  710  741  1249  220
14  0  1  3  428  185  450  1937  362
15  0  1  3  823  334  919  1550  334
21  2  0  0  169  154  101  2160  327
21  1  1  3  475  249  486  2058  264
21  2  3  7  2582  2067  2004  727  328
17  0  1  2  577  312  614  1652  348
17  1  1  2  619  320  628  1591  278
16  0  0  0  299  110  322  2169  255
21  0  3  6  498  243  514  2110  309
21  0  0  0  119  53  135  2333  314
15  2  1  2  663  568  380  1507  356
23  0  3  7  578  213  661  1564  262
14  0  0  0  779  313  819  1544  166
21  0  2  5  154  34  193  2590  325
15  0  3  6  127  58  147  2421  178
21  0  1  3  1056  313  1366  1602  319
22  3  2  4  143  148  72  1955  311
14  0  2  4  1813  895  1790  995  251
22  0  1  3  508  190  594  1914  258
21  2  1  3  280  201  226  2267  229
21  2  1  3  883  815  531  1474  317
15  1  0  1  440  325  331  1860  298
20  0  2  4  970  358  1138  1518  327
15  1  2  5  303  185  293  1973  285
15  0  0  0  280  115  312  2403  321
14  3  1  3  339  371  144  1704  332
16  1  3  7  650  353  615  1681  214
16  2  3  6  599  541  309  1747  298
15  2  3  7  161  131  113  2222  254
17  0  2  4  1271  578  1409  1071  210
17  2  1  2  735  665  478  1343  192
15  0  2  5  344  138  411  2089  318
17  1  2  4  1093  592  1039  1195  296
22  0  0  0  588  311  604  1897  166
15  1  1  3  628  314  643  1682  324
22  0  2  5  433  163  518  2209  265
17  1  1  3  555  337  521  1714  335
22  0  0  1  705  285  813  1633  243
23  3  1  2  1150  1299  484  931  331
17  3  0  1  769  734  411  1681  207
16  3  3  6  188  202  76  2399  313
21  1  1  3  533  310  494  1803  199
21  0  0  1  445  163  527  1769  318
17  2  0  0  1060  806  754  1284  220
23  0  1  3  1708  667  1911  963  330
22  3  3  6  1836  1960  812  815  287
22  1  1  3  409  292  308  1850  302
23  0  1  3  678  333  680  1556  328
15  2  2  5  528  461  327  1571  291
20  0  3  7  1545  640  1714  1148  333
21  1  0  1  354  245  281  1792  321
23  3  1  3  663  740  292  1240  340
14  1  3  6  366  257  321  2099  259
23  1  2  4  1734  963  1615  933  299
21  1  1  2  481  300  438  1783  156
16  3  2  4  990  1053  371  1216  321
20  1  2  5  1657  951  1566  938  265
21  0  1  2  210  92  237  2245  289
17  2  0  0  179  152  105  2237  192
21  3  2  5  468  485  196  1831  257
16  0  2  5  382  146  405  2087  323
14  1  2  5  744  460  713  1310  287
21  0  0  0  681  285  759  1615  325
22  3  2  5  189  223  67  2204  247
21  1  2  4  693  455  560  1591  343
23  3  3  7  348  376  155  1661  282
20  0  0  1  148  62  163  2806  187
23  1  2  5  869  496  790  1209  276
20  0  0  0  2760  990  3230  798  338
21  0  0  1  1298  617  1367  1102  325
21  3  0  1  383  435  136  1832  346
23  2  1  3  296  245  199  1814  240
20  0  1  3  1212  611  1260  1369  331
16  1  1  2  378  246  325  2040  316
17  1  0  1  100  57  88  2690  266
17  1  2  4  972  673  771  1174  301
17  2  0  1  959  799  595  1465  277
20  1  2  4  124  65  120  2478  323
20  0  0  1  693  377  727  1703  298
20  2  0  0  257  216  143  2118  239
15  1  1  2  1301  881  1071  1116  349
23  1  2  5  658  368  608  1367  244
16  1  1  2  948  582  858  1408  270
16  1  1  3  381  253  324  1855  255
20  0  1  2  223  72  269  2691  302
20  2  3  7  1482  1071  1070  1073  315
20  0  0  1  1377  555  1534  1312  326
16  2  2  5  590  456  352  1662  262
15  0  2  5  613  278  708  1657  234
23  2  1  2  359  302  240  1704  267
21  3  1  2  487  482  248  1719  321
23  2  1  2  1439  1183  967  892  346
15  2  3  6  320  268  213  1895  330
15  1  0  1  739  396  719  1663  285
14  1  3  6  543  322  541  1889  239
15  2  3  6  384  356  227  1768  226
15  2  2  4  1422  1212  913  966  336
17  3  2  4  850  868  415  1242  312
17  2  1  2  1129  955  765  1108  250
23  3  2  4  1259  1284  662  958  276
21  2  2  5  1912  1495  1364  924  324
20  1  1  3  461  290  419  1910  317
21  2  0  0  679  650  380  1475  241
20  2  3  6  764  545  557  1367  263
22  0  2  4  218  91  247  2370  211
23  2  2  5  1302  1176  745  865  284
22  2  0  1  198  159  133  2436  319
17  2  2  4  579  432  428  1486  89
23  1  1  2  754  472  651  1358  289
15  2  2  5  472  378  329  1665  183
15  3  3  7  552  655  222  1556  337
20  2  2  5  628  532  391  1467  331
23  1  1  3  912  499  875  1249  158
17  1  0  1  668  401  570  1918  322
16  1  0  1  879  537  833  1435  333
23  2  2  4  215  192  129  1881  291
15  0  0  1  1192  422  1381  1386  242
16  3  0  1  673  666  371  1499  176
20  2  2  4  289  224  211  1942  324
16  0  2  4  1222  527  1255  1252  309
21  0  0  1  1222  540  1331  1134  212
22  1  1  2  1177  658  1077  1236  320
16  0  0  0  281  139  292  2203  251
16  1  3  6  1231  753  1083  1260  289
14  2  3  6  343  242  264  2138  227
15  2  1  2  337  280  186  1895  256
23  3  2  4  211  259  67  1896  274
16  1  1  2  243  135  232  2322  299
16  1  1  2  1536  821  1512  1100  326
15  1  2  4  1777  923  1911  892  308
23  3  2  5  1204  1311  421  1141  202
15  1  2  5  1384  806  1384  1027  324
21  3  3  6  1528  1502  789  1065  332
15  0  1  3  1324  633  1367  1178  255
16  0  1  2  743  352  769  1692  210
17  2  1  2  1021  772  788  1190  274
15  1  1  2  599  325  584  1716  331
16  0  1  3  430  217  433  1932  213
22  0  1  2  130  61  136  2461  289
23  1  0  1  170  108  145  2159  202
22  0  3  6  1331  394  1622  1281  128
15  2  2  5  1704  1249  1316  902  291
23  3  2  5  790  783  431  1140  288
23  1  2  4  1214  605  1209  1113  257
21  2  3  6  245  217  153  2300  270
15  3  1  2  1746  1680  944  866  317
23  3  2  5  269  311  104  1651  145
17  1  2  4  1088  587  1038  1171  146
20  2  2  4  161  151  85  2272  310
20  1  0  0  843  596  657  1437  226
15  3  0  1  1336  1330  685  1061  356
15  1  0  1  631  422  538  1747  222
17  3  1  2  69  84  25  2216  317
20  2  1  2  575  521  330  1747  315
15  2  2  4  1466  1170  1027  940  322
21  0  3  6  1535  826  1612  1057  311
23  0  0  0  708  355  726  1452  257
21  2  0  0  685  595  444  1405  247
16  3  3  6  350  334  187  2083  363
14  3  1  2  804  879  328  1283  280
20  2  0  1  248  211  138  2230  265
20  1  1  2  1287  957  1009  1256  329
22  1  1  3  574  384  465  1632  273
17  0  0  0  377  123  462  2091  253
22  1  1  2  441  320  336  1812  200
16  2  2  5  362  273  231  1844  348
16  0  0  1  674  236  814  1783  297
22  1  2  4  367  191  347  2097  321
17  1  0  0  339  208  284  2060  200
21  1  1  2  865  494  838  1413  319
20  1  3  6  1393  828  1257  990  337
17  3  1  2  935  1086  358  1195  327
22  1  1  3  656  470  500  1533  334
20  0  2  5  329  130  369  2044  285
20  1  1  2  790  580  627  1583  255
23  1  0  0  545  347  470  1448  234
20  1  2  5  1012  617  920  1199  285
23  3  3  7  86  89  39  2080  262
22  1  3  6  462  215  439  1869  334
16  0  2  5  859  372  881  1493  334
16  3  2  4  1246  1386  401  1093  351
14  1  3  6  240  151  225  2269  187
23  0  0  0  1817  752  2045  902  328
20  0  3  6  1146  492  1260  1190  327
17  1  3  6  473  256  439  1969  294
20  1  3  7  394  243  346  2075  322
17  1  1  2  1584  830  1605  978  327
14  0  0  1  404  147  445  2209  210
16  3  3  7  711  735  328  1488  323
17  2  0  0  568  447  383  1711  349
23  1  3  7  767  418  728  1307  108
20  2  2  4  992  717  739  1344  289
15  0  1  3  657  258  742  1758  333
17  2  0  1  1009  892  583  1412  165
20  1  2  4  569  326  539  1754  321
15  3  1  3  600  567  333  1552  181
23  3  0  1  390  391  209  1600  346
22  2  3  7  518  374  408  1640  327
16  3  2  4  158  165  59  2212  312
16  1  1  3  296  167  283  2129  262
14  0  3  6  1576  635  1777  1268  236
15  1  1  2  886  540  800  1405  227
23  0  1  2  822  283  947  1513  300
17  1  1  2  374  242  335  1883  221
22  0  3  6  393  130  464  2119  316
16  1  0  1  553  372  484  1763  319
15  0  1  2  733  273  843  1661  328
20  3  0  1  1412  1404  785  1030  314
16  3  1  2  576  562  316  1652  327
21  1  3  7  256  188  191  2200  213
21  0  3  6  1106  464  1209  1442  136
21  0  2  4  128  55  129  2514  237
14  0  0  1  412  194  402  1965  320
23  3  2  5  781  865  330  1162  343
20  0  1  2  1754  696  2011  1189  325
17  1  1  3  182  129  151  2157  279
17  2  3  6  218  166  150  2392  322
15  0  1  3  227  80  272  2440  359
21  0  2  4  1038  330  1229  1522  309
15  0  1  3  254  80  305  2406  197
21  0  0  1  1759  697  2012  921  330
14  1  2  4  609  374  581  1618  198
23  3  1  3  557  604  255  1398  273
22  1  0  1  538  329  476  1709  327
14  1  2  5  816  566  714  1242  323
14  0  2  4  985  362  1103  1566  329
23  0  1  3  822  270  980  1525  291
15  2  2  5  407  283  340  1799  250
22  2  1  3  464  384  348  1651  228
23  1  0  1  602  320  587  1869  340
20  2  3  6  733  543  545  1626  306
20  1  0  0  116  68  101  2439  137
22  0  1  3  337  123  391  2161  339
23  2  1  2  512  460  328  1608  381
15  1  0  1  759  413  733  1627  264
20  2  1  3  1369  1177  866  1142  172
16  0  2  4  330  141  338  2130  183
21  1  2  4  215  138  196  2204  215
21  0  0  0  92  42  101  2459  214
21  1  3  7  1185  793  965  1262  291
21  0  0  1  247  97  280  2449  251
20  1  0  0  1357  940  1072  1141  320
23  2  0  1  523  448  346  1532  334
14  3  2  4  330  412  109  1806  256
14  0  0  0  1071  371  1197  1386  360
23  3  1  3  1237  1326  608  877  231
20  2  1  3  1750  1443  1170  976  321
21  1  0  0  778  398  782  1441  260
22  1  2  5  2890  1968  2250  739  305
17  1  1  3  798  419  810  1455  316
15  2  2  4  1060  777  814  1136  241
17  1  3  6  345  234  278  2185  317
23  0  0  0  343  98  433  2018  302
16  1  2  5  1479  1007  1140  1030  331
21  3  3  6  130  135  58  2533  304
14  3  0  1  1175  1289  432  1030  353
23  0  0  0  522  212  595  1700  259
14  0  1  2  1444  626  1417  1144  219
16  0  0  0  841  343  968  1547  316
23  3  0  0  296  327  142  1551  357
21  2  2  5  602  455  450  1662  241
16  2  3  6  1418  1266  753  1133  327
15  1  1  3  949  542  890  1392  259
15  0  1  3  693  327  723  1668  342
15  1  2  4  214  142  202  2029  184
17  2  0  0  476  437  256  1798  233
20  1  1  2  182  106  164  2506  213
16  0  3  6  600  178  711  2062  332
20  0  3  7  122  51  134  2704  317
21  3  1  2  1105  1203  445  1147  206
16  0  2  4  196  85  211  2382  298
22  0  0  0  503  224  559  2055  328
16  2  2  4  697  534  429  1527  247
17  1  3  6  679  478  525  1715  319
17  3  2  4  2052  2085  1010  701  175
23  0  0  0  462  210  498  1747  314
23  2  2  4  356  321  200  1675  372
21  0  3  7  584  233  647  1945  260
17  1  3  6  1768  1207  1410  1045  204
22  2  1  3  165  126  130  2155  325
17  0  1  2  1494  618  1794  1034  257
22  3  0  1  140  159  54  2295  268
23  3  2  4  957  1099  381  1149  246
20  0  3  6  1140  572  1160  1166  235
16  2  1  3  889  688  642  1364  275
23  3  0  0  495  540  236  1315  310
22  0  0  1  1923  839  2156  978  337
14  3  1  2  1454  1719  474  937  346
21  2  2  5  482  438  278  1801  326
22  0  0  1  1583  611  1852  1131  317
22  3  2  5  224  266  72  1788  268
14  2  3  6  1497  1115  1103  1142  255
14  0  3  6  1328  512  1513  1385  372
17  1  2  4  398  235  395  1865  311
20  1  2  5  1375  862  1230  1029  215
22  0  2  5  630  309  672  1846  187
17  2  0  1  441  379  265  1957  164
14  2  2  5  511  384  384  1516  333
22  1  3  7  773  477  614  1450  229
15  1  2  5  548  339  529  1661  317
22  2  2  4  675  546  498  1575  312
21  1  1  3  295  173  276  2240  303
21  0  3  6  742  349  826  1526  225
16  0  1  2  278  125  294  2262  319
22  0  2  5  739  303  846  1796  145
21  3  3  6  1189  1165  611  1291  342
14  1  2  4  818  607  672  1444  339
21  1  3  6  865  554  731  1586  288
20  2  1  3  958  745  681  1404  338
23  1  0  1  533  306  503  1685  288
21  1  3  6  748  400  714  1776  263
17  0  3  6  431  192  479  2081  254
21  3  0  0  1467  1490  710  1000  354
15  2  1  2  662  573  378  1518  332
16  1  2  5  706  390  643  1586  316
23  2  2  5  506  428  318  1416  254
16  3  1  2  372  397  168  1827  321
20  1  3  6  669  369  627  1503  235
16  0  2  4  498  185  543  1961  326
15  0  1  3  554  202  639  1902  286
23  0  1  3  471  175  544  1866  347
23  3  0  0  1701  1717  965  686  267
20  0  1  2  1073  344  1305  1613  291
16  0  1  3  775  349  826  1567  200
17  3  2  4  1234  1350  514  973  208
22  1  3  6  196  111  172  2252  214
16  2  0  0  560  445  382  1696  315
14  0  1  3  493  160  537  1979  330
20  0  2  4  724  295  828  1649  94
21  0  2  5  962  350  1094  1540  218
21  1  1  2  547  318  519  1672  254
17  1  1  2  156  88  148  2268  327
20  0  1  3  483  144  602  2154  337
14  1  3  6  397  222  411  2081  295
15  1  2  4  727  508  642  1416  314
22  3  2  5  482  580  177  1723  238
17  2  1  2  580  484  393  1519  361
20  0  2  5  309  92  387  2126  231
15  1  1  3  794  555  633  1469  273
17  1  1  2  108  62  105  2290  323
21  0  3  7  500  212  540  2018  281
20  1  2  5  943  590  849  1289  200
17  1  0  0  715  457  582  1601  212
20  0  1  2  1721  648  2008  1201  336
22  0  0  0  1878  602  2326  1155  334
15  0  2  5  1473  488  1903  1124  162
20  1  1  2  1561  868  1495  995  274
15  0  2  5  1842  781  2173  959  214
23  3  0  0  1376  1436  733  803  256
17  2  3  6  939  680  712  1471  94
20  0  1  3  1567  514  1903  1215  212
16  3  0  1  295  316  131  1927  256
16  3  1  2  1570  1814  583  934  341
16  0  0  1  345  152  382  2154  245
14  0  0  1  988  334  1106  1512  208
15  1  3  6  329  195  324  2018  258
23  2  0  1  164  143  108  1996  269
21  1  0  1  384  245  334  1829  311
21  1  3  7  602  317  586  1816  248
17  2  0  0  227  165  166  2195  314
21  0  3  6  1167  388  1392  1487  338
21  2  2  4  115  100  70  2305  278
22  0  0  0  647  269  742  2045  263
20  1  1  3  1690  1134  1453  998  353
17  3  0  1  584  632  233  1747  346
23  3  3  7  399  415  200  1601  311
23  3  1  3  1289  1546  457  910  273
14  0  0  0  1332  435  1518  1318  264
22  0  0  1  1283  439  1563  1284  257
23  2  1  3  606  531  368  1343  266
22  1  2  4  133  87  120  2169  292
20  1  3  6  441  320  335  1682  322
23  1  3  7  354  217  309  2002  368
15  1  1  2  716  474  597  1528  335
17  2  0  1  547  437  364  1902  316
20  1  1  3  631  470  498  1730  280
21  0  3  6  1401  676  1434  1243  339
17  2  2  4  966  843  586  1167  363
14  2  2  5  453  333  335  1540  323
22  2  0  0  1229  1130  817  1238  317
22  1  0  1  525  303  470  1767  233
17  1  1  3  505  281  497  1780  341
23  3  2  4  932  1030  412  1135  312
17  2  0  0  1274  999  864  1112  277
15  0  3  6  1533  785  1656  1090  420
20  1  3  7  490  334  396  1899  232
21  0  0  1  672  206  833  1630  272
23  3  0  0  247  282  108  1650  248
16  1  1  3  633  391  571  1623  274
15  3  1  3  224  223  109  2029  341
14  2  1  3  503  362  363  1655  256
22  0  3  6  391  160  421  2018  255
22  0  2  4  606  224  717  1909  292
21  1  2  4  212  116  187  2245  278
15  1  2  5  219  147  201  2103  232
21  2  3  6  2206  2128  1209  839  310
22  1  3  6  388  224  321  1925  236
17  2  3  6  1428  1238  873  1086  290
21  2  1  2  975  883  609  1233  306
15  1  3  7  430  300  378  1914  330
20  2  1  3  903  726  619  1447  312
21  0  2  4  1703  495  2098  1109  324
15  3  0  0  247  254  125  2117  296
23  1  2  4  1047  610  947  1160  149
22  0  1  2  424  157  495  1980  308
23  3  2  4  949  1088  381  1134  317
15  2  3  7  886  776  567  1326  362
22  3  2  5  145  167  60  2282  233
21  2  2  4  348  317  193  1777  305
17  0  0  0  1196  463  1385  1274  254
15  1  3  7  1929  1401  1655  863  333
14  2  3  6  2173  1772  1433  835  326
20  1  1  3  836  501  787  1757  354
14  1  3  6  1001  713  867  1386  349
21  1  0  1  788  509  678  1383  337
14  0  0  1  1060  326  1223  1509  311
21  3  0  1  942  1000  407  1235  266
14  3  0  0  730  757  324  1334  314
23  3  2  5  328  334  175  1571  284
21  3  1  3  189  179  103  2419  220
14  0  1  3  430  160  449  2035  294
14  0  0  1  451  136  527  2116  213
15  1  3  7  1215  932  990  1170  298
17  0  1  2  406  152  504  1908  285
15  1  0  1  2223  1629  1703  875  333
20  0  2  4  722  271  849  1668  180
15  3  2  5  180  209  70  1985  302
22  3  2  5  1189  1437  441  1092  224
23  2  3  6  219  151  168  2352  315
15  1  0  1  264  176  216  2228  330
21  3  1  3  197  188  102  2320  326
23  0  1  2  122  56  129  2243  327
22  1  0  1  1183  637  1116  1223  263
16  0  0  0  466  176  542  2005  333
23  0  1  3  608  299  620  1522  266
17  2  0  1  501  373  359  1966  212
20  2  2  4  1341  1114  858  1112  184
20  2  0  0  478  376  304  1821  224
23  0  0  0  148  47  179  2263  232
15  2  2  5  476  336  381  1701  249
20  1  0  0  1137  748  945  1322  175
17  3  0  1  707  764  290  1624  138
17  0  1  2  301  131  348  1997  327
15  2  0  0  820  688  484  1428  322
21  1  3  7  1447  774  1390  1249  256
20  0  0  1  442  185  487  2177  250
21  3  0  1  573  560  297  1554  333
20  0  0  1  355  172  361  2279  283
20  2  1  3  96  82  61  2486  251
16  1  0  0  814  444  830  1465  269
22  2  0  0  1072  926  634  1267  219
17  1  1  2  491  327  420  1678  258
17  3  1  2  203  208  103  1972  238
15  1  3  6  601  383  574  1606  338
15  2  3  6  440  408  253  1707  343
22  1  2  4  463  327  350  1945  331
21  1  2  5  272  163  260  1860  323
15  2  3  6  143  134  78  2116  311
15  0  1  2  2306  660  2876  869  257
16  1  0  0  646  376  628  1639  273
17  1  0  0  213  149  155  2246  321
21  1  2  4  241  165  186  2137  385
15  2  0  0  1094  1008  568  1215  105
15  1  1  2  1078  615  1022  1286  206
22  0  0  0  377  153  427  2378  315
20  1  3  6  493  294  442  1642  175
21  0  2  5  105  36  116  2641  348
14  1  3  6  2173  1547  1876  849  311
15  0  1  3  1119  419  1285  1396  237
20  1  2  5  764  400  758  1471  186
20  1  3  6  1024  740  780  1196  149
17  3  1  3  938  1066  384  1220  314
16  3  2  5  596  621  238  1552  320
15  1  0  0  1398  892  1206  1160  162
14  3  0  1  2302  2242  1152  681  304
23  0  0  1  499  190  580  1911  343
17  3  1  2  579  588  313  1478  280
22  0  3  6  1380  580  1493  1159  226
14  0  2  4  245  111  251  2324  207
17  1  1  2  1228  676  1214  1157  309
14  1  0  1  166  96  163  2255  315
17  1  2  4  1358  929  1084  970  315
14  0  1  3  250  124  232  2151  324
15  0  3  7  720  335  813  1613  205
22  3  3  6  1015  1169  360  1128  260
23  3  0  0  191  221  84  1725  244
20  2  3  7  237  215  122  2229  332
17  0  0  1  207  101  219  2542  256
20  0  3  6  965  482  936  1549  327
22  3  3  7  426  489  153  1574  323
21  1  1  3  1025  573  1004  1464  319
16  3  2  5  548  584  197  1664  252
22  0  0  0  314  126  364  2443  144
22  0  0  0  1788  868  1910  1114  320
15  1  0  1  1942  1037  1899  943  321
16  3  0  0  327  387  117  1941  340
22  2  3  6  568  428  431  1657  151
17  3  3  6  371  410  147  1985  150
15  2  0  0  110  80  78  2481  322
17  1  0  1  272  164  233  2369  253
17  2  1  3  1162  1036  727  1093  237
17  1  3  6  1328  709  1277  1243  336
17  0  1  3  1146  505  1339  1241  324
17  2  1  3  385  324  270  1805  302
22  0  3  6  1044  429  1141  1371  217
15  1  2  4  476  256  502  1724  264
15  2  0  0  531  403  358  1756  144
22  1  1  2  520  351  419  1761  309
16  0  2  4  1151  337  1368  1386  298
21  0  0  1  246  107  262  2064  240
22  2  0  1  400  330  308  1772  254
21  2  3  6  933  831  550  1419  284
21  3  2  4  308  313  144  2012  325
23  0  1  3  1004  425  1080  1292  234
17  0  2  5  168  52  196  2492  254
15  1  0  0  97  57  85  2526  260
21  1  2  5  1297  702  1219  1280  224
17  2  3  6  1132  941  730  1256  301
20  0  2  4  1862  927  1940  956  184
22  1  2  4  773  395  756  1693  283
15  0  0  1  1326  472  1531  1293  351
21  0  1  2  1603  574  1960  1040  250
17  2  0  1  745  624  460  1612  219
22  0  3  7  1749  567  2076  1035  206
21  0  0  1  244  106  244  2222  300
17  0  0  0  845  378  917  1500  163
15  0  1  2  696  245  816  1766  271
22  1  1  2  319  194  281  2070  282
21  2  2  4  1544  1271  1037  991  363
17  1  1  2  220  163  172  2085  302
20  1  0  1  193  120  165  2360  247
21  2  3  7  991  816  692  1349  327
20  2  1  3  872  702  597  1475  238
20  2  2  5  2023  1756  1208  801  330
15  1  2  4  941  638  852  1274  326
23  3  2  4  789  929  289  1229  272
21  1  3  7  351  199  325  2103  298
20  0  3  6  953  479  966  1277  238
17  3  0  1  273  280  131  2222  264
14  1  2  4  275  176  261  2067  331
15  1  0  1  367  253  294  2082  315
16  0  0  1  543  268  577  1857  245
14  1  2  5  576  355  547  1461  258
22  2  0  1  418  336  329  1774  318
15  0  2  5  703  258  870  1573  190
14  0  1  2  1313  573  1290  1241  330
23  3  1  2  230  245  116  1786  239
14  1  3  6  552  407  455  1800  385
20  1  1  3  809  586  646  1566  222
20  1  1  3  879  579  763  1481  283
23  2  3  7  279  265  154  1785  310
21  2  2  5  745  647  458  1481  244
20  0  1  2  1602  561  1909  1241  219
17  2  0  1  1021  743  746  1465  245
20  0  2  5  796  365  867  1472  334
15  0  2  5  450  133  600  1892  309
14  1  2  4  1634  891  1676  977  279
20  0  2  4  848  237  1077  1640  208
14  3  0  1  453  452  216  1614  305
20  1  0  1  1677  940  1556  1060  343
23  3  1  3  508  588  204  1461  207
16  0  0  0  378  171  415  2145  130
16  1  3  6  347  206  308  2175  352
17  1  0  1  1087  622  969  1411  319
16  1  2  5  552  367  439  1723  324
17  3  1  2  648  738  263  1429  280
21  0  3  6  143  59  153  2365  289
16  2  0  0  378  343  215  1839  331
15  1  3  7  590  442  492  1617  321
23  3  1  3  1129  1367  399  1014  325
20  0  1  2  676  336  695  1864  110
23  0  1  2  704  297  775  1562  205
15  2  1  3  520  367  387  1782  342
21  0  0  1  225  67  278  2213  266
14  3  0  1  1293  1309  594  982  353
20  1  0  1  481  308  407  1969  330
15  1  3  6  193  111  192  2229  315
22  0  3  6  745  239  949  1654  191
15  1  2  5  1069  636  1063  1228  329
15  1  0  0  168  115  137  2380  248
15  2  3  6  424  331  303  1786  313
16  3  0  1  617  676  272  1514  295
16  0  1  2  1079  333  1293  1523  413
17  2  1  3  69  49  56  2348  221
17  0  1  3  1705  887  1841  941  261
23  0  0  0  875  338  1002  1533  304
14  1  3  6  543  424  435  1620  322
21  2  0  0  1183  1101  684  1150  184
22  1  3  6  731  370  676  1557  326
14  1  1  3  461  269  428  1734  328
21  0  1  3  651  265  758  1873  325
15  2  2  4  349  235  288  1783  269
15  1  1  2  1611  841  1600  1015  204
17  1  3  6  319  205  264  2190  289
21  2  0  1  486  375  370  1610  241
14  1  1  2  235  136  222  2101  330
23  1  0  0  505  275  491  1559  199
20  0  0  1  95  50  95  2750  139
16  1  3  6  676  398  604  1717  320
21  1  3  6  1118  673  994  1411  207
17  1  1  3  922  498  913  1399  323
20  2  1  3  839  770  481  1504  322
21  1  2  4  2492  1373  2291  769  220
21  3  2  5  518  516  244  1771  330
17  0  1  2  549  267  613  1655  334
20  0  1  3  1291  468  1531  1352  278
23  0  2  4  625  254  681  1618  313
14  1  0  0  829  505  760  1363  306
23  0  1  2  868  273  1036  1446  238
17  1  1  3  658  377  627  1600  173
21  1  3  6  201  137  161  2504  231
14  3  3  6  824  921  318  1411  352
14  3  0  1  232  231  109  1974  297
23  3  3  7  540  586  248  1437  247
20  0  1  2  1546  789  1605  1202  332
22  1  0  1  1778  1063  1579  952  300
16  3  3  6  357  343  188  2090  332
15  2  1  3  373  271  269  1929  305
23  1  2  4  123  66  114  2256  318
23  2  2  5  552  506  308  1358  295
23  3  0  0  959  1061  446  989  132
15  0  1  2  212  85  237  2400  355
14  0  1  3  352  106  391  2222  368
21  2  2  5  827  711  506  1421  300
16  3  1  3  1200  1368  458  1080  244
16  0  2  4  1329  597  1343  1188  180
23  0  1  3  479  180  521  1812  221
16  3  3  6  587  570  305  1783  332
15  3  3  7  549  596  272  1594  369
16  2  3  7  196  164  108  2185  287
23  0  2  4  409  207  449  1851  349
22  1  0  1  409  234  374  1845  220
23  0  2  5  1588  691  1846  1016  149
23  1  3  7  394  205  387  1735  347
14  1  2  5  1186  813  1055  998  293
14  1  1  2  442  299  369  1802  198
20  2  0  0  527  422  332  1741  327
23  2  3  6  1264  943  853  1262  318
23  2  2  4  1127  883  793  1090  309
15  0  0  1  656  237  760  1875  334
23  0  2  5  490  161  577  1701  249
21  2  0  1  69  57  46  2230  296
16  2  3  6  1329  942  949  1258  289
21  0  1  2  616  279  683  1623  287
14  0  0  1  1092  359  1236  1463  305
16  2  1  2  1009  920  550  1293  203
23  0  1  3  440  156  516  1867  264
22  0  1  3  1082  464  1204  1316  256
23  1  2  4  733  421  649  1544  257
20  2  2  5  1212  1008  774  1102  339
14  1  1  2  299  200  251  2052  317
22  1  1  2  228  161  181  2346  373
20  2  1  2  973  853  600  1370  262
23  2  0  0  832  706  547  1132  243
23  2  2  4  512  461  278  1674  292
17  1  2  4  1775  1203  1423  855  249
14  2  2  4  730  548  533  1522  318
20  2  2  5  501  419  311  1649  206
21  0  3  6  1561  516  1998  1092  188
21  0  1  2  468  161  578  1782  315
15  1  0  1  217  144  184  2324  256
21  1  3  6  264  184  205  2299  313
21  1  3  7  812  529  679  1590  304
20  1  2  4  73  61  51  2451  159
15  0  1  3  2054  617  2517  961  283
21  0  0  0  991  457  1063  1288  255
20  2  2  4  725  589  482  1527  163
16  3  2  4  534  549  218  1669  278
23  3  1  3  1208  1363  537  918  332
23  2  1  2  214  188  133  1896  163
17  1  2  4  394  271  313  1709  166
16  1  1  3  817  479  750  1480  334
22  1  3  6  222  113  194  2150  245
20  2  2  4  564  412  423  1710  294
22  1  0  0  134  87  120  2382  324
20  0  2  5  566  253  629  1700  326
17  0  2  4  538  172  669  1721  290
21  2  0  0  1382  1100  1015  1027  334
16  2  0  0  299  231  211  2069  232
21  0  1  3  689  309  772  1824  305
15  0  1  2  1749  521  2164  1081  344
21  1  3  6  538  333  465  1968  325
22  1  3  7  1237  591  1168  1190  314
21  2  2  4  380  339  225  1946  230
20  0  1  3  503  239  537  2052  339
15  2  0  0  1241  929  852  1221  260
22  0  3  6  1181  454  1330  1298  337
21  0  2  5  353  122  412  2254  252
21  0  2  5  1037  375  1187  1534  204
16  0  2  5  752  359  735  1572  245
17  1  1  3  703  384  690  1514  346
21  1  3  6  984  542  921  1588  232
20  1  0  1  388  208  355  2114  175
16  2  2  4  214  164  130  2167  278
22  3  3  6  274  281  133  1903  337
22  2  2  5  826  667  614  1494  294
15  1  1  2  332  198  307  2042  318
16  1  0  1  314  216  274  2077  319
16  3  2  4  212  209  90  2098  283
20  1  1  2  615  347  595  1912  299
23  2  1  2  1541  1406  834  994  312
22  0  3  6  316  88  374  2507  234
20  0  2  4  1955  647  2386  984  298
15  1  2  5  311  177  317  1972  229
17  2  1  3  488  419  326  1746  313
15  2  3  7  1266  1007  929  1152  230
17  0  2  4  1733  745  1972  922  226
21  0  3  7  223  70  265  2563  307
21  2  2  4  320  295  175  1948  336
17  3  1  3  213  226  88  1945  356
20  0  0  0  273  114  299  2347  417
17  0  1  3  448  148  583  1956  312
23  3  2  4  619  684  267  1380  261
15  1  1  3  174  106  153  2252  333
20  2  3  7  396  343  221  2009  330
16  1  1  2  118  64  110  2488  220
14  2  2  5  566  463  378  1405  325
16  1  3  7  407  267  339  1844  260
17  2  2  4  2527  2068  1673  629  305
22  2  0  1  299  254  218  1942  252
22  2  0  0  114  93  87  2485  370
17  0  3  6  385  110  498  2283  268
22  1  3  7  482  261  421  1738  284
20  0  3  7  1265  450  1487  1313  197
20  1  3  7  1023  557  972  1399  325
14  0  3  6  580  258  619  1975  224
20  1  3  6  815  466  756  1369  321
16  3  3  7  250  267  114  2107  327
22  2  1  3  834  663  578  1480  282
16  2  2  5  396  334  218  1885  267
15  2  3  6  532  448  356  1631  329
14  3  0  0  900  935  394  1182  346
17  0  3  6  417  182  471  2158  202
17  1  2  4  2062  1354  1711  785  323
14  1  3  6  1237  901  1049  1191  290
21  0  0  0  1244  643  1287  1193  107
16  2  1  3  2433  1912  1622  762  212
23  0  3  7  1145  529  1198  1137  211
15  2  0  0  381  269  275  2035  297
21  1  2  4  269  175  217  2101  311
15  1  0  1  174  122  138  2402  267
22  1  0  1  1258  916  956  1112  248
22  3  3  6  773  807  363  1360  323
22  3  2  5  605  653  301  1581  321
22  3  3  6  340  370  145  1764  221
21  1  0  1  1692  923  1633  912  304
16  2  1  3  270  225  164  2061  281
22  2  1  2  1083  970  736  1192  324
21  2  1  2  1301  1092  909  1073  314
21  1  1  2  287  146  301  2067  366
21  2  3  6  359  326  217  2104  326
16  1  3  7  292  166  278  2161  334
17  2  0  0  715  539  503  1602  240
23  0  3  7  934  291  1133  1344  303
15  2  2  4  422  345  288  1661  218
14  0  3  6  1007  394  1138  1646  322
15  3  1  2  349  345  179  1844  167
23  1  2  5  401  274  303  1818  262
15  1  0  1  319  197  285  2174  254
17  3  3  6  400  429  171  1951  324
17  0  1  3  2271  1129  2517  802  196
22  3  1  2  587  639  265  1483  198
15  0  3  7  634  280  734  1687  344
20  2  3  7  1071  761  781  1342  228
20  0  1  3  1967  859  2175  1017  293
22  2  1  3  818  718  576  1299  343
17  2  0  1  154  125  97  2564  321
23  0  2  4  51  21  56  2421  342
15  1  0  1  124  78  105  2518  302
17  0  3  6  891  354  1043  1599  328
16  2  0  0  607  469  430  1626  301
22  2  2  4  986  806  729  1351  320
21  1  3  7  2559  1659  2148  776  357
23  2  2  5  405  346  256  1505  182
22  1  3  7  1145  537  1091  1259  221
23  0  1  3  1638  816  1635  978  232
23  2  2  5  1025  867  653  1000  98
23  0  2  4  336  139  365  1982  333
23  2  0  1  510  415  352  1571  189
21  2  3  7  1318  1010  997  1195  178
14  1  1  2  1067  614  996  1252  333
16  2  3  7  482  374  314  1791  225
17  1  0  1  78  36  72  2794  315
16  2  0  0  1467  1250  918  999  330
15  0  0  1  868  408  893  1532  285
16  1  3  7  1169  631  1117  1247  333
14  0  0  0  916  419  904  1389  196
16  1  3  6  489  266  462  2047  280
22  1  3  7  161  70  156  2205  258
15  1  1  2  248  176  191  2064  242
22  3  3  6  1013  1106  426  1126  264
21  2  0  1  1248  1138  750  1071  286
17  3  0  1  568  580  266  1800  282
21  1  2  5  439  283  358  1908  243
20  0  0  1  1340  600  1430  1276  260
21  1  3  7  538  287  518  1888  332
16  3  2  5  587  579  262  1580  181
21  2  2  4  442  364  293  1772  318
21  3  2  4  529  618  206  1585  391
21  2  0  1  452  339  346  1668  270
21  2  2  4  885  689  641  1376  293
17  0  2  4  341  129  407  1934  271
21  0  0  0  693  216  864  1668  312
23  0  0  1  359  153  385  2039  221
20  0  1  3  482  167  572  2053  299
22  0  1  3  1782  650  2099  1011  330
14  0  2  5  667  272  712  1583  318
20  2  3  6  672  564  406  1446  269
20  1  2  4  199  92  192  2323  317
20  2  1  2  749  617  501  1613  322
21  0  1  3  1640  729  1834  1133  291
16  2  0  0  168  124  129  2279  286
16  3  1  2  446  479  197  1785  342
23  3  2  4  1174  1357  455  992  281
23  2  1  3  407  338  268  1640  333
15  1  3  7  1582  932  1586  1077  347
23  0  2  4  454  173  515  1863  210
14  1  2  4  1464  983  1310  1038  342
20  0  1  3  1876  937  1959  1024  336
23  0  2  5  239  83  276  2124  202
23  0  2  4  452  166  517  1995  272
17  3  0  0  483  515  192  1696  249
15  1  0  1  305  157  306  2198  319
22  1  2  5  439  296  345  2024  300
23  0  1  2  878  415  911  1394  358
14  2  2  4  133  104  97  2322  212
20  0  2  4  1012  477  1084  1439  249
20  1  1  3  334  189  317  2194  189
15  2  3  7  776  645  534  1470  160
21  0  3  6  553  285  544  1990  324
22  0  0  1  442  248  447  1812  316
17  3  2  4  342  386  130  1774  143
15  1  0  1  2185  1273  2016  859  272
23  2  2  4  792  686  488  1253  326
21  0  0  0  591  256  648  1659  304
17  0  2  4  231  78  289  2205  314
23  3  1  3  176  200  73  1904  282
21  1  0  0  549  337  492  1593  162
20  1  1  2  940  589  855  1514  340
21  0  2  4  785  350  818  1594  361
16  1  1  2  1326  888  1130  1137  339
20  2  3  6  201  150  139  2075  316
15  0  1  3  734  306  797  1716  334
23  1  1  3  221  125  204  2030  316
16  2  0  1  814  588  612  1482  160
20  2  2  5  319  232  234  1970  237
20  1  1  3  687  510  544  1650  316
22  1  2  5  566  407  428  1813  346
20  2  0  1  767  589  509  1578  342
15  3  2  4  506  519  263  1526  321
16  0  0  1  1133  473  1293  1340  334
21  0  2  4  476  169  544  2048  275
15  2  2  5  324  250  234  1860  308
21  2  3  6  222  209  115  2329  195
22  1  1  2  660  408  566  1630  271
14  0  0  1  416  167  437  2020  284
23  2  0  0  1064  865  741  1007  311
22  1  0  1  1256  741  1123  1167  256
16  1  3  6  305  169  291  2317  216
20  2  1  3  441  418  248  1795  291
17  0  0  0  470  195  530  1984  318
22  2  1  3  563  460  426  1609  311
17  1  1  2  363  188  384  1949  251
14  1  2  4  1737  1040  1695  929  305
17  1  0  1  1557  828  1454  1181  91
14  3  0  1  968  1067  355  1150  192
22  3  2  5  194  234  61  2084  337
15  1  1  3  379  246  326  1957  273
16  2  2  4  1185  933  700  1184  317
21  1  1  2  2621  1579  2434  735  264
17  1  1  3  1602  1063  1360  949  317
22  2  1  3  826  706  473  1415  338
23  0  2  5  645  298  666  1429  219
21  2  2  4  256  199  192  2081  258
16  1  3  6  879  639  668  1505  188
23  1  1  3  444  271  397  1704  319
16  3  0  0  426  430  229  1799  332
16  2  1  2  1121  896  729  1243  208
17  2  0  1  719  619  431  1662  327
22  1  0  1  634  376  565  1602  267
17  0  0  1  1055  534  1084  1461  221
23  0  2  5  1229  459  1385  1111  323
22  3  3  6  354  360  180  1791  300
14  1  1  2  1022  636  908  1315  191
16  2  2  4  863  693  495  1390  221
15  2  0  0  1168  921  755  1216  338
22  1  2  5  393  211  372  2037  112
20  2  0  1  1454  1273  798  1063  288
20  1  2  5  200  100  201  2197  274
20  0  2  4  804  315  929  1647  298
23  1  0  1  644  338  643  1584  272
17  3  1  3  216  250  84  2050  334
20  1  1  2  824  507  758  1645  362
21  0  0  1  294  139  305  2411  346
21  3  1  2  1202  1223  579  1097  321
16  2  2  5  1093  958  547  1178  253
15  3  1  2  222  217  112  2036  336
16  1  0  1  1112  620  1121  1313  339
21  1  0  0  108  66  94  2241  316
21  0  1  2  321  149  351  2007  260
20  1  0  1  1041  643  909  1377  247
21  3  1  3  677  628  391  1659  216
23  2  0  1  414  343  275  1691  319
23  2  1  3  1018  837  700  1129  344
22  0  0  0  1451  663  1597  1285  193
20  1  2  4  864  618  695  1392  324
20  1  3  7  1054  766  802  1332  275
22  1  3  6  153  83  142  2307  254
22  3  3  7  883  851  493  1251  321
21  1  3  6  820  419  812  1742  334
15  2  2  5  188  163  116  2037  300
21  1  1  3  552  346  488  1925  188
22  2  0  1  1272  1051  968  1062  217
17  3  0  1  452  515  155  1908  285
15  3  1  2  520  493  286  1637  188
16  0  0  0  194  76  226  2450  311
17  1  3  6  1118  570  1102  1376  327
16  0  2  4  360  162  361  2086  212
17  0  1  3  467  189  568  1914  255
20  0  3  6  355  153  386  1857  320
23  3  2  4  744  810  335  1251  307
20  2  2  4  100  79  59  2411  220
21  3  3  6  2087  2109  1016  892  324
23  3  1  3  980  1013  513  1033  266
17  0  1  2  1326  646  1486  1082  176
21  0  0  1  1754  837  1847  897  289
22  1  1  2  1722  1117  1425  974  308
16  0  2  4  402  193  387  2038  300
15  0  0  1  948  346  1090  1610  347
23  1  1  2  1514  975  1291  909  205
22  3  2  4  264  308  113  1886  225
16  2  3  7  691  604  386  1560  349
21  1  3  7  2449  1451  2198  860  330
15  2  3  7  639  482  496  1622  214
23  0  0  0  571  244  624  1618  297
15  1  1  2  1079  650  983  1269  299
23  2  2  4  2219  1971  1313  653  276
21  1  1  3  192  109  182  2505  242
21  2  3  6  188  147  135  2463  255
20  2  2  4  334  248  240  1977  312
20  0  1  2  603  314  611  1917  243
15  0  2  4  167  50  217  2130  118
16  1  2  4  209  131  169  2269  315
22  1  1  2  495  320  408  1761  367
23  3  0  1  1033  1126  494  1049  267
21  2  2  4  209  169  140  2183  275
15  2  1  3  703  563  442  1511  272
23  3  3  7  133  139  60  1987  239
23  0  3  7  2455  725  3018  752  149
15  2  1  3  891  665  614  1456  187
14  0  3  6  721  246  855  1934  171
15  2  2  4  513  358  420  1651  256
22  1  0  0  1039  743  798  1450  223
21  1  2  4  513  290  473  1814  207
21  3  0  1  995  1055  427  1254  285
22  3  1  3  742  894  305  1297  302
23  1  1  3  1412  758  1366  1015  248
22  0  2  5  1040  475  1142  1507  307
23  2  3  7  853  671  595  1175  197
15  1  0  1  1370  941  1124  1123  216
20  1  2  5  656  348  648  1619  224
22  1  1  2  1520  885  1359  1061  306
16  2  3  7  777  706  397  1450  309
21  3  2  5  252  257  105  2150  263
22  2  0  1  92  72  58  2669  323
14  1  0  1  1038  647  948  1254  339
22  0  0  1  1324  610  1447  1193  325
15  2  2  5  1243  904  964  1100  332
14  0  0  0  1273  393  1465  1319  233
17  1  0  1  154  109  118  2266  309
16  1  2  4  437  233  405  1934  309
14  1  0  0  1174  758  1029  1144  244
20  2  0  0  1781  1305  1248  945  216
15  2  3  7  1438  1394  785  1002  124
21  1  1  3  883  428  939  1545  334
22  1  1  2  582  358  498  1683  237
23  3  2  5  911  964  441  1026  354
17  3  3  6  683  687  342  1623  319
22  0  0  0  139  70  140  2710  309
22  3  3  7  69  69  32  2173  232
23  0  3  7  244  100  258  1968  320
17  1  0  0  704  428  600  1623  320
16  0  0  0  574  223  666  1987  286
20  0  0  0  125  66  119  2628  325
15  1  0  0  2315  1668  1798  806  291
23  1  1  2  200  100  201  2301  330
20  2  3  7  309  218  222  2199  237
21  3  2  5  333  329  163  2034  328
22  0  0  1  564  210  665  1883  295
17  2  0  0  75  67  43  2513  256
21  0  0  0  834  267  1006  1665  168
16  0  0  1  421  133  532  2152  338
14  1  2  4  592  409  519  1583  319
22  0  3  6  635  227  729  1801  370
21  1  1  2  303  206  246  1990  352
21  1  0  1  1325  728  1271  1036  269
20  0  3  7  573  288  579  1895  296
22  2  1  2  485  392  334  1551  238
17  2  0  1  923  697  651  1524  308
23  3  0  0  2132  2286  1066  566  307
23  0  0  1  294  110  345  2112  211
14  0  0  1  1341  506  1450  1249  332
22  0  1  3  1327  702  1344  1138  320
22  2  3  7  944  714  649  1423  328
21  2  3  7  110  112  61  2491  292
15  1  0  1  748  429  703  1599  341
15  1  3  7  376  220  382  2043  337
23  0  0  0  909  460  936  1268  205
21  2  1  3  154  135  97  2442  266
21  1  1  3  1393  701  1457  1220  309
14  3  1  3  1051  1202  378  1110  308
20  1  1  3  493  289  465  1955  210
17  2  0  0  996  774  684  1300  178
14  2  3  6  466  372  315  1867  216
14  1  0  1  299  155  299  2084  299
17  0  3  6  251  107  286  2475  273
17  3  1  3  67  68  35  2375  292
20  1  1  2  486  269  471  2064  324
21  3  1  3  1276  1367  547  1201  222
23  0  2  5  1113  518  1150  1126  324
14  1  1  3  572  377  490  1610  333
15  1  0  0  1590  923  1466  1061  351
17  2  0  0  513  452  288  1702  281
17  0  1  3  1736  916  1866  969  282
16  2  1  3  228  208  122  2113  307
20  1  1  3  784  405  762  1652  258
15  0  0  1  402  183  423  2120  324
17  0  0  1  814  324  923  1729  332
16  1  3  7  567  358  479  1665  279
21  2  0  1  352  291  242  1819  349
21  0  3  6  1142  401  1338  1487  308
17  1  1  3  287  209  225  2080  372
15  2  2  5  917  678  699  1280  306
16  1  2  5  323  207  263  2062  319
21  0  1  3  164  46  212  2802  243
15  2  0  1  323  282  187  1997  288
23  2  1  2  461  341  332  1837  320
17  0  1  2  512  225  598  1708  312
14  0  0  0  1108  518  1077  1287  249
15  2  2  5  1457  1115  1081  966  317
22  1  1  2  1782  947  1679  991  200
23  3  0  1  761  804  395  1222  220
21  1  1  3  749  395  764  1727  297
20  0  3  7  582  231  655  1861  332
14  2  0  1  1345  1177  748  1078  342
22  1  1  3  1089  750  900  1441  216
21  1  2  4  639  372  564  1603  222
21  3  0  0  532  572  218  1648  288
23  3  2  5  392  448  155  1562  312
21  1  0  0  1506  893  1380  972  163
16  3  2  4  1322  1394  506  1074  343
21  3  1  2  1265  1190  719  1121  335
23  0  0  0  727  354  754  1428  194
21  0  1  2  1392  549  1640  1136  300
15  0  2  4  750  284  917  1504  269
16  0  3  6  201  63  226  2698  234
15  0  3  7  563  185  725  1944  201
20  0  2  5  487  214  530  1738  260
22  0  3  7  743  328  784  1520  249
23  3  0  1  487  570  193  1504  180
20  2  3  6  1027  884  592  1242  237
16  0  0  0  227  100  249  2322  299
21  2  0  0  603  485  443  1539  328
22  1  0  1  868  618  676  1396  189
23  1  2  4  106  59  105  2275  159
21  1  0  1  908  481  894  1324  225
23  2  1  3  179  155  109  1962  238
23  1  0  0  113  60  116  2065  196
23  2  1  3  288  233  199  1803  274
20  2  1  3  273  234  167  2158  276
16  1  0  0  129  69  129  2448  272
23  0  3  7  601  224  678  1513  239
16  0  2  4  1229  428  1373  1306  259
23  3  1  3  965  1079  429  1027  339
21  2  3  7  209  178  134  2112  296
15  1  2  5  340  192  350  1966  289
20  0  1  2  164  58  193  2792  280
16  2  3  7  241  209  135  2133  302
22  1  0  1  1090  743  882  1252  287
20  2  1  3  2136  2014  1175  831  275
22  0  2  5  1714  679  2007  1128  348
15  0  1  3  1102  413  1266  1396  131
23  2  2  4  455  385  289  1596  127
20  1  3  6  286  180  245  1930  271
22  0  1  3  625  305  665  1647  236
14  1  0  0  574  361  512  1546  214
22  1  1  2  580  380  472  1696  245
17  0  1  2  452  193  534  1812  312
14  1  0  1  509  287  494  1727  238
21  0  2  5  277  140  258  1799  342
21  0  1  3  1493  687  1647  1180  334
17  1  3  6  1140  680  1018  1340  318
16  2  2  5  534  439  297  1683  308
21  0  0  0  1266  401  1569  1217  244
16  3  2  4  520  520  225  1670  289
22  0  2  4  2252  798  2737  1002  326
17  0  0  1  117  56  119  2703  155
14  0  0  0  768  233  889  1743  280
21  3  1  2  518  495  289  1657  236
21  2  0  0  127  101  88  2220  317
16  2  1  2  433  378  251  1845  331
14  0  1  2  1543  485  1710  1159  333
21  0  2  5  505  226  527  2001  341
15  1  1  3  844  471  814  1482  326
17  1  3  6  301  172  281  2326  152
17  1  1  2  459  277  430  1749  327
14  3  0  1  867  848  428  1255  289
21  1  1  3  97  50  98  2683  325
21  2  1  3  769  587  518  1459  130
23  1  0  0  1501  944  1339  908  284
20  2  0  0  1020  892  563  1263  323
16  0  0  0  553  244  618  1853  302
21  1  2  5  135  84  109  2453  231
15  1  3  6  258  160  246  2147  295
20  1  1  2  1015  593  954  1492  322
21  3  2  5  699  733  286  1561  340
15  1  1  3  904  508  861  1427  316
14  0  1  2  514  168  567  1935  324
20  1  1  2  707  423  661  1781  297
15  1  1  2  851  598  680  1405  334
20  2  0  0  654  499  470  1633  227
15  0  0  0  890  368  964  1609  337
16  1  0  0  454  333  368  1820  287
22  2  1  2  1223  998  934  1126  311
20  1  0  1  1035  740  790  1395  278
17  0  1  2  537  227  633  1701  292
21  1  1  2  1422  940  1224  1051  231
22  0  1  2  608  258  684  1852  306
15  0  2  5  1788  884  1966  927  313
17  3  2  4  423  445  191  1639  321
20  0  0  0  1242  391  1504  1426  323
21  1  0  0  1325  879  1103  1116  169
20  1  2  4  1376  731  1365  1154  236
16  0  2  5  893  436  863  1475  297
21  1  0  1  252  133  254  2032  321
21  1  3  6  1703  1039  1497  1066  288
21  2  3  6  330  276  221  2210  277
15  1  1  2  1312  832  1154  1117  337
21  1  3  7  899  612  719  1462  334
23  3  0  0  423  420  245  1450  289
22  2  1  2  380  349  250  1842  251
22  0  0  1  237  100  269  2238  209
21  1  0  0  450  259  419  1835  346
14  3  1  2  350  359  159  1788  328
20  2  1  3  555  473  351  1759  238
21  3  2  4  383  362  205  1900  258
23  2  1  3  375  312  250  1700  310
16  3  3  7  698  784  268  1505  269
17  1  0  0  1244  842  1043  1070  305
17  3  0  1  450  448  221  1946  291
23  0  2  5  72  19  94  2353  124
20  1  1  2  365  212  341  2163  156
21  3  0  0  539  537  268  1680  243
17  1  1  3  87  54  76  2398  293
17  1  0  1  272  154  241  2406  251
14  3  1  2  553  630  200  1544  343
17  1  2  4  449  247  424  1719  287
17  0  0  0  1021  521  1041  1337  215
14  1  3  6  711  455  674  1677  324
15  2  3  6  823  790  461  1341  204
20  2  0  1  508  411  309  1860  259
23  3  1  2  710  712  396  1218  298
20  1  2  4  214  148  174  2216  221
16  2  1  3  668  485  484  1574  224
21  2  0  1  968  834  647  1217  299
20  2  1  3  219  202  124  2278  113
16  3  3  7  749  750  370  1437  240
14  1  2  5  279  179  263  1848  349
21  1  1  3  123  74  114  2655  291
16  0  0  0  538  154  687  1966  332
17  2  3  6  173  153  102  2409  338
21  1  1  2  433  212  458  1824  333
22  2  2  5  133  116  75  1888  340
20  1  3  7  152  90  129  2422  360
14  0  2  4  1004  330  1168  1514  231
20  1  3  7  892  626  705  1472  215
20  0  1  2  1103  573  1126  1498  222
20  0  0  0  792  367  828  1678  224
21  0  1  3  615  286  667  1863  257
17  1  0  1  623  388  514  1860  318
20  2  2  5  2727  1998  2018  660  285
14  1  3  6  177  113  164  2418  251
21  0  1  2  1461  530  1771  1087  330
21  1  3  7  1530  968  1308  1126  282
22  3  3  7  252  271  100  1882  329
21  1  1  3  945  674  759  1337  370
21  3  1  3  579  620  244  1771  310
17  1  2  4  262  136  251  2061  358
14  3  1  2  543  616  200  1531  258
21  0  0  0  673  213  829  1629  304
17  0  2  4  598  219  708  1635  280
16  2  2  5  1043  799  638  1256  329
15  0  2  4  896  283  1180  1467  333
22  1  3  7  465  330  360  1903  135
20  0  3  6  465  142  569  1868  329
20  2  2  5  1608  1166  1195  922  287
22  1  3  6  133  59  124  2357  265
23  0  3  7  340  135  387  1858  317
20  2  0  1  675  507  464  1669  305
15  0  1  3  521  233  558  1885  330
20  1  2  5  282  213  236  1949  287
22  0  3  6  715  251  828  1795  197
15  2  2  5  281  229  195  1940  250
23  2  2  5  110  91  75  1929  252
22  3  1  3  836  957  397  1234  313
21  0  3  7  806  350  941  1623  249
16  3  2  4  303  322  113  1977  294
17  1  3  6  461  250  434  1963  260
23  3  1  2  634  643  354  1330  343
23  1  0  0  826  526  726  1217  285
21  2  2  4  1110  916  738  1251  308
17  1  0  1  2479  1432  2193  858  319
23  2  2  5  222  190  139  1745  191
21  2  3  6  334  302  204  2172  324
16  1  2  5  1103  636  970  1261  335
14  1  0  1  1195  740  1078  1167  225
22  1  0  1  1272  820  1076  1160  323
16  0  3  7  1164  347  1381  1390  266
22  1  0  1  556  355  473  1643  177
21  0  3  7  481  197  527  1966  257
23  0  1  2  1418  554  1584  1096  285
21  0  2  4  1088  380  1261  1443  361
22  0  1  2  520  225  580  1902  259
21  1  2  4  1236  740  1075  1153  188
16  3  0  1  713  708  392  1469  270
22  3  3  6  587  608  289  1469  262
16  0  2  4  1133  348  1337  1429  306
21  0  3  7  1829  759  2012  1055  221
17  1  2  4  593  381  498  1515  222
20  0  1  3  2422  913  2833  898  209
21  2  0  0  87  88  45  2302  297
22  3  3  6  438  475  185  1573  318
14  1  0  0  1003  607  923  1237  256
16  0  3  6  115  50  126  2784  253
16  3  1  3  1959  2144  843  811  252
14  1  0  1  218  108  225  2175  227
22  0  1  3  1215  490  1388  1252  330
20  0  3  6  1652  508  2028  999  335
21  3  1  2  317  321  154  1925  292
20  1  2  4  510  307  480  1822  297
15  1  0  1  1489  875  1368  1143  253
17  0  1  2  86  36  99  2304  323
17  1  3  7  525  333  511  1769  341
15  3  2  5  209  224  97  1918  127
14  1  2  4  200  121  193  2268  303
20  0  3  6  842  300  990  1456  260
23  2  2  5  69  46  52  2052  215
21  1  2  4  817  421  831  1541  292
20  2  0  0  85  69  46  2344  297
14  0  0  0  1495  608  1566  1152  337
21  0  3  7  273  115  299  2397  180
20  2  2  5  386  276  294  1798  317
15  2  3  6  92  64  78  2319  293
15  0  1  3  1115  509  1175  1322  268
23  1  0  0  475  259  466  1684  295
21  2  0  0  130  112  85  2217  261
22  1  0  0  796  499  692  1725  271
22  1  0  1  1349  878  1132  1108  333
20  0  2  5  910  454  955  1369  316
17  1  0  1  473  307  380  2055  379
22  0  2  4  603  261  701  1644  211
17  0  2  4  338  113  419  1949  264
16  0  3  7  351  149  375  2139  314
16  1  2  4  135  73  124  2447  251
21  2  1  3  435  321  349  2039  327
20  2  0  0  1047  962  542  1275  306
22  1  1  2  495  273  463  1846  316
16  0  0  0  375  128  442  2244  258
21  3  3  7  1638  1624  832  997  305
23  0  3  7  1795  839  1862  859  318
14  1  2  4  194  119  192  2350  269
20  1  3  7  355  245  281  2053  354
21  1  2  5  1044  515  1020  1431  263
22  0  3  6  101  38  117  2740  262
23  3  0  0  1422  1702  526  777  272
15  0  1  3  578  198  693  1934  313
15  1  3  6  468  267  476  1817  325
23  1  2  4  397  214  377  1798  380
22  2  3  7  184  133  135  2118  170
22  1  0  1  380  241  321  1907  240
16  2  3  7  261  214  157  2061  306
21  2  1  3  93  77  66  2595  296
17  0  0  0  1765  584  2142  1028  258
21  0  1  3  953  365  1128  1623  262
14  0  0  0  2760  937  3096  803  309
15  0  2  5  1677  730  1957  974  337
16  0  0  1  373  136  442  2165  282
21  2  1  3  988  771  705  1409  307
21  2  1  3  586  477  424  1790  317
23  1  0  1  1847  1092  1713  883  323
23  3  0  0  421  483  180  1409  205
21  3  0  0  1420  1527  595  1027  339
16  0  0  0  373  169  420  2098  200
15  1  0  1  175  123  138  2408  270
14  2  0  1  404  299  278  1806  311
22  1  2  5  562  349  477  1875  277
15  0  2  5  442  200  501  1850  276
23  3  1  2  257  286  119  1708  324
15  3  3  7  560  570  317  1620  343
15  2  3  7  447  340  342  1863  337
20  2  0  0  701  557  448  1575  315
14  1  2  4  264  174  239  2116  250
17  2  1  3  454  402  286  1706  284
14  3  1  2  574  679  185  1506  334
21  2  0  0  1032  968  598  1207  328
14  1  0  1  1145  656  1094  1208  322
16  2  1  3  262  205  174  2060  289
20  1  3  6  421  238  388  1740  313
14  3  0  1  792  814  345  1291  352
21  0  1  2  272  79  353  2306  330
22  2  2  5  352  277  205  1974  338
23  3  0  1  1238  1385  555  910  232
14  0  1  2  249  79  271  2202  284
17  2  0  1  2236  1849  1414  875  304
15  1  2  5  1298  829  1234  1100  221
20  0  0  1  236  80  276  2688  325
21  0  1  2  649  190  837  1783  342
21  1  3  6  351  193  331  2315  274
15  1  1  3  1062  537  1079  1351  321
21  0  2  5  220  72  248  2457  148
16  2  0  0  1331  1234  734  1052  367
15  1  3  6  205  125  204  2210  223
20  1  3  7  1543  1002  1305  1077  197
23  2  0  1  1380  1216  865  934  221
22  0  3  7  384  184  393  2008  313
21  1  1  3  459  317  373  2025  322
16  1  3  7  349  235  277  1961  322
16  0  2  4  676  328  656  1663  305
23  3  0  1  289  294  158  1795  152
22  1  2  4  146  89  124  2424  317
21  0  2  5  1140  430  1272  1460  297
14  0  0  0  1421  630  1424  1088  335
17  1  1  2  986  607  901  1286  200
21  1  0  1  486  321  409  1603  307
22  0  2  5  294  96  367  2443  318
20  1  0  1  584  390  476  1759  255
23  3  0  1  794  794  454  1151  313
21  0  0  0  690  291  769  1594  322
16  2  2  5  238  168  161  2177  332
22  1  2  4  274  168  237  2226  177
16  3  0  1  1298  1322  684  1058  331
17  1  1  3  1510  892  1422  1043  342
16  3  3  7  398  399  194  1861  281
20  1  2  5  516  298  484  1706  293
20  0  1  2  819  419  839  1681  169
23  2  2  4  724  513  577  1411  304
22  0  3  6  533  182  630  1926  290
16  2  3  7  667  526  424  1571  325
20  2  2  5  152  131  93  2185  280
14  1  2  5  804  447  826  1284  319
21  3  0  1  868  876  422  1307  217
20  1  3  6  203  121  179  2052  371
21  0  2  4  394  116  483  2196  289
23  0  2  5  512  217  553  1578  313
14  0  2  5  1841  843  1878  880  262
22  3  2  4  598  683  258  1552  256
15  2  3  6  2175  1878  1430  779  192
20  1  3  6  1001  689  803  1201  221
14  0  1  3  1268  491  1303  1252  273
21  0  0  1  666  326  694  1548  191
16  2  2  5  273  206  169  2087  288
23  0  0  0  142  57  164  2192  274
21  0  3  6  436  197  476  2055  178
20  2  0  1  929  680  656  1466  293
21  1  1  3  1153  650  1126  1355  322
20  1  3  7  723  503  572  1612  199
22  3  2  4  498  597  189  1664  281
15  1  2  5  637  339  675  1703  224
20  2  3  7  512  422  318  1881  241
16  0  3  6  1713  526  2028  1212  351
15  1  3  6  1669  1019  1632  943  196
16  2  1  2  183  161  104  2240  278
17  3  2  4  463  460  239  1585  287
21  3  0  1  1780  1923  743  872  286
16  2  1  3  2464  1907  1675  760  325
20  0  3  7  554  253  588  1908  291
15  0  2  5  613  268  712  1646  318
14  3  0  0  508  478  272  1514  191
20  1  3  6  609  415  487  1561  321
15  2  0  1  156  132  93  2333  192
16  2  3  6  1521  1227  940  1111  234
21  2  2  5  1368  1132  906  1107  207
22  1  3  6  178  103  148  2253  184
22  1  0  1  911  515  820  1351  345
17  3  0  0  866  920  365  1352  310
15  0  1  3  1342  406  1649  1313  348
20  2  1  3  105  81  70  2548  273
16  3  3  6  364  382  167  2086  301
23  2  3  7  174  141  118  1905  327
14  3  3  6  1048  1214  364  1209  333
14  1  1  2  912  546  831  1359  218
20  1  1  3  486  288  449  1937  333
17  3  3  6  717  781  290  1568  315
23  0  1  2  517  259  522  1692  322
22  2  2  4  287  240  205  2130  263
21  1  2  5  302  146  307  2178  298
23  0  2  4  493  175  566  1852  254
22  0  0  1  2467  1013  2829  814  237
17  1  1  3  2291  1677  1812  759  257
20  1  0  1  96  68  75  2686  307
22  2  2  5  848  777  471  1113  289
17  1  3  6  995  509  981  1504  250
22  1  1  3  648  455  505  1564  272
21  3  0  0  2221  2295  1024  773  215
21  0  2  5  127  32  157  2692  281
20  1  1  3  463  254  451  2051  302
22  1  3  7  886  451  806  1375  304
15  0  1  3  1040  497  1074  1378  357
23  2  2  5  600  552  336  1278  333
23  0  3  7  583  197  694  1636  240
22  1  2  5  883  597  694  1539  293
15  2  3  6  404  356  254  1744  317
17  1  1  3  86  47  80  2442  320
22  2  0  0  549  508  361  1785  249
17  0  1  2  401  166  473  1877  276
15  1  0  1  2501  1395  2378  812  360
20  1  1  3  74  52  63  2643  268
21  1  2  5  2396  1413  2110  819  317
21  0  1  3  1198  543  1327  1380  266
16  1  2  5  1027  528  977  1368  332
21  0  0  0  899  422  956  1429  223
20  0  2  5  1817  819  1986  929  366
16  2  2  5  702  583  378  1527  316
17  1  0  0  2060  1234  1773  866  305
22  1  2  5  349  248  266  2156  312
15  0  0  0  483  178  545  2013  323
21  3  0  1  247  264  116  1990  295
21  0  0  0  758  271  908  1592  299
15  0  3  6  648  265  765  1659  337
16  0  3  7  764  349  778  1617  249
16  0  3  6  967  331  1111  1664  291
21  2  3  7  980  755  735  1340  240
20  0  0  1  1192  418  1442  1348  233
17  2  0  1  102  65  82  2595  250
22  1  3  6  113  82  82  2308  233
21  0  0  0  179  63  209  2269  297
17  1  1  2  1926  1088  1871  879  260
15  0  1  2  1204  350  1491  1384  344
14  0  3  6  1258  430  1501  1486  245
21  2  0  1  1086  903  662  1295  332
16  1  3  6  393  248  332  2150  309
17  0  1  2  890  269  1071  1670  311
20  1  0  0  461  336  353  1881  322
21  1  1  3  648  353  621  1514  306
20  0  1  3  815  367  891  1703  274
23  1  0  0  750  415  715  1451  277
22  0  1  3  910  480  923  1393  321
22  0  3  6  191  67  215  2387  272
15  0  0  1  959  481  956  1473  342
20  1  0  0  1170  667  1083  1251  319
23  0  0  0  583  248  649  1676  318
15  1  0  0  190  125  157  2370  312
17  2  1  3  344  325  196  1837  193
22  0  3  6  552  259  569  1789  320
14  3  0  1  492  492  231  1618  332
14  0  1  3  859  364  856  1477  228
21  0  2  5  1355  461  1576  1287  304
20  0  2  5  766  242  934  1561  244
23  3  3  7  121  125  53  1994  352
23  1  2  5  1804  989  1699  795  296
15  1  0  1  800  537  668  1525  249
17  1  0  1  109  66  90  2682  344
15  1  0  0  1567  815  1544  1108  255
15  1  1  2  152  101  123  2321  264
14  1  0  0  1493  879  1395  957  347
16  2  0  0  311  263  206  1927  312
22  1  3  7  603  292  567  1582  337
14  1  1  2  284  193  232  2096  236
20  1  2  5  65  44  50  2308  332
14  1  0  1  2332  1496  2042  787  329
20  0  0  1  593  206  698  2017  207
17  1  1  2  1693  1017  1582  942  243
22  3  1  2  862  1025  369  1230  240
17  2  1  3  50  41  35  2444  237
16  3  3  7  442  486  213  1695  359
22  0  1  2  1586  737  1714  1125  322
15  2  0  1  478  342  346  1900  338
17  1  3  6  1301  875  1055  1172  147
17  2  0  0  1415  1270  790  1030  313
23  3  0  1  457  500  215  1503  176
17  0  0  0  407  150  478  2012  277
22  0  2  4  1330  667  1395  1243  349
22  1  0  0  458  318  367  1997  261
21  2  2  4  136  99  98  2322  312
22  1  1  2  969  550  876  1389  320
23  3  0  1  491  520  249  1496  333
17  2  1  2  265  248  157  1934  276
23  3  0  1  702  854  250  1287  329
15  0  2  5  1542  587  1900  1109  336
22  1  3  6  914  569  725  1404  316
21  1  3  6  302  173  270  2342  211
20  0  3  6  446  142  546  1911  223
14  3  0  0  428  452  176  1623  166
22  2  1  3  663  590  466  1455  307
21  0  3  6  318  103  375  2461  319
14  0  1  3  1263  497  1293  1279  306
21  3  2  5  188  183  94  2273  303
14  1  0  0  1509  863  1443  951  273
17  2  3  6  142  104  105  2522  244
23  3  0  0  311  327  159  1586  334
15  3  2  5  349  339  208  1714  204
15  1  0  1  1142  624  1106  1349  274
23  0  0  1  1223  428  1462  1302  343
15  0  3  7  343  166  377  2128  254
17  3  1  2  1002  1076  477  1182  326
21  2  1  3  56  49  33  2688  310
21  0  3  6  1682  622  1929  1200  206
20  1  1  3  96  64  77  2590  319
14  3  1  3  306  351  109  1767  342
22  2  1  3  432  356  324  1721  311
20  2  1  2  1420  1190  923  1147  343
17  3  0  1  554  579  238  1816  353
21  0  3  7  162  63  183  2596  208
23  0  1  2  379  118  419  2221  304
16  1  3  6  571  369  479  1790  327
22  2  0  1  330  275  248  1846  229
21  0  1  3  318  130  368  2371  217
22  1  1  2  209  134  177  2194  326
22  0  3  7  452  151  527  1925  196
15  0  2  5  405  179  470  1907  193
20  2  3  7  891  710  550  1383  167
17  0  0  1  542  272  559  1969  329
15  2  0  1  2352  1872  1516  777  349
22  3  2  5  975  1076  453  1256  231
20  1  3  7  235  148  204  2283  313
22  3  2  5  676  736  333  1504  244
17  0  1  3  797  393  739  1474  335
20  0  2  5  654  306  701  1604  288
14  3  0  1  510  524  226  1592  294
16  0  3  6  198  77  210  2711  306
14  0  2  5  1059  400  1171  1352  333
20  0  2  5  1545  618  1781  1062  191
21  2  0  1  145  138  75  2144  327
22  1  0  1  1029  714  814  1261  260
20  1  3  6  1600  945  1451  965  280
21  3  3  7  290  289  143  2152  317
22  0  1  2  940  395  1051  1503  172
22  3  3  6  142  161  50  2108  213
14  0  2  4  672  310  677  1750  323
23  3  2  4  793  832  389  1232  232
17  0  0  1  2077  971  2215  957  275
17  1  1  3  971  597  889  1343  322
21  1  1  3  239  141  228  2381  240
22  1  0  0  328  235  254  2261  362
20  0  1  2  583  299  597  2004  319
23  2  0  0  263  224  167  1708  281
21  1  1  2  303  154  312  2010  312
23  2  2  5  150  117  97  1851  285
22  0  1  2  377  177  402  2044  320
17  1  0  0  1159  632  1076  1251  270
15  1  0  1  480  318  408  1913  234
15  0  3  7  1308  688  1389  1204  193
14  0  2  5  1833  570  2154  945  331
20  2  1  2  748  596  513  1609  155
15  1  0  0  914  549  828  1451  335
21  2  3  6  194  144  145  2458  237
17  2  3  6  400  302  292  2052  314
20  0  2  4  214  68  275  2542  231
23  2  1  3  105  81  72  2090  290
21  2  1  2  462  339  378  1695  247
20  1  3  6  262  171  220  1977  352
14  1  3  6  844  569  764  1511  328
21  0  2  5  682  207  824  1890  198
23  2  3  7  575  524  322  1389  327
17  0  0  0  162  49  190  2374  333
17  1  2  4  652  461  509  1367  313
22  1  3  6  625  440  546  1749  335
20  2  0  0  1301  1035  817  1154  286
16  1  1  3  723  382  721  1560  263
21  0  1  3  1303  451  1613  1379  283
17  0  0  1  508  197  583  2073  236
15  2  0  0  240  212  128  2154  278
17  1  0  1  118  76  90  2692  235
21  1  3  6  1046  640  927  1472  412
22  3  2  5  761  798  295  1438  189
17  1  2  4  1030  640  894  1180  314
16  1  2  5  281  183  225  2110  325
20  2  2  5  812  736  458  1351  323
20  1  3  7  150  73  150  2500  337
20  1  0  1  453  292  386  2026  351
21  1  3  7  963  551  888  1474  235
15  0  2  4  468  155  606  1917  367
17  1  0  1  1204  662  1107  1349  319
22  0  2  4  399  181  440  2075  314
21  1  0  1  2472  1592  2114  729  185
23  2  2  4  1437  1263  859  888  339
17  2  1  3  1179  1041  751  1116  319
21  2  0  1  460  406  296  1635  160
22  0  2  4  816  432  836  1622  324
17  2  0  0  301  238  200  2092  292
22  0  1  3  182  94  194  2239  339
16  3  0  1  779  920  280  1418  269
16  0  2  5  1506  427  1804  1216  301
16  3  1  3  1300  1361  625  1014  176
16  0  1  3  257  116  274  2269  298
17  1  3  6  1605  823  1575  1126  283
20  1  2  5  238  159  186  1991  170
14  1  3  6  419  277  385  2006  278
20  0  1  3  210  83  237  2581  340
15  1  3  7  487  339  432  1775  182
17  3  3  6  1281  1492  433  1147  269
21  0  3  6  1307  544  1435  1390  251
15  0  3  6  2269  1051  2557  824  345
16  0  2  4  1776  520  2103  1085  352
17  2  2  4  664  488  504  1421  312
22  0  3  7  427  168  470  1976  341
15  0  1  2  294  148  288  2137  320
20  2  1  3  327  297  188  2090  326
20  2  3  6  191  165  109  2053  330
23  0  0  0  1261  438  1510  1203  317
17  3  2  4  1315  1387  602  969  189
21  0  2  5  967  460  972  1244  335
15  1  0  0  1139  617  1104  1317  294
21  0  1  2  1516  485  1929  1138  259
15  0  2  4  230  66  302  2256  248
20  0  2  5  809  391  855  1455  326
21  2  1  3  1099  863  840  1305  251
21  0  3  6  280  98  330  2532  182
16  0  3  6  346  162  350  2287  325
17  0  3  6  435  150  535  2175  214
16  1  0  1  832  468  834  1528  252
15  1  3  7  470  349  398  1787  360
14  2  2  5  424  342  287  1736  263
22  3  1  3  1163  1344  537  1004  272
17  1  1  3  1112  777  921  1198  290
21  0  1  2  480  212  538  1800  325
22  0  2  5  281  96  342  2504  315
23  2  1  2  319  261  227  1723  255
16  3  0  0  1292  1272  730  1045  313
15  3  3  6  233  282  87  1928  237
23  1  3  6  549  289  530  2000  270
22  0  1  3  1012  392  1165  1379  257
21  2  0  1  353  295  237  1783  197
16  3  0  0  1207  1225  647  1075  346
15  0  1  3  580  267  619  1842  221
15  0  3  6  363  177  403  1975  340
16  2  0  0  1504  1338  888  1009  333
17  0  0  1  189  89  202  2563  276
17  2  1  3  2231  1994  1400  768  275
21  0  0  0  1067  538  1094  1304  284
14  0  1  3  306  140  290  2108  303
23  2  3  7  1736  1569  1000  733  260
22  1  2  5  169  101  144  2452  332
14  1  2  4  705  540  568  1534  230
16  0  2  4  1187  475  1268  1291  245
14  3  2  4  615  735  227  1498  353
21  3  0  1  645  659  307  1502  201
20  2  3  6  359  320  200  1833  287
21  1  3  6  159  81  151  2608  367
15  0  1  3  433  123  543  2178  308
23  2  2  5  100  87  59  1932  313
21  1  2  4  173  123  123  2265  325
21  1  3  7  108  71  90  2581  248
17  2  0  0  515  450  301  1736  300
21  1  1  2  619  387  560  1634  300
20  2  0  0  379  301  242  1966  265
16  3  2  5  957  926  449  1228  332
16  0  1  3  1598  799  1602  1034  302
16  1  0  0  743  473  687  1510  272
17  1  3  6  144  87  127  2459  337
21  2  3  6  539  464  349  1881  265
17  1  2  4  566  333  510  1585  302
16  0  0  1  517  157  652  2055  343
14  1  2  4  891  668  729  1335  314
16  1  1  3  862  498  797  1440  318
20  1  2  5  618  354  589  1568  258
23  0  0  0  302  121  342  1984  308
22  2  1  3  694  600  496  1428  363
20  2  1  2  130  99  94  2563  318
20  1  2  4  565  291  571  1800  324
17  2  0  0  1031  794  704  1274  359
14  1  2  5  1626  1087  1468  886  335
20  0  3  7  523  233  560  1939  329
22  0  0  0  205  47  268  2624  321
22  0  1  3  1687  646  1949  1049  211
15  0  3  7  1537  540  1938  1179  273
15  1  3  6  1144  665  1155  1261  229
17  1  3  6  679  422  585  1684  278
22  0  3  6  486  175  551  1990  292
16  2  0  0  1445  1125  1020  1036  172
16  0  3  6  999  375  1108  1565  171
17  2  1  3  222  187  149  1985  174
20  1  0  1  1062  624  957  1379  283
14  1  0  1  1001  610  911  1322  266
16  1  3  6  1086  749  868  1355  339
17  2  1  3  1130  850  877  1182  238
21  0  0  1  266  95  318  2077  246
23  2  0  0  650  601  370  1260  323
16  1  0  1  1415  970  1230  1066  180
23  2  2  4  589  511  359  1423  322
21  2  1  3  178  144  125  2408  301
20  0  3  7  368  170  394  2210  163
15  0  2  4  439  210  490  1826  348
20  2  3  7  1560  1204  1045  1043  343
17  0  1  2  1802  651  2267  987  346
21  1  0  0  814  555  633  1470  274
14  0  2  5  2592  1122  2717  686  326
21  1  0  1  376  197  368  1847  325
22  1  2  4  61  37  51  2530  340
16  3  1  3  418  415  218  1762  362
20  2  2  4  668  607  372  1539  329
20  2  0  0  721  514  525  1763  168
21  1  0  0  327  201  292  1929  212
17  0  1  3  208  65  273  2329  169
21  2  2  5  558  442  391  1730  324
22  0  1  3  292  104  346  2078  259
22  3  3  7  802  818  400  1261  311
16  3  0  1  328  333  172  1937  264
22  1  2  4  1290  722  1177  1256  301
15  2  1  2  1242  1021  764  1103  209
22  0  2  4  345  151  378  2170  312
20  1  0  1  777  486  663  1646  152
16  1  1  2  814  491  745  1519  337
14  2  3  6  2411  1785  1797  783  354
20  1  1  2  233  161  192  2358  309
15  3  2  5  231  235  121  1888  284
20  2  1  2  1159  886  843  1308  319
21  0  2  5  602  178  733  1914  237
22  3  2  4  316  392  110  1798  272
23  1  2  5  951  515  898  1176  285
22  1  2  4  104  60  93  2495  315
17  3  3  6  618  593  341  1708  308
16  0  3  7  706  246  799  1646  301
20  1  3  7  124  67  113  2543  319
21  1  1  2  858  538  768  1398  321
21  2  1  2  772  627  563  1400  328
20  2  3  7  177  144  107  2347  252
20  0  1  3  2550  1196  2736  843  273
20  2  2  5  280  228  183  1911  266
22  3  2  4  1382  1596  579  974  399
21  1  2  5  349  239  269  2040  217
22  1  2  5  1083  561  1040  1463  204
16  0  0  0  586  226  687  1836  332
16  3  0  0  446  448  238  1769  329
17  2  0  1  321  276  189  2218  281
22  1  1  3  894  591  738  1343  344
23  1  3  7  889  448  886  1249  189
15  1  3  6  162  102  156  2170  301
17  1  0  1  345  210  293  2302  242
22  3  3  6  511  483  291  1791  357
20  0  0  1  1213  361  1492  1544  318
20  2  3  6  1775  1508  1045  817  345
16  3  2  5  799  789  355  1385  322
14  1  2  4  969  640  884  1326  243
23  2  2  4  450  371  293  1619  303
21  0  1  3  572  241  659  1949  328
16  0  2  5  624  211  713  1830  272
22  3  2  5  397  478  156  1820  240
15  0  3  6  705  287  835  1614  226
21  1  1  3  574  354  519  1848  324
16  3  2  4  630  640  262  1572  256
17  0  2  4  57  26  61  2344  346
22  3  2  5  258  296  113  2060  194
22  0  1  3  591  265  649  1760  329
14  2  2  5  1265  971  914  1004  325
15  1  2  4  1344  682  1470  1117  328
21  0  3  6  353  120  413  2376  171
20  1  1  3  671  429  599  1757  327
23  1  0  1  986  510  997  1261  355
16  3  1  2  171  198  64  2212  311
21  1  1  2  588  328  576  1640  237
22  1  1  3  504  357  389  1743  311
16  1  1  2  918  513  885  1484  357
20  0  3  7  758  291  875  1622  314
15  1  0  0  1157  609  1140  1273  340
22  1  0  1  1756  975  1631  971  272
22  0  3  7  461  158  521  2026  283
16  3  0  0  563  669  198  1607  246
15  2  0  0  178  158  98  2250  184
22  3  2  4  125  148  42  2243  290
15  1  2  5  1529  937  1487  985  266
15  0  2  5  1795  560  2356  991  274
16  1  0  0  657  431  595  1581  336
15  1  3  6  1124  744  1040  1216  271
21  2  0  1  300  274  175  1905  312
21  1  2  4  598  380  491  1706  137
14  2  2  4  638  498  449  1538  207
22  0  3  6  385  128  446  2124  176
15  1  2  4  455  307  406  1712  310
15  0  0  1  711  221  852  1830  267
16  1  2  5  1447  999  1099  1049  305
20  0  2  4  1019  419  1169  1394  314
16  2  1  2  252  236  127  2092  168
20  2  3  6  338  270  218  1825  229
17  1  1  3  486  281  463  1806  195
16  2  3  7  438  399  264  1774  207
20  0  1  3  392  102  488  2227  225
21  1  1  2  425  289  349  1809  179
21  0  2  5  881  268  1071  1678  344
17  3  3  6  198  217  81  2330  159
15  1  1  2  426  272  373  1810  301
15  1  2  5  1016  555  1062  1238  203
23  1  2  4  753  452  667  1354  290
14  3  0  0  1377  1478  541  919  357
23  1  2  4  1100  607  1028  1181  268
16  1  1  3  438  250  418  1898  286
17  0  1  2  1764  823  2023  923  315
22  1  2  5  1361  736  1273  1265  373
16  3  1  3  694  742  319  1450  254
20  0  0  0  1631  583  1911  1176  217
17  0  3  6  1569  772  1673  1115  145
15  2  2  4  948  816  600  1168  205
22  0  0  1  593  263  658  1750  257
21  1  1  3  1133  602  1118  1263  332
16  2  2  4  1179  1037  584  1162  301
16  2  2  4  1097  865  650  1205  313
20  2  2  4  172  144  106  2280  263
15  1  0  1  630  437  502  1672  326
16  2  1  3  178  130  125  2214  290
22  1  1  3  957  518  951  1516  347
16  1  3  6  93  66  71  2686  310
23  0  2  5  1268  607  1284  1031  298
21  2  1  2  1011  800  765  1214  302
15  2  1  2  1207  919  821  1155  338
16  3  1  3  877  888  445  1293  288
20  1  3  6  1153  658  1059  1149  318
15  2  2  5  213  185  135  2006  159
17  0  1  3  1358  449  1762  1159  335
21  2  1  3  890  781  582  1471  180
14  1  1  3  420  235  390  1808  235
20  1  0  0  735  499  590  1530  299
23  1  2  5  172  95  169  1935  287
22  1  0  1  1329  851  1132  1141  278
15  0  0  1  591  216  682  2020  344
16  0  3  7  431  168  472  1997  207
23  1  1  3  193  94  194  2111  324
16  0  0  1  2244  740  2776  957  192
20  1  3  6  1263  766  1125  1079  205
14  1  3  6  384  237  369  2048  282
16  3  0  0  809  916  328  1388  284
15  1  0  1  1315  863  1110  1184  322
20  2  0  1  169  124  116  2441  305
17  2  0  1  614  483  409  1809  217
21  1  1  3  95  65  80  2682  318
20  0  1  3  1160  537  1253  1439  315
16  0  3  7  981  372  1084  1473  342
17  0  3  6  289  131  321  2266  194
22  1  3  6  357  184  326  2034  290
20  2  1  3  1241  942  906  1239  308
23  2  0  1  1846  1591  1198  821  297
14  1  2  4  2351  1622  2065  777  300
20  1  0  0  755  490  632  1558  284
21  1  0  1  2409  1728  1864  703  250
15  3  2  4  1435  1488  741  909  297
16  3  1  2  180  171  98  2222  252
15  1  2  4  1337  900  1211  1037  310
23  2  0  0  784  674  509  1201  316
23  2  2  5  862  770  507  1105  324
15  0  2  5  888  337  1104  1420  161
16  0  2  4  588  175  689  1891  255
17  0  0  1  692  260  799  1843  237
22  0  1  2  966  332  1158  1517  258
23  1  1  2  346  211  294  1814  324
17  0  1  3  248  121  276  2179  323
14  3  0  0  702  670  375  1364  183
20  1  2  4  491  296  450  1828  278
22  1  3  6  499  290  417  1745  183
20  2  2  4  1270  920  961  1185  270
23  0  0  0  799  343  880  1400  241
16  2  1  2  1331  1167  767  1093  338
17  0  1  3  1588  858  1693  981  295
22  2  0  0  680  611  473  1653  309
14  1  1  2  481  259  472  1862  315
23  2  2  5  1233  936  890  969  297
22  1  0  1  828  502  734  1408  232
22  0  2  5  1663  621  1974  1195  272
15  2  1  3  1071  905  622  1232  283
21  2  2  4  453  347  330  1833  249
17  1  0  0  237  125  221  2260  272
20  1  3  7  578  356  511  1798  299
17  1  1  3  1169  737  1046  1217  382
16  3  3  6  1092  1091  542  1244  313
17  3  3  6  320  331  144  2128  315
22  1  2  4  807  548  626  1515  307
21  1  0  0  420  309  313  1770  283
22  2  0  1  1280  1100  925  1060  184
15  1  1  2  565  361  491  1674  150
16  2  1  2  444  381  259  1851  265
16  2  0  1  312  260  203  2040  230
15  1  2  5  250  139  252  2107  219
21  0  1  2  250  93  299  2331  327
22  3  3  7  333  353  158  1732  261
14  1  2  5  720  409  723  1366  334
17  2  2  4  1210  1037  755  1054  188
22  0  3  6  189  95  184  2328  314
20  1  3  7  298  182  261  2207  322
21  3  0  0  394  389  198  1815  324
21  2  2  5  970  844  603  1348  243
16  0  0  1  1104  333  1399  1481  246
17  1  1  2  372  226  349  1887  252
23  3  1  2  350  418  128  1612  210
20  1  0  0  257  176  208  2189  291
17  0  1  2  998  448  1154  1280  330
14  0  1  3  483  212  477  1887  318
23  3  1  2  410  502  136  1531  258
15  2  3  7  870  765  553  1328  310
23  2  1  3  396  321  267  1675  258
20  0  2  4  117  52  120  2498  192
20  2  2  5  1687  1316  1167  907  278
21  1  3  7  1144  814  882  1305  308
22  3  3  6  871  1006  305  1209  306
16  3  3  7  887  1037  295  1359  281
20  1  2  5  493  276  470  1699  206
16  0  1  2  1720  560  2039  1165  340
23  0  1  3  741  255  879  1608  318
20  2  3  6  538  455  310  1840  257
16  0  0  0  394  175  433  2018  232
17  2  0  0  155  109  112  2336  304
16  0  2  4  734  213  868  1758  324
22  0  1  3  1028  482  1099  1347  222
21  1  0  0  1602  1077  1329  978  323
21  2  1  3  914  804  556  1430  289
16  3  3  6  665  687  305  1652  325
21  2  0  0  338  294  213  1858  258
16  3  2  4  240  244  98  2055  179
15  1  0  1  339  245  266  2077  159
21  1  3  6  544  339  469  1948  318
17  1  0  0  1292  694  1200  1200  303
23  3  2  5  380  393  195  1510  362
23  3  1  2  347  366  158  1922  335
16  2  3  7  153  120  98  2284  331
17  2  0  0  159  130  98  2341  275
22  3  2  5  718  795  331  1467  329
23  0  1  3  387  150  439  1886  191
17  2  1  2  643  513  464  1527  332
22  1  3  6  881  482  765  1404  122
14  1  0  1  457  289  404  1809  259
17  2  0  1  441  349  297  2034  292
22  2  1  3  2593  2219  1866  661  349
21  0  1  3  1204  453  1447  1452  215
22  0  0  1  502  175  603  1961  302
17  0  2  4  545  184  674  1695  312
16  2  3  6  1474  1287  812  1143  312
15  3  1  2  405  375  235  1777  305
16  2  2  4  119  87  71  2343  362
16  2  3  7  408  342  275  1802  326
17  2  1  2  878  675  668  1305  261
22  0  2  4  957  319  1180  1627  276
17  0  0  0  1212  418  1448  1251  241
17  0  1  3  1330  652  1485  1122  304
17  0  0  1  560  296  565  1973  270
22  1  0  0  847  513  745  1633  311
22  2  1  2  821  746  543  1339  320
21  2  3  7  200  161  138  2310  281
16  1  1  2  358  211  337  2031  305
23  0  2  4  490  231  491  1754  301
16  2  1  3  578  531  309  1553  329
17  1  0  0  438  266  370  1987  223
17  3  0  0  387  395  175  1866  192
15  0  2  4  125  50  146  2352  238
16  2  0  0  1005  796  701  1281  297
20  1  3  7  768  441  710  1617  160
23  1  2  5  135  76  123  2002  233
17  1  1  2  1188  741  1076  1128  223
16  1  3  7  1189  723  1047  1250  305
15  1  1  3  283  174  257  2174  246
15  2  1  2  317  257  201  1948  324
23  0  0  1  1073  480  1169  1318  240
16  1  2  4  321  194  269  2044  261
17  0  2  4  108  47  115  2288  284
22  0  2  4  194  83  211  2390  304
15  1  1  3  630  380  574  1686  286
21  1  3  6  245  167  194  2355  226
16  0  3  7  343  158  345  2155  326
23  3  2  4  250  275  112  1781  303
14  1  3  6  1370  874  1303  1150  276
17  1  0  1  693  463  588  1539  301
15  2  3  7  353  333  197  1907  289
17  1  1  3  185  111  175  2300  213
14  1  0  1  391  211  385  1859  280
17  0  3  6  1355  479  1660  1321  164
23  3  2  4  374  422  149  1704  329
15  1  0  0  1632  1093  1350  1050  338
23  2  0  0  164  121  124  2279  276
16  0  0  1  232  117  242  2342  273
22  1  1  2  2578  1605  2195  771  184
17  0  3  6  209  99  231  2449  145
16  3  3  7  1536  1779  528  973  304
20  0  2  5  247  89  297  2255  298
17  0  3  6  599  289  643  1872  289
14  0  0  0  367  135  407  2105  235
22  2  2  4  850  710  602  1413  329
22  1  2  5  921  464  912  1554  323
22  1  2  4  195  112  175  2051  326
17  0  1  3  759  352  866  1523  335
16  0  1  2  504  198  558  1933  294
23  3  0  0  533  526  315  1304  233
16  3  2  4  1083  1144  411  1160  256
23  1  2  4  256  141  242  2015  325
21  0  3  6  1935  596  2283  1106  345
20  2  0  0  93  67  62  2366  315
21  0  0  0  460  209  497  1786  290
16  1  1  2  204  126  179  2329  318
22  0  2  5  714  247  871  1901  317
16  0  3  7  800  230  962  1683  326
20  1  0  0  2633  1875  2023  697  340
20  2  1  3  554  460  361  1811  319
22  0  2  4  346  171  361  2190  240
15  1  0  1  282  190  232  2214  338
16  2  1  3  1448  1043  1071  1082  290
15  2  1  3  406  322  252  1833  303
15  0  1  2  1997  585  2477  995  348
22  1  0  0  480  326  397  2055  301
17  3  2  4  202  225  76  1913  122
17  0  1  2  537  212  654  1695  149
23  3  1  2  174  151  124  1898  304
20  1  2  4  184  98  174  2077  325
15  2  2  5  897  673  672  1295  114
20  0  3  7  447  167  515  2194  317
15  1  0  1  228  126  219  2335  244
20  0  2  4  395  165  437  2058  316
16  1  1  2  381  270  304  1949  159
15  0  3  6  432  131  554  1978  342
14  0  2  4  387  190  386  2056  340
14  0  1  3  1276  526  1282  1220  298
21  1  0  0  307  182  276  2000  312
22  3  1  2  245  312  86  1908  284
20  0  2  4  1607  661  1819  1096  233
17  2  1  2  417  327  314  1763  260
17  3  3  6  1144  1271  449  1226  288
16  2  2  5  607  491  342  1612  328
17  0  1  3  183  82  210  2314  334
15  1  3  6  1693  990  1709  963  337
15  0  2  4  693  274  834  1594  312
15  1  0  1  342  197  315  2171  203
22  0  2  4  249  121  263  2321  395
20  1  2  5  1224  808  1055  1136  207
16  3  3  7  359  428  109  1983  341
23  1  1  3  571  358  518  1659  321
14  0  3  6  1547  492  1892  1304  264
15  0  1  3  1840  610  2204  1093  339
20  2  2  4  227  217  137  2145  193
14  3  0  0  283  304  113  1834  317
21  0  1  3  466  166  571  2253  232
14  0  0  1  1386  599  1403  1173  324
20  2  1  2  375  337  211  1948  361
20  1  2  5  1522  811  1515  984  252
17  0  3  6  84  46  84  2661  160
14  1  0  0  1528  996  1319  942  313
21  0  0  0  309  144  332  2022  316
17  0  2  4  237  105  242  2345  276
15  2  3  7  315  272  202  1951  212
22  1  1  3  755  436  679  1552  263
16  1  0  0  1033  673  936  1288  312
14  1  2  5  596  443  493  1430  321
15  0  3  7  1873  612  2394  1041  360
20  2  2  5  923  740  618  1254  299
23  0  3  7  450  185  493  1687  235
21  0  2  4  601  272  627  1852  330
16  1  0  1  393  223  403  2015  220
20  0  2  5  146  67  150  2258  386
16  2  0  0  99  88  53  2337  332
16  3  3  6  703  762  295  1646  341
14  1  3  6  693  478  617  1747  326
17  2  1  2  1202  994  835  1056  318
14  3  0  1  436  445  201  1636  242
17  1  3  6  438  254  400  2041  266
21  2  3  7  468  373  347  1935  315
23  0  0  1  747  317  833  1557  250
23  0  2  4  223  79  254  2249  241
17  0  3  6  1149  557  1241  1324  308
22  0  3  7  2539  1008  2813  786  314
22  3  1  3  1274  1616  462  950  320
22  0  0  0  1268  570  1405  1355  285
16  1  3  6  265  136  257  2433  332
14  2  0  1  326  295  172  1987  269
22  0  1  2  2050  714  2449  979  316
22  1  2  5  695  444  577  1688  128
22  1  0  0  308  185  262  2124  258
22  3  3  7  509  511  264  1536  246
16  2  3  6  579  498  330  1811  319
22  0  1  2  827  321  948  1661  283
22  2  0  1  1475  1249  1090  955  268
21  2  2  4  741  605  500  1487  306
22  1  2  5  231  126  213  2352  244
21  0  1  2  635  243  765  1729  330
14  3  0  0  657  623  343  1389  232
23  0  2  4  634  208  746  1619  115
14  0  1  2  1635  772  1547  1053  317
21  2  0  1  817  674  574  1300  216
21  2  1  2  410  336  301  1780  254
22  1  2  4  516  302  452  1870  296
17  2  1  3  306  246  215  1940  330
20  0  3  7  782  353  843  1670  331
22  0  0  0  852  420  899  1670  175
15  1  1  2  994  552  955  1334  339
16  0  1  3  771  246  917  1630  337
21  0  1  2  1326  574  1505  1116  323
17  0  0  0  887  442  910  1424  227
15  1  3  7  545  345  516  1797  140
21  1  3  7  370  237  301  2119  227
21  3  0  1  546  557  265  1587  172
15  0  0  1  278  132  274  2303  237
20  1  3  7  573  365  490  1778  281
20  1  1  3  652  399  600  1738  342
22  1  1  3  154  113  109  2165  333
23  2  3  7  386  293  271  1544  322
17  2  1  2  735  656  461  1405  314
16  3  0  1  418  439  205  1725  247
22  2  0  1  1764  1412  1376  869  280
23  0  3  7  627  212  736  1585  206
15  2  3  6  901  799  572  1264  234
20  1  0  0  235  136  215  2308  320
14  1  0  0  816  512  704  1335  251
22  2  1  2  2381  1962  1787  763  327
20  2  2  4  307  274  179  2010  311
15  1  2  4  1113  785  967  1115  335
15  0  2  4  601  247  719  1651  325
17  2  2  4  1493  1356  845  901  222
15  1  0  1  543  332  486  1819  341
20  2  1  2  966  903  542  1368  280
15  0  1  2  741  306  819  1614  276
16  2  2  4  266  224  145  2043  293
21  2  0  0  372  299  264  1844  263
14  3  1  2  429  450  194  1698  240
20  1  1  2  1297  825  1167  1241  249
14  2  2  5  1071  856  739  1079  247
21  1  2  5  433  265  378  2032  226
14  3  0  1  516  520  238  1579  328
20  0  0  1  132  39  158  2750  324
22  2  2  5  366  297  268  2072  242
22  1  1  2  583  368  493  1711  189
21  3  3  6  884  928  390  1413  333
16  2  3  7  961  809  563  1321  255
23  2  0  0  96  99  39  2352  281
16  2  3  6  349  286  213  2156  295
20  0  1  3  250  90  295  2278  365
15  0  3  6  1011  469  1143  1358  326
15  0  3  7  862  409  963  1487  322
23  2  0  1  670  614  388  1361  345
17  0  0  0  440  154  522  2011  220
23  1  0  0  582  338  543  1491  239
21  0  3  6  211  108  216  2545  360
16  3  3  6  671  686  318  1607  269
17  2  1  2  1117  984  723  1133  174
21  0  2  5  633  210  745  1861  329
23  3  0  0  216  254  87  1691  185
15  1  2  4  2099  1420  1889  770  240
21  1  3  7  210  143  174  2359  326
23  3  2  4  282  330  99  1845  342
16  1  1  3  231  146  200  2144  183
15  2  1  3  187  140  123  2220  281
22  1  0  1  550  306  505  1732  282
17  1  3  6  268  142  258  2343  303
15  2  3  7  787  758  437  1378  198
23  0  1  2  732  338  761  1475  324
22  0  1  2  1206  523  1333  1290  304
23  1  2  4  306  176  282  1868  334
23  2  1  3  919  824  558  1111  276
16  1  3  7  2400  1308  2269  785  283
21  1  2  4  92  51  89  2459  246
14  0  0  0  466  151  529  2005  329
23  2  3  7  1458  1222  944  808  317
16  0  2  5  405  157  438  2011  164
20  1  3  7  325  217  267  2159  187
17  3  1  2  319  329  172  1797  327
15  1  0  0  292  189  249  2220  311
22  3  3  6  563  588  260  1504  240
20  1  3  7  149  101  110  2444  230
22  3  1  3  316  363  143  1788  228
21  1  3  6  336  227  267  2152  347
16  3  2  4  308  308  131  1955  328
20  2  0  0  793  633  507  1454  316
23  2  3  7  305  260  198  2148  253
16  1  1  3  1218  761  1087  1174  326
16  2  0  0  653  488  481  1629  297
16  0  2  5  333  94  398  2334  284
16  1  3  6  840  569  679  1618  244
22  1  1  2  1335  800  1166  1152  313
15  2  0  0  237  191  143  2145  211
23  2  1  3  2209  2101  1194  689  249
23  1  1  2  288  182  249  2147  318
15  2  1  2  1200  929  805  1123  329
16  3  0  0  611  727  218  1582  221
21  3  0  0  595  584  296  1593  269
14  1  3  6  914  525  936  1498  336
17  2  0  1  1313  1002  909  1241  319
14  0  0  1  2604  926  2867  822  229
16  1  1  2  303  178  277  2137  270
20  1  0  1  731  462  618  1654  336
21  0  2  5  710  287  782  1777  295
14  0  0  1  1973  657  2224  988  291
22  2  2  5  176  140  132  2347  184
17  2  1  3  832  702  566  1372  339
20  1  1  3  132  88  112  2501  238
22  2  2  5  699  504  553  1574  297
20  1  3  7  237  134  220  2295  256
17  2  2  4  154  145  84  2019  197
23  0  3  7  1813  764  1975  859  275
21  3  3  7  362  376  185  2057  326
20  1  1  2  1492  1066  1219  1140  255
14  1  3  6  1032  682  950  1402  283
15  2  0  1  682  511  476  1620  292
15  0  0  0  273  116  294  2346  335
17  1  1  3  138  80  126  2349  283
23  3  0  0  188  193  100  1736  309
20  2  3  6  956  868  498  1208  302
22  3  2  5  396  421  203  1834  308
23  0  2  5  272  121  283  1893  314
22  0  2  5  650  351  659  1794  326
17  2  1  2  198  156  146  2081  251
23  0  0  1  461  168  539  1770  320
14  3  2  5  1141  1323  460  952  244
21  2  2  4  669  559  432  1547  339
17  3  0  1  1034  962  527  1315  310
15  1  3  6  826  515  796  1439  331
15  3  1  3  205  196  108  2127  333
14  3  1  2  1703  2021  541  827  323
16  1  2  5  276  186  218  2134  316
23  3  1  2  761  822  364  1166  176
15  1  2  4  598  415  518  1559  318
21  2  3  6  708  605  469  1676  213
17  3  3  6  235  252  98  2258  312
16  2  0  1  114  101  68  2357  254
16  2  1  2  195  152  126  2254  281
17  0  3  7  788  390  857  1530  289
15  1  0  1  1099  750  896  1267  286
22  1  2  4  1659  1148  1281  1046  315
15  0  0  0  183  76  204  2538  247
20  0  1  2  1064  434  1205  1512  174
21  0  0  0  222  65  263  2566  185
17  2  1  2  556  510  338  1552  281
20  0  1  2  2288  935  2595  967  285
14  0  0  0  512  208  539  1848  235
16  1  0  0  844  559  756  1395  300
23  2  0  0  407  390  223  1457  269
23  1  0  1  1861  1125  1710  877  339
20  2  0  1  625  553  338  1663  244
22  1  0  1  511  328  429  1680  172
15  2  3  6  462  418  277  1671  310
21  2  2  5  469  337  351  1741  356
22  2  2  4  839  673  629  1471  270
23  2  2  4  530  434  344  1480  273
15  1  2  5  930  500  988  1315  314
16  2  2  5  1153  983  600  1149  319
21  3  0  1  1328  1517  467  1046  300
23  1  0  0  1714  1093  1505  794  309
23  3  2  4  532  577  244  1473  311
23  0  2  5  199  72  224  2144  307
23  1  2  4  1517  863  1396  967  284
16  3  2  5  168  175  61  2235  279
22  0  1  3  1423  448  1749  1197  333
17  3  0  0  282  296  115  2027  232
21  1  1  3  401  196  430  2108  276
23  0  1  2  560  231  612  1706  271
16  2  1  3  643  545  391  1535  324
16  2  2  5  1306  1082  714  1118  178
17  2  2  4  371  293  254  1752  372
21  0  1  3  222  74  281  2634  320
23  0  3  7  470  171  539  1771  317
22  0  3  7  1033  470  1075  1328  211
22  3  3  6  253  267  119  1941  326
20  0  3  6  1298  442  1552  1139  346
20  0  2  5  132  46  164  2480  294
17  2  3  6  1067  934  644  1335  187
22  0  1  2  264  72  330  2313  299
14  3  3  6  1123  1245  457  1156  321
16  0  1  3  335  121  378  2169  184
21  1  1  2  487  259  491  1786  328
23  2  1  3  480  422  289  1531  319
17  1  0  1  1127  784  857  1383  306
14  0  1  3  1446  461  1591  1256  343
22  2  1  2  285  271  180  1951  311
20  2  2  4  397  303  279  1939  233
21  1  3  6  393  292  299  2111  273
21  1  1  3  443  305  366  1956  227
21  3  0  0  372  361  192  1862  323
15  0  2  5  360  135  448  1971  240
15  0  3  7  1391  560  1674  1209  259
23  0  0  1  464  161  568  1970  362
20  2  3  6  187  165  101  2059  295
17  3  3  6  544  569  247  1748  357
21  3  1  2  480  458  270  1700  305
22  3  3  6  2057  2073  1039  750  350
23  3  3  7  305  305  170  1739  365
20  2  0  0  397  354  213  1870  328
23  0  1  3  1864  795  2009  905  214
17  0  3  6  782  288  943  1725  314
17  3  0  1  652  726  241  1638  311
20  1  0  1  90  58  72  2685  330
16  1  3  6  164  80  161  2639  320
17  2  0  1  106  89  71  2691  302
23  3  2  5  359  409  145  1524  269
16  2  3  7  1413  1184  832  1086  126
16  1  3  6  774  470  689  1641  233
20  0  2  5  2138  708  2625  881  218
23  3  3  7  400  471  147  1659  175
20  1  2  4  542  293  525  1803  240
21  2  1  2  909  722  683  1293  338
16  1  0  1  937  610  847  1400  311
20  0  1  3  152  65  164  2390  266
22  1  0  1  170  79  168  2243  292
23  2  3  7  876  657  592  1374  315
17  2  0  1  341  291  200  2174  193
17  1  3  6  1307  705  1241  1269  281
16  3  1  3  497  507  248  1675  242
16  1  3  6  1350  955  1053  1194  152
22  1  0  0  245  150  215  2361  272
23  0  1  2  710  261  822  1564  195
16  0  0  0  369  166  407  2075  332
15  0  2  4  243  101  297  2141  280
20  2  2  4  537  386  404  1764  326
16  2  3  7  206  163  129  2172  183
17  2  2  4  319  255  220  1775  270
22  1  3  7  485  252  437  1759  250
15  1  3  6  989  610  973  1335  223
15  2  0  0  584  505  346  1690  292
23  0  2  5  1052  334  1251  1240  319
17  2  0  1  200  183  108  2442  328
20  1  3  7  1699  906  1645  1057  244
15  0  3  7  1171  455  1423  1404  348
14  3  2  5  2232  2706  785  620  345
17  0  1  3  355  161  413  1836  140
16  2  3  6  580  449  377  1778  278
15  1  1  3  1006  606  928  1342  340
21  3  1  2  575  585  285  1595  237
21  1  1  3  513  306  480  1939  201
21  0  3  6  1231  432  1438  1450  286
14  1  2  4  1826  1393  1476  904  280
17  1  1  2  2758  1562  2673  684  340
16  2  2  5  157  111  106  2249  305
21  3  2  4  267  275  110  2083  333
20  0  2  4  631  279  697  1815  303
22  1  1  2  1523  1082  1168  1064  337
22  0  2  5  106  41  127  2721  261
20  0  1  2  583  200  704  2085  323
16  1  2  4  1946  1029  1819  928  316
14  2  3  6  1510  1179  1058  1073  332
15  2  1  2  897  644  650  1357  350
23  2  0  1  903  764  601  1269  323
21  0  2  5  78  41  80  2662  205
16  1  2  4  1407  764  1294  1100  342
21  1  1  3  708  471  606  1727  257
21  2  2  5  582  507  368  1661  312
21  3  1  2  297  303  135  1933  266
16  3  0  0  561  562  306  1583  279
22  0  0  0  1650  559  2013  1256  358
15  1  0  1  1141  652  1072  1300  270
21  2  1  3  216  165  166  2349  331
22  3  2  5  1010  1147  451  1269  276
21  2  0  0  93  66  71  2512  327
20  2  2  5  389  321  260  1814  335
20  0  2  4  652  293  695  1726  316
21  1  0  1  1185  782  992  1098  187
22  3  1  2  621  749  260  1469  309
15  1  2  4  1768  1039  1761  908  136
20  1  3  6  484  245  478  1761  252
17  0  1  3  426  201  480  1854  341
21  1  2  5  590  353  511  1766  312
21  2  1  2  455  369  337  1721  275
14  1  1  2  355  231  307  1991  181
17  0  2  4  514  174  638  1776  270
16  3  1  3  1177  1405  391  1165  345
23  0  1  2  913  340  1045  1382  242
14  3  0  0  733  725  360  1286  320
22  3  1  3  115  114  64  2222  209
22  1  0  1  667  424  565  1572  325
23  2  1  3  203  188  110  1896  247
23  2  1  3  174  150  111  1985  201
20  0  2  4  494  168  606  1735  333
16  0  2  4  934  432  923  1449  327
23  3  1  3  1242  1479  455  915  263
23  1  0  0  529  331  478  1505  138
23  0  2  5  394  181  405  1710  255
14  1  2  5  1065  589  1092  1127  315
16  1  2  5  508  246  499  1866  216
22  2  1  3  325  263  249  1891  257
15  0  2  4  356  124  459  2062  324
16  3  3  7  709  824  241  1542  340
17  3  0  0  1060  1058  519  1241  303
20  1  1  2  549  363  476  1900  262
21  2  2  5  506  436  319  1780  281
21  0  2  4  815  315  904  1575  246
16  0  0  0  309  130  353  2207  313
22  1  0  1  1973  1447  1483  851  329
15  1  1  2  1787  1119  1585  928  319
21  1  0  0  1254  755  1132  1112  278
16  2  1  3  181  160  103  2209  211
20  2  0  0  81  73  43  2470  290
22  0  1  3  518  209  588  1875  340
15  2  1  3  204  157  139  2200  311
16  0  0  1  1145  520  1261  1341  334
16  0  0  1  1188  501  1351  1332  278
20  2  0  1  109  103  48  2477  234
16  2  3  7  263  217  155  2111  327
22  0  3  6  945  458  954  1404  322
22  1  3  6  1170  720  926  1231  343
15  0  3  7  514  198  629  1949  330
15  1  1  3  837  457  811  1481  242
17  1  2  4  167  94  162  2067  272
14  3  0  1  900  873  454  1259  320
23  1  1  3  666  422  578  1457  345
22  0  1  2  1313  700  1316  1199  275
15  0  1  3  559  178  680  1968  226
21  3  2  4  421  397  213  1823  231
14  3  0  1  515  574  178  1593  310
17  0  3  6  421  162  493  2183  238
21  2  3  7  1057  963  636  1371  265
22  0  0  1  1607  789  1711  1097  204
16  2  1  3  336  255  236  1964  331
20  0  2  5  828  366  912  1459  333
22  1  3  7  1364  862  1065  1089  301
20  2  2  4  237  178  164  2174  268
16  1  1  2  766  514  650  1515  116
16  1  3  6  143  83  127  2627  187
22  0  0  0  500  266  511  2129  319
15  0  3  7  598  287  657  1763  265
17  1  3  6  169  98  151  2497  252
22  0  3  7  544  263  549  1707  252
22  1  0  1  118  72  99  2282  329
14  2  1  3  621  446  443  1585  339
21  1  1  3  460  303  396  2014  227
17  2  3  6  117  98  79  2534  240
20  1  0  1  95  48  89  2704  326
22  2  1  2  1769  1451  1338  896  284
22  0  3  6  822  338  898  1595  313
17  0  2  4  226  75  271  2144  296
23  1  0  0  927  612  794  1183  345
22  3  3  6  1035  1030  539  1151  325
15  3  1  3  171  169  80  2143  324
17  0  2  4  70  22  90  2429  292
17  2  2  4  387  273  301  1668  248
21  1  2  4  918  606  736  1390  294
14  0  0  0  1421  525  1547  1168  334
21  1  2  4  607  390  503  1695  294
20  0  0  1  1209  604  1214  1410  314
16  3  1  2  262  278  116  2075  321
20  1  2  5  764  521  632  1396  247
23  1  2  4  278  147  271  1986  320
14  1  0  1  775  454  726  1476  277
23  0  0  1  618  183  780  1890  347
14  1  1  3  702  397  699  1446  330
16  0  2  4  440  185  462  2027  356
17  3  2  4  572  608  274  1415  244
14  1  0  1  742  445  685  1512  377
20  0  0  1  443  191  479  2176  255
22  1  2  5  533  298  479  1939  321
16  1  0  1  795  438  805  1577  297
20  2  0  1  691  538  457  1658  418
17  0  2  4  1121  446  1316  1172  152
23  1  1  2  670  337  670  1523  254
15  1  3  7  924  590  877  1378  344
15  0  2  5  787  240  1063  1512  313
22  0  3  7  302  106  343  2145  295
16  3  1  2  370  390  176  1874  308
20  2  1  2  279  240  169  2223  363
16  0  0  0  1129  376  1393  1404  347
20  1  0  1  291  198  222  2272  259
16  0  0  0  1173  418  1410  1307  262
14  0  0  0  290  135  284  2061  246
15  2  3  7  716  588  502  1550  225
20  1  1  3  179  125  142  2396  327
23  0  1  3  280  90  334  2162  327
22  1  2  5  542  368  424  1892  246
21  1  3  7  856  506  771  1563  217
22  1  3  7  603  316  544  1647  328
14  3  0  1  1044  1088  448  1131  356
14  1  1  2  617  431  502  1627  203
20  2  1  3  672  577  415  1662  319
22  3  3  7  985  1066  429  1154  353
22  3  2  5  569  690  208  1653  329
23  0  2  4  296  122  324  2007  348
21  1  0  1  844  515  753  1376  274
16  1  0  1  545  391  453  1696  325
22  1  3  6  700  448  535  1565  316
22  1  1  3  433  220  418  1910  305
17  0  0  1  526  156  657  2015  293
17  0  0  0  2564  908  3041  798  331
20  2  2  5  667  542  455  1467  321
17  0  1  3  261  84  334  2186  247
14  0  1  2  1307  534  1325  1299  327
23  3  1  3  216  231  96  1841  255
23  0  1  2  558  231  614  1707  296
23  0  2  4  324  146  335  1938  297
16  2  2  5  798  607  491  1424  222
22  3  2  5  876  951  440  1365  322
20  0  0  1  523  155  651  2181  324
22  0  0  1  176  86  192  2465  196
20  2  0  1  257  198  168  2242  342
20  1  0  1  227  112  219  2450  214
20  2  2  5  560  409  414  1575  223
20  2  2  5  303  231  217  1933  264
20  2  2  5  255  223  149  1999  322
21  0  2  4  452  202  478  1993  212
20  2  1  2  94  70  68  2666  380
21  2  1  3  380  364  220  2061  284
15  0  2  4  1383  445  1789  1123  349
15  1  2  5  904  488  959  1366  279
23  2  1  2  338  312  191  1646  203
23  1  0  1  353  201  326  1895  259
15  0  1  2  395  160  443  2119  160
17  0  3  6  1297  639  1387  1210  222
21  1  1  2  255  129  255  2120  236
21  3  0  1  785  866  303  1342  338
21  0  0  1  68  27  79  2490  132
17  3  3  6  1203  1196  615  1169  321
23  2  3  7  510  392  368  1448  269
17  2  1  2  471  433  281  1667  264
22  1  2  4  119  82  95  2413  310
20  2  0  1  410  341  242  1987  336
20  2  2  5  1844  1398  1315  865  295
20  1  0  0  584  363  499  1739  323
17  2  0  1  189  152  128  2501  236
21  0  2  5  231  114  230  2394  178
22  1  0  1  1698  1068  1459  982  225
15  2  1  3  1070  838  708  1291  336
17  0  3  6  934  360  1108  1595  154
20  2  1  2  193  156  129  2307  401
23  1  2  5  641  321  626  1455  252
15  1  2  4  526  349  485  1636  284
15  0  1  3  390  178  413  2043  236
21  1  1  3  690  347  721  1739  267
21  0  1  3  594  223  708  1947  238
16  0  3  6  367  134  408  2386  291
23  3  1  3  843  1006  317  1166  241
17  0  1  3  121  38  151  2443  200
22  0  3  6  383  182  391  2005  228
22  0  0  1  1297  637  1386  1184  324
16  1  0  1  731  513  626  1582  263
22  1  2  4  439  263  378  1886  233
22  2  0  1  679  519  451  1669  318
22  0  2  4  542  281  552  1860  200
17  2  1  2  355  279  264  1836  251
21  2  1  2  976  812  683  1259  257
21  2  0  1  58  53  31  2285  252
21  2  3  6  404  291  286  2084  261
16  0  1  2  774  376  789  1616  324
16  0  2  5  398  183  396  2028  313
23  0  0  1  1107  490  1217  1350  331
14  0  2  4  956  312  1109  1645  284
20  1  0  0  164  102  138  2359  368
22  1  2  4  876  479  817  1551  290
17  2  1  3  1485  1247  1018  980  241
15  2  2  4  1631  1348  1090  900  282
20  2  1  2  407  302  305  2056  321
20  0  0  0  1310  391  1611  1360  206
16  1  1  3  918  650  750  1361  223
15  1  3  6  1442  988  1308  1061  271
17  0  3  6  170  75  187  2581  265
15  0  2  4  628  212  802  1664  220
21  2  3  7  799  745  460  1528  298
14  2  3  6  984  731  719  1422  352
16  1  0  0  888  628  790  1397  129
21  1  3  7  1336  989  986  1156  345
23  1  2  4  931  518  875  1272  238
20  0  3  7  730  224  890  1755  332
21  1  0  0  314  193  275  1984  237
14  0  2  5  545  272  533  1616  161
20  0  1  2  970  364  1135  1617  367
22  1  1  3  1361  973  1044  1088  301
21  1  3  7  953  511  909  1528  233
14  1  1  3  1560  874  1482  982  303
14  1  2  4  238  144  235  2224  336
16  0  1  3  1116  477  1201  1328  345
21  2  2  5  425  390  246  1856  330
23  0  2  5  677  217  797  1533  343
23  0  1  2  738  298  813  1576  235
16  0  1  3  1100  337  1325  1450  258
20  0  0  1  466  196  511  2180  220
20  0  2  5  311  145  330  2004  302
20  0  0  1  1079  403  1245  1618  298
16  2  2  4  851  740  424  1355  218
21  3  0  1  853  866  476  1160  284
15  0  2  5  1142  383  1470  1288  256
21  0  2  4  941  368  1042  1511  307
21  0  1  3  453  188  526  2145  325
23  1  0  1  350  217  316  1889  261
16  3  1  2  413  499  135  1987  260
15  0  2  5  1017  467  1154  1282  194
17  0  0  1  1072  501  1135  1449  321
21  2  3  6  878  715  620  1516  280
20  2  0  1  222  194  123  2187  221
15  1  1  3  1009  509  1023  1404  339
21  1  2  4  451  251  408  1855  228
22  1  2  4  684  362  641  1686  352
14  3  0  0  464  521  159  1582  310
17  2  1  3  850  781  508  1327  300
16  3  2  4  1514  1595  579  936  308
15  2  2  5  114  82  87  2226  250
21  0  1  3  1171  444  1403  1431  327
21  0  3  6  844  426  846  1628  241
21  0  0  0  1809  851  1922  909  334
16  2  0  1  1162  898  830  1238  208
21  1  1  3  101  73  76  2602  235
15  0  2  5  652  193  858  1773  350
16  0  3  7  1262  632  1238  1219  341
20  2  2  4  908  678  687  1289  288
22  1  0  1  276  163  250  2083  294
20  2  1  2  1212  1078  734  1223  309
17  0  3  6  1079  376  1320  1446  365
21  2  0  0  204  186  119  2103  298
21  2  0  0  456  387  285  1780  242
20  0  3  6  1310  476  1529  1158  277
17  1  1  3  1981  1383  1638  838  292
20  0  0  1  356  124  420  2236  320
15  1  3  6  632  426  575  1594  255
17  2  1  3  272  210  207  2044  297
23  0  2  5  1511  734  1523  928  187
17  2  0  1  466  357  322  2033  291
14  0  0  1  1344  525  1430  1216  194
15  2  0  1  1390  1112  897  1135  309
21  1  0  1  204  122  181  2071  243
17  1  0  0  304  192  243  2102  306
17  2  3  6  422  312  294  1996  270
20  0  0  1  1303  439  1548  1373  312
15  2  1  2  1476  1075  1056  1063  204
22  3  1  2  188  240  63  2012  240
22  3  3  7  989  950  554  1143  257
21  0  2  5  281  132  282  2301  295
20  2  0  1  235  195  142  2299  312
17  0  3  6  1692  777  1869  1086  240
21  2  0  1  619  484  461  1520  344
20  1  1  3  1467  1134  1140  1129  299
20  0  0  0  1688  529  2049  1170  220
16  1  0  0  428  255  409  1933  320
16  2  1  3  1041  775  740  1272  286
21  2  1  2  1494  1265  1038  978  310
17  2  3  6  830  656  576  1579  320
22  0  0  0  1102  590  1128  1488  277
21  1  1  3  616  368  607  1775  128
15  1  0  1  90  55  80  2652  182
14  2  3  6  889  676  645  1419  325
21  2  0  1  667  526  428  1681  268
15  2  0  1  110  81  69  2436  232
20  2  3  7  1849  1644  1002  901  356
21  2  1  2  1469  1295  959  982  342
20  1  3  6  555  362  461  1629  323
20  2  3  6  478  385  302  1650  248
17  3  1  2  605  705  229  1461  294
17  1  1  2  271  180  237  1989  330
14  1  1  3  324  230  259  1915  331
21  1  1  3  1689  844  1770  1090  197
16  0  0  0  1145  515  1263  1281  229
15  0  0  1  549  177  646  2027  351
21  0  0  1  228  61  287  2299  327
17  2  1  3  948  809  633  1295  344
20  1  1  2  319  230  250  2224  248
22  3  3  7  1113  1148  544  1057  298
21  0  0  1  145  40  185  2913  232
15  1  2  4  941  566  938  1298  205
21  1  0  0  405  264  346  1878  316
22  3  2  5  172  202  66  2195  312
17  3  3  6  210  244  69  2279  136
16  2  2  5  588  507  301  1633  212
17  0  3  6  512  160  643  2056  213
22  3  2  4  593  722  218  1549  326
22  3  3  7  1504  1761  512  855  236
22  2  3  6  349  278  219  1796  196
21  0  1  3  1823  849  1998  1047  328
16  2  0  1  707  528  520  1527  223
17  2  0  1  690  551  448  1728  278
16  1  3  6  798  465  724  1662  306
21  0  2  5  1674  706  1803  1127  277
16  3  3  6  449  450  216  1964  332
14  0  1  3  400  180  387  1958  379
16  3  1  2  438  439  231  1771  339
16  0  0  1  782  389  828  1582  279
16  2  3  7  363  314  200  1913  336
16  1  2  5  489  285  432  1828  359
20  2  3  6  555  416  385  1622  330
20  0  2  5  682  337  713  1590  202
21  0  3  6  177  66  202  2703  263
21  0  2  5  1778  823  1832  1041  340
22  0  2  4  946  328  1156  1604  256
15  2  2  4  164  147  96  2050  148
14  0  3  6  261  104  285  2486  283
17  0  2  4  902  458  882  1456  204
23  0  3  7  387  141  475  2231  258
23  3  1  3  731  852  283  1248  257
15  0  2  5  1866  559  2495  965  289
21  2  3  6  1139  879  851  1328  341
22  0  1  3  137  48  165  2351  332
14  2  2  4  1765  1430  1197  894  344
21  0  0  0  1474  692  1565  1036  240
16  0  0  0  280  96  346  2335  282
20  2  2  5  90  82  45  2263  345
22  0  3  6  1019  543  1078  1340  272
15  0  0  1  1948  859  2071  990  186
16  3  3  6  328  336  161  2124  305
14  0  3  6  511  157  627  2257  231
17  2  1  2  984  856  645  1210  324
20  0  0  1  864  262  1065  1761  290
22  0  0  1  571  210  678  1884  323
17  0  2  4  1416  573  1680  1081  311
15  3  3  6  263  297  117  1884  335
22  1  3  6  322  202  260  1996  168
22  1  1  3  874  469  820  1442  308
22  0  1  3  2049  1016  2143  873  240
21  2  1  3  773  592  622  1568  247
20  0  2  5  293  112  341  2120  325
22  0  0  1  1706  552  2111  1090  330
22  1  0  0  507  362  390  1957  312
16  2  2  4  854  642  539  1372  314
14  1  2  5  649  490  533  1376  299
15  2  0  0  209  158  143  2291  312
20  2  2  4  198  143  147  2228  228
20  1  3  6  1483  887  1336  1018  221
15  2  1  2  1210  870  882  1136  266
20  0  2  5  552  173  675  1822  332
14  3  1  3  698  779  270  1306  349
17  0  2  4  173  84  184  2142  317
22  1  3  6  487  281  409  1863  258
22  0  2  4  734  382  755  1715  244
22  0  0  1  525  202  609  1870  256
15  3  2  5  229  214  137  1887  247
21  1  3  7  1786  1285  1362  955  271
14  3  0  1  554  548  266  1545  340
17  0  0  1  761  248  927  1766  297
17  1  1  3  1063  693  934  1256  282
17  0  0  1  343  153  378  2358  314
17  2  0  0  608  537  339  1591  181
17  3  1  3  1125  1279  460  1115  338
20  1  0  0  135  72  124  2523  296
15  1  3  6  491  348  427  1760  328
16  3  3  7  988  1040  445  1265  318
16  3  3  7  344  406  111  1943  289
14  1  2  5  1312  778  1283  1003  286
15  0  2  4  170  88  182  2084  227
21  0  0  1  330  160  346  1940  204
16  3  3  7  481  505  212  1727  141
22  0  3  6  430  144  503  2071  164
20  0  3  6  834  288  981  1407  275
23  0  1  3  146  51  163  2345  341
14  1  2  5  544  341  511  1479  296
23  2  2  5  843  726  524  1140  183
20  2  0  0  304  257  179  2026  333
16  3  0  0  259  255  143  2002  330
17  3  1  2  971  1001  529  1192  335
21  2  2  4  594  441  445  1619  320
20  0  2  5  1095  397  1298  1291  217
15  1  3  6  237  157  223  2112  299
20  1  3  7  186  116  161  2407  271
20  1  1  3  501  344  414  1872  237
23  0  1  3  1825  682  2072  941  143
14  0  0  1  716  308  723  1647  185
22  0  3  6  1167  505  1243  1297  332
15  3  1  2  602  590  310  1520  326
22  3  2  4  848  960  381  1336  254
16  1  0  1  760  400  791  1578  248
20  2  2  5  1621  1417  968  892  241
22  1  3  6  428  212  392  1890  272
15  1  2  5  1187  615  1281  1189  340
21  3  0  1  332  326  167  1818  257
15  1  1  3  1633  938  1533  1039  247
20  2  2  4  457  341  335  1739  207
15  1  1  3  830  524  722  1586  304
22  2  0  0  969  902  638  1374  361
15  0  1  3  2497  934  2857  832  310
23  1  0  0  377  249  322  1664  253
21  1  0  0  787  416  775  1469  269
23  3  1  3  908  1063  352  1072  205
17  0  2  4  662  271  769  1554  207
22  0  3  7  1545  778  1582  1031  143
21  2  0  1  430  315  303  1948  315
16  3  0  1  235  240  121  2112  311
23  3  2  5  316  316  171  1595  214
22  0  3  6  1512  652  1617  1083  202
17  3  1  3  717  726  391  1406  272
21  2  0  0  253  200  185  2024  277
14  1  1  3  293  164  276  1990  274
14  0  1  2  749  248  810  1736  325
23  1  1  3  768  437  707  1405  236
17  0  2  4  854  436  892  1341  198
21  2  1  3  864  620  622  1302  286
23  1  0  0  254  144  225  2218  343
21  0  1  2  1594  495  2045  1093  318
20  0  0  1  912  365  1020  1681  221
21  2  2  5  1324  1111  868  1087  321
16  2  2  5  476  361  289  1788  313
23  0  0  1  559  215  638  1768  297
14  3  1  2  403  428  177  1724  193
16  1  2  5  200  118  172  2259  322
16  1  1  2  805  560  658  1481  318
23  2  1  3  1006  776  735  1101  261
16  0  2  4  862  348  1032  1447  377
16  1  3  7  541  303  503  1813  279
15  1  1  3  1297  893  1060  1118  188
16  0  0  0  1203  522  1354  1264  129
16  1  0  1  220  140  200  2235  258
14  0  1  2  949  443  909  1422  335
20  0  1  2  849  291  1014  1744  271
21  0  3  6  372  171  388  2287  263
23  0  1  3  2070  666  2469  886  216
21  1  1  3  1481  773  1515  1181  334
17  2  1  3  866  628  612  1335  316
14  1  0  1  366  234  325  1895  325
21  2  1  3  1074  998  649  1285  254
17  0  2  4  1728  673  2042  934  234
21  1  2  4  599  424  451  1660  247
20  0  3  6  306  118  346  2089  250
14  0  2  4  925  430  939  1477  158
23  0  0  0  628  313  653  1516  251
15  0  3  6  1391  519  1708  1186  177
21  2  3  6  591  555  334  1805  252
21  3  0  0  812  930  274  1406  345
23  1  0  0  679  363  676  1419  311
15  1  2  5  298  163  307  2024  323
23  0  1  3  344  112  411  2097  300
23  1  1  3  853  456  828  1355  313
15  2  3  7  258  240  151  2013  254
23  1  2  4  487  256  472  1693  287
23  0  0  1  107  34  133  2560  303
17  0  0  1  998  437  1094  1481  153
20  1  2  4  456  303  398  1899  322
15  0  1  3  710  298  773  1698  243
23  0  3  7  620  277  652  1551  184
16  0  2  4  293  116  312  2242  99
20  2  3  6  488  382  321  1668  327
15  3  2  4  422  450  197  1574  157
16  3  2  4  104  93  55  2342  332
21  3  2  4  905  957  374  1377  259
16  1  1  3  671  433  588  1537  334
22  0  2  5  664  288  749  1847  317
22  1  0  0  760  527  600  1693  319
16  2  0  0  182  144  128  2253  223
21  2  2  4  1100  960  655  1201  261
21  1  3  6  539  353  453  1947  313
22  0  0  0  693  305  770  1891  207
23  3  0  0  605  614  339  1257  146
16  0  3  7  262  118  274  2289  328
15  1  0  1  773  409  761  1646  268
14  1  1  3  451  265  418  1745  292
22  1  1  3  1025  718  808  1265  415
20  1  3  6  301  199  280  2061  196
23  3  3  7  344  414  112  1681  285
21  0  2  5  236  98  252  2390  299
17  1  1  2  1004  732  797  1210  320
16  0  3  7  282  104  318  2345  223
20  0  2  4  1696  763  1861  1069  268
20  2  3  7  618  452  443  1738  262
17  2  0  1  1074  867  699  1391  213
20  0  0  0  630  261  694  1867  263
23  3  2  4  221  265  73  1943  322
15  1  2  4  1076  627  1078  1231  317
21  2  0  0  958  765  694  1266  249
23  0  1  2  1981  620  2391  963  258
15  2  1  3  2247  1791  1449  785  253
21  1  1  2  1578  1050  1354  966  267
17  1  3  6  583  329  539  1863  311
16  0  2  5  1483  565  1609  1150  314
15  0  0  1  180  93  179  2485  269
17  2  0  1  477  380  318  1959  319
17  1  1  2  764  428  755  1497  203
20  2  3  6  511  392  344  1623  283
20  2  1  2  212  167  153  2352  225
20  0  3  7  832  318  947  1636  289
20  0  2  4  252  105  260  2318  343
23  0  2  5  602  204  703  1617  115
14  1  1  3  342  198  320  1916  303
21  3  3  7  370  368  185  2019  202
22  0  1  2  1656  663  1886  1101  241
20  3  0  0  1113  1308  412  1177  254
16  0  1  3  357  112  422  2212  296
22  0  2  5  1298  662  1351  1284  172
15  1  3  6  1217  855  1075  1134  174
21  2  0  0  1513  1316  989  957  273
16  2  2  4  605  501  331  1614  243
15  1  1  3  511  277  490  1873  127
14  1  3  6  282  205  242  2164  306
16  3  2  4  659  693  254  1483  333
20  1  2  4  490  279  462  1859  302
17  0  3  6  718  358  758  1689  167
17  2  1  2  630  535  423  1459  377
22  1  1  2  741  506  589  1550  313
21  1  0  1  179  108  153  2155  323
14  2  3  6  520  365  413  1886  186
20  1  3  6  1232  687  1164  1100  272
23  2  0  0  1071  988  624  986  247
20  1  0  1  68  51  46  2654  187
22  3  3  7  537  573  233  1499  182
15  2  2  4  118  104  75  2096  227
17  0  0  1  904  397  985  1623  287
14  0  0  1  1650  501  1921  1167  331
14  0  0  1  205  90  207  2309  275
14  2  1  2  245  179  168  2105  326
16  3  0  1  2419  2845  885  732  365
14  1  1  3  368  195  355  1881  263
22  3  3  6  1479  1695  539  920  342
23  0  0  1  111  52  118  2396  329
21  2  3  7  642  580  383  1720  282
22  1  1  3  620  425  490  1588  218
21  1  0  1  689  397  642  1475  244
22  0  0  1  448  206  493  1998  178
20  0  2  5  1450  561  1692  1087  297
20  2  2  4  511  396  361  1796  198
15  0  0  0  531  244  566  1991  255
22  0  1  2  778  350  843  1556  180
16  1  3  6  211  133  170  2340  132
23  3  2  5  650  774  227  1265  323
20  2  2  5  363  328  201  1802  267
16  1  0  0  1033  662  946  1314  261
21  2  2  4  1024  757  787  1275  266
17  1  0  0  425  265  353  1979  255
17  1  1  3  523  350  445  1717  344
23  2  1  2  514  425  348  1473  337
14  0  1  3  810  292  864  1613  204
15  0  2  4  338  139  403  1982  293
14  0  0  1  1394  628  1379  1106  234
20  0  3  6  557  227  616  1701  252
21  1  3  6  1220  753  1060  1407  214
23  0  0  1  327  109  397  2211  320
15  0  0  1  642  274  685  1853  292
15  1  3  7  829  576  743  1458  252
20  2  0  1  199  159  121  2368  347
17  1  0  0  1239  700  1111  1230  282
21  1  1  3  1097  655  1020  1375  209
15  2  3  6  694  654  396  1423  319
17  1  2  4  647  376  590  1506  244
23  2  1  2  957  894  535  1049  313
15  0  3  6  1443  671  1630  1077  352
22  2  3  7  229  165  173  2065  332
14  1  0  1  422  281  360  1824  312
20  2  2  4  338  280  217  1970  320
23  2  3  7  506  459  287  1462  210
23  2  2  4  982  799  660  1124  276
17  3  0  0  949  962  446  1293  189
20  0  0  0  167  82  171  2523  200
20  0  1  2  2511  846  3031  977  318
16  3  3  6  365  395  150  2070  359
21  3  2  5  217  211  111  2217  159
21  2  2  4  995  755  731  1326  286
21  1  0  1  1348  740  1302  1074  288
20  0  3  6  1492  449  1841  1064  275
22  0  1  3  278  125  302  2141  112
21  2  1  3  89  58  77  2627  199
23  2  2  5  158  125  108  1867  280
22  0  2  5  1214  617  1263  1362  284
15  1  0  1  1440  842  1331  1194  346
21  2  0  0  338  308  209  1910  259
16  3  2  5  362  332  191  1882  272
16  0  2  5  390  115  458  2220  329
15  2  2  5  1892  1355  1511  862  257
14  0  1  2  2632  817  2916  850  300
16  3  0  1  129  151  49  2302  277
15  1  3  7  99  59  99  2484  263
23  3  2  5  126  154  33  1971  326
16  0  3  6  978  375  1076  1575  331
20  2  1  3  180  135  128  2395  328
17  1  2  4  267  170  231  1974  252
22  1  0  1  1387  939  1125  1059  254
17  1  0  0  485  327  379  1848  237
21  0  0  0  1570  739  1664  988  334
23  3  1  2  1970  2134  875  811  334
21  1  0  1  141  86  126  2184  245
22  0  3  7  1049  315  1285  1352  240
20  1  2  5  676  443  621  1371  275
15  3  2  4  243  249  116  1850  271
23  1  0  1  673  390  640  1516  221
21  2  3  7  312  280  190  2067  283
20  2  2  5  1122  995  655  1107  135
21  0  2  5  651  210  777  1885  236
14  0  1  3  822  243  929  1636  253
17  3  0  0  1360  1316  706  1117  356
17  2  1  2  1517  1212  1106  936  260
20  2  2  4  1299  975  935  1158  319
23  3  3  7  254  272  123  1761  223
16  2  2  5  243  171  163  2138  165
16  3  1  3  166  176  74  2180  293
17  1  1  2  108  78  88  2289  299
21  1  1  3  739  441  687  1696  250
16  3  3  7  388  401  176  1855  332
23  1  2  4  847  490  774  1323  300
15  0  1  2  1198  562  1242  1239  349
20  1  2  5  1276  858  1072  1076  328
17  1  0  0  118  68  99  2436  313
16  0  0  1  230  103  250  2332  291
23  3  2  4  608  705  234  1443  255
21  0  2  5  441  183  478  2070  292
23  0  0  1  586  276  619  1692  255
22  1  0  1  260  142  243  2157  171
15  2  2  4  705  516  547  1429  230
14  1  1  2  507  329  439  1769  222
16  1  1  2  614  377  555  1725  324
21  1  0  1  102  65  91  2285  259
20  0  2  4  1533  726  1660  1162  316
22  3  1  2  273  348  95  1886  332
15  0  3  7  224  93  260  2367  259
23  3  1  3  184  200  74  1908  337
22  0  2  5  477  237  500  2023  287
17  0  3  6  849  312  1024  1663  329
17  0  3  6  358  125  434  2265  342
21  2  0  0  274  222  204  1933  321
21  3  0  0  1009  1176  329  1255  283
23  2  1  3  99  92  61  2068  308
15  0  3  6  525  217  625  1758  311
23  3  1  3  198  218  94  1868  291
16  0  2  4  576  156  697  2009  371
20  0  3  6  459  160  541  1720  244
22  2  1  3  690  620  436  1676  291
17  1  0  0  1202  812  940  1172  143
14  1  1  2  376  259  309  1990  229
20  1  2  5  408  216  435  1874  217
20  2  2  4  1047  836  701  1249  275
20  1  3  7  258  159  223  2294  251
21  2  0  0  469  373  342  1723  362
17  0  0  0  312  104  382  2357  222
17  1  0  0  414  241  365  1974  93
23  3  1  3  336  414  103  1694  303
15  1  3  6  1088  778  949  1231  221
14  0  3  6  1438  717  1451  1173  229
23  2  0  1  571  536  327  1445  346
14  1  3  6  1542  967  1481  1095  232
22  0  1  2  732  375  750  1570  250
20  1  1  2  667  397  630  1785  206
23  2  1  3  935  832  570  1107  253
21  2  1  2  1516  1098  1268  1017  279
23  3  0  0  1673  1668  974  736  296
23  2  3  7  454  329  340  1514  332
16  3  0  0  368  389  181  1853  339
23  1  0  1  1045  667  925  1212  216
15  0  1  3  798  293  931  1638  331
17  1  2  4  1216  828  968  1084  299
17  2  0  1  551  435  366  1880  198
23  3  2  5  895  1008  371  1102  262
17  3  3  6  558  628  210  1721  181
14  1  1  3  1288  744  1213  1110  263
21  0  0  1  674  291  750  1526  286
15  1  0  1  451  272  413  1985  250
20  1  2  4  876  526  801  1459  219
20  0  2  4  116  34  137  2635  285
22  0  1  3  180  73  203  2347  297
22  1  0  0  1951  1275  1629  1042  285
20  0  2  5  1066  432  1211  1254  308
21  1  1  3  261  153  247  2370  226
20  2  2  4  414  313  301  1898  264
16  1  0  1  1049  647  988  1305  213
23  0  2  4  316  121  343  1948  394
23  0  3  7  1279  535  1396  1096  263
14  0  0  0  948  392  982  1461  313
20  2  1  2  88  85  44  2571  277
14  3  3  6  1843  2162  621  898  357
17  2  0  0  176  158  101  2232  218
21  2  1  3  499  432  333  1882  322
14  1  0  0  160  97  154  2221  313
17  2  3  6  1308  1011  924  1217  295
14  0  0  1  437  170  464  2059  311
23  0  1  3  956  397  1056  1365  213
16  2  1  3  140  126  76  2279  296
21  0  3  7  275  122  287  2378  285
15  1  3  6  1976  1325  1815  852  330
16  3  3  6  587  661  217  1791  188
16  2  2  5  920  670  603  1376  282
17  1  0  0  898  514  801  1427  325
16  0  0  1  382  174  419  2129  329
21  2  1  3  2343  1862  1761  834  200
17  0  2  4  83  36  99  2396  228
20  1  3  6  547  302  513  1611  256
16  3  0  1  371  398  174  1893  178
14  1  2  5  1404  900  1309  985  343
23  0  2  4  1073  516  1096  1236  257
14  3  1  2  368  373  172  1806  335
20  2  1  3  648  540  423  1687  321
21  3  0  0  188  206  74  2161  219
15  2  3  6  549  525  300  1542  282
22  1  2  5  1393  937  1106  1189  320
22  0  1  3  831  325  955  1547  332
20  0  3  6  321  147  338  1993  321
23  0  0  1  457  195  504  1878  339
22  1  0  1  144  90  120  2135  289
17  3  2  4  67  77  25  2177  315
15  2  3  7  1763  1387  1297  953  325
16  0  0  1  678  284  769  1726  203
22  0  1  3  348  177  363  1981  287
14  0  2  4  2436  994  2616  881  210
21  3  2  5  810  765  429  1465  333
14  0  0  1  484  187  512  1956  131
17  2  1  2  669  614  407  1454  249
23  3  3  7  243  282  94  1809  239
23  2  1  2  536  444  358  1442  213
23  1  2  4  860  510  761  1294  223
16  3  2  4  564  620  185  1641  158
17  1  2  4  150  77  141  2100  203
20  1  1  2  161  97  149  2563  305
15  3  1  2  496  491  251  1643  273
16  3  0  1  606  719  217  1621  257
16  2  1  3  1422  1058  1008  1085  263
23  2  1  2  80  67  56  2291  369
22  1  3  7  888  457  801  1390  263
16  2  1  3  1099  1014  583  1175  301
21  3  3  6  1092  1133  503  1331  332
15  0  3  7  1135  383  1430  1379  320
20  1  3  6  422  221  406  1815  257
20  1  3  7  709  448  612  1604  142
16  1  3  7  272  176  230  2136  162
21  3  2  4  1015  1017  480  1248  284
21  1  2  4  700  414  622  1581  269
22  3  3  6  848  958  326  1253  248
15  1  2  5  928  644  815  1290  328
20  0  1  3  836  417  869  1668  217
14  1  0  1  260  174  213  2092  311
15  0  1  3  615  232  704  1887  203
21  3  1  2  885  884  443  1305  332
20  0  1  2  1350  413  1671  1439  227
17  0  1  2  422  138  546  1922  257
16  2  1  2  531  469  302  1718  329
16  2  3  6  460  427  225  1982  273
23  2  3  7  2228  1702  1623  666  225
22  0  1  3  924  495  934  1351  255
23  2  1  2  184  150  124  1961  313
20  0  2  4  175  84  184  2466  269
16  1  1  2  763  413  755  1560  336
20  1  3  7  359  228  305  2094  273
23  3  1  3  669  797  244  1403  285
20  1  2  5  384  256  326  1857  319
23  0  1  3  209  70  246  2157  339
17  1  3  6  1922  1199  1655  973  350
17  1  1  3  567  405  456  1649  250
16  2  2  5  1140  966  604  1169  298
16  0  3  7  758  375  741  1604  292
22  2  0  1  935  770  712  1250  295
17  2  0  0  941  702  673  1371  323
17  2  1  2  667  586  436  1446  313
17  3  2  4  687  751  289  1338  267
23  3  1  3  424  461  202  1502  325
20  1  2  4  1598  1062  1378  1054  273
17  3  3  6  1400  1518  580  1080  308
16  1  2  5  1373  819  1184  1134  311
16  1  3  7  769  476  655  1498  214
17  1  2  4  305  198  252  1860  352
21  1  1  2  951  530  901  1297  391
15  3  1  2  233  237  113  2042  318
20  1  1  3  2384  1300  2354  864  282
20  0  0  0  257  71  325  2563  253
17  0  2  4  438  204  482  1758  293
21  1  3  7  952  602  809  1451  248
20  0  0  1  411  124  496  2310  278
20  2  2  4  128  97  84  2366  261
17  0  1  2  882  428  989  1368  324
21  0  1  2  690  276  806  1625  307
21  0  3  7  1032  397  1167  1505  335
22  0  0  1  1133  385  1376  1365  292
14  0  2  5  246  124  242  1955  196
17  0  0  1  1766  750  1952  1077  224
22  0  2  5  260  116  259  2238  255
22  0  0  1  287  115  340  2189  202
15  1  2  5  402  242  396  1825  277
15  2  1  3  174  155  98  2217  283
22  0  3  7  1337  582  1422  1159  342
16  0  2  5  331  126  356  2203  320
17  0  1  3  743  304  893  1488  295
16  2  2  4  182  142  100  2204  304
14  0  1  2  335  130  346  2149  256
16  1  0  1  171  105  162  2389  294
20  0  3  6  1578  558  1898  1012  319
14  0  2  4  1298  548  1381  1291  336
23  3  1  3  521  561  249  1391  361
15  2  2  5  530  395  399  1601  313
16  1  2  5  179  85  182  2338  239
22  0  0  0  177  70  202  2761  271
15  0  0  0  1109  483  1187  1495  331
16  2  0  0  281  217  200  2075  262
14  0  1  2  1273  533  1277  1256  318
20  1  0  0  407  234  372  2064  266
22  0  1  2  408  136  497  2115  323
14  0  0  0  2016  664  2291  948  305
17  1  0  0  1216  663  1119  1232  262
15  1  2  5  475  307  445  1760  258
17  1  1  3  630  360  606  1615  270
16  1  0  0  374  265  319  1937  185
16  1  3  6  750  519  591  1651  321
21  1  0  1  233  149  199  2032  249
21  2  3  6  928  812  510  1472  297
21  2  3  6  132  116  80  2549  274
14  1  2  4  342  236  300  1987  207
23  0  1  2  312  153  314  1936  253
20  2  1  2  236  184  160  2293  277
20  1  1  2  958  539  929  1559  324
21  1  1  3  647  342  651  1834  333
15  2  0  1  888  732  541  1397  233
22  1  3  6  398  237  323  1901  245
17  0  1  3  714  403  788  1531  219
14  1  1  3  445  326  347  1614  312
21  0  3  7  484  229  504  2032  300
16  2  1  2  284  215  202  2120  291
20  0  2  5  372  153  419  1853  329
15  1  0  0  318  236  241  2122  331
17  2  0  1  463  379  296  2020  159
21  1  3  6  1124  733  936  1401  233
17  2  1  2  701  668  391  1428  319
21  1  0  0  1196  855  927  1113  302
21  2  3  6  769  672  489  1663  226
23  0  1  2  511  213  556  1708  305
16  2  1  2  1309  1061  850  1140  187
22  1  0  0  644  457  504  1790  310
21  2  2  4  300  232  194  1988  329
22  1  1  3  654  461  510  1533  298
16  2  0  0  131  120  68  2281  223
14  1  1  2  1098  580  1082  1298  291
21  0  2  5  2072  699  2414  979  330
20  0  1  3  594  238  670  1948  245
20  2  3  7  462  348  321  1881  262
20  0  2  4  1342  410  1671  1288  336
16  0  0  1  1034  473  1133  1400  399
23  3  1  3  457  468  246  1459  225
21  0  0  0  820  412  839  1451  219
20  1  1  2  620  400  541  1799  325
23  2  3  7  525  448  327  1436  317
14  3  0  1  1126  1151  508  1063  238
21  1  1  2  1172  750  1038  1152  319
21  0  0  1  734  326  801  1503  252
22  2  0  0  714  634  494  1591  323
22  0  3  7  586  226  654  1767  241
21  1  1  3  1595  793  1671  1138  324
15  2  2  4  247  177  189  1916  305
21  2  1  3  560  444  419  1796  263
14  3  0  1  1422  1620  472  910  361
21  3  1  2  1123  1074  620  1155  242
21  3  1  3  316  332  144  2117  278
16  0  3  6  332  106  386  2401  280
23  0  1  2  233  71  273  2217  314
20  2  2  4  461  340  342  1826  260
16  2  3  6  438  361  263  2001  331
16  1  3  7  924  535  839  1411  276
16  1  2  4  456  267  393  1854  233
23  3  1  2  644  735  275  1273  279
21  1  3  7  85  46  81  2573  155
16  0  0  0  298  116  347  2291  273
17  1  1  2  493  327  429  1695  314
21  2  0  1  822  741  510  1319  252
20  0  2  4  1032  337  1268  1384  326
20  2  0  0  853  711  501  1411  255
16  1  0  0  1287  905  1086  1098  257
14  0  1  2  1243  595  1172  1210  319
22  3  1  3  573  685  245  1442  199
15  2  1  2  129  115  63  2243  407
16  1  2  4  947  649  723  1342  340
23  3  2  5  1567  1749  502  1007  350
21  0  2  5  708  233  836  1755  301
23  0  0  1  497  243  510  1836  314
20  1  2  5  85  57  75  2427  124
16  1  2  4  885  579  708  1410  307
23  2  2  5  1212  1058  737  910  309
21  1  0  1  550  345  482  1605  220
20  0  1  2  848  404  907  1706  254
21  2  1  2  2244  1808  1656  745  319
14  2  2  4  1445  1081  1070  1095  361
16  0  1  2  1077  422  1218  1392  277
23  0  1  3  1765  689  1822  1019  201
16  0  3  7  2592  1115  2723  781  324
21  0  2  4  245  114  243  2266  248
20  0  2  4  450  146  549  2050  323
17  2  1  2  805  603  629  1378  313
22  1  2  4  393  251  340  1945  299
16  0  1  3  422  187  450  2024  241
21  0  2  4  628  313  634  1747  328
15  1  2  5  1419  910  1337  1008  180
23  0  0  1  1054  503  1114  1294  349
23  0  0  0  1045  399  1209  1260  301
17  2  3  6  1207  975  810  1257  298
15  1  2  4  117  76  115  2248  182
23  2  3  7  223  184  152  1774  212
20  1  0  0  1099  645  997  1392  252
14  0  0  0  1735  614  1913  1079  309
17  3  0  0  406  467  137  1819  259
16  3  0  1  446  466  223  1793  355
23  3  1  3  198  239  62  1883  331
20  0  1  2  422  153  510  2238  200
15  2  1  2  525  429  320  1666  227
21  1  2  4  1115  574  1065  1265  279
22  1  3  6  1004  639  773  1356  217
15  0  2  5  357  171  389  1969  250
15  2  1  2  1016  769  701  1253  299
16  0  1  3  239  95  264  2253  316
16  3  3  6  1370  1404  647  1130  309
21  1  3  7  521  343  432  1913  298
22  0  1  2  762  324  855  1645  287
23  0  3  7  472  184  526  1727  258
22  1  2  4  699  392  643  1479  344
15  2  2  5  992  709  785  1222  386
22  0  1  3  225  71  276  2336  246
23  2  3  7  1871  1393  1406  693  323
16  2  3  6  935  676  660  1448  227
16  1  0  1  1006  529  1043  1387  278
20  1  0  0  651  388  580  1712  337
20  1  0  1  985  691  772  1435  263
21  1  1  3  1181  592  1245  1324  332
21  2  1  3  1315  1026  1008  1206  320
16  2  1  3  339  286  208  1973  187
22  1  2  4  1130  628  1036  1347  322
14  0  1  3  1334  626  1264  1150  185
20  1  3  6  567  383  452  1567  316
21  0  2  4  415  153  465  2087  285
17  0  3  6  285  124  319  2365  320
16  3  3  7  1161  1310  441  1151  352
15  1  3  7  159  99  151  2416  228
23  1  1  2  1498  928  1353  1061  267
23  1  1  2  155  82  146  2130  243
16  2  1  2  314  220  234  2059  270
23  3  0  1  327  341  174  1631  395
23  0  2  4  879  353  961  1411  169
20  0  0  1  456  139  555  2280  298
14  3  0  1  617  693  210  1452  186
21  2  0  1  112  89  78  2176  358
21  0  1  2  2525  984  2993  764  231
20  1  1  2  239  138  222  2519  242
22  0  3  6  897  369  984  1463  316
20  1  3  6  166  102  140  2143  271
22  0  0  0  127  49  147  2855  133
22  0  0  0  480  183  587  2085  125
17  1  2  4  786  400  770  1381  225
20  0  3  7  1526  509  1831  1213  286
17  2  0  1  1353  1098  873  1176  305
21  3  2  5  671  677  317  1573  399
21  3  1  2  849  874  406  1349  194
23  2  2  4  398  368  217  1608  207
16  2  0  0  1474  1335  839  1011  264
17  0  0  1  538  215  614  1988  293
22  0  0  1  1099  469  1246  1329  202
15  0  0  0  116  56  128  2659  272
22  3  2  4  1108  1280  467  1124  360
22  0  0  0  1911  676  2262  1095  112
20  1  3  6  411  237  374  1757  352
20  0  2  5  385  189  409  1944  273
21  1  1  3  148  83  149  2563  285
21  0  3  6  336  133  366  2387  261
21  0  3  6  307  132  332  2399  323
20  0  2  4  580  195  711  1834  214
16  0  1  3  1530  521  1787  1208  165
16  3  1  2  1104  1272  411  1183  285
15  1  0  0  871  640  667  1450  292
14  3  0  1  479  459  244  1604  329
15  3  3  7  322  380  126  1882  108
21  1  1  2  396  197  413  1902  276
23  3  0  0  868  1050  311  1054  208
21  1  1  2  555  379  455  1670  287
16  3  3  7  581  657  216  1646  267
22  0  0  0  1351  470  1637  1423  300
22  1  0  0  363  210  335  2209  279
23  0  3  7  479  160  568  1765  218
20  2  2  5  489  384  338  1648  332
22  2  1  3  1302  1080  974  1044  311
20  2  0  0  1449  1214  858  1097  291
17  1  0  1  159  98  133  2543  321
22  0  0  1  187  70  226  2388  211
22  1  0  1  733  440  655  1525  206
15  2  0  0  642  498  436  1635  306
16  1  1  2  1693  1128  1442  988  251
15  1  0  0  686  396  640  1693  321
15  1  1  3  274  157  250  2215  221
21  2  1  3  409  299  338  2021  220
20  0  0  0  917  282  1122  1677  182
15  1  1  2  249  167  207  2165  313
16  1  2  5  1266  634  1230  1209  298
14  0  0  0  1570  695  1579  1053  280
23  3  2  4  575  616  278  1402  313
21  1  2  5  703  475  565  1623  265
17  2  1  3  634  540  426  1516  162
22  3  3  6  852  857  434  1302  268
21  3  1  3  551  609  209  1837  315
20  1  0  1  125  70  117  2605  289
14  1  3  6  471  285  460  1978  290
21  1  0  0  1634  936  1537  960  206
14  1  2  5  811  526  753  1273  340
21  3  0  0  738  780  321  1447  289
21  2  3  7  132  127  75  2491  239
23  2  1  3  737  662  440  1270  285
17  3  1  3  634  692  293  1475  174
22  0  2  5  137  70  135  2597  208
15  1  0  1  1314  850  1127  1140  333
16  0  0  0  1649  489  2100  1172  251
22  2  2  4  134  94  109  2367  220
17  0  1  2  271  108  330  2094  292
23  1  2  5  374  212  337  1683  151
23  2  1  2  653  532  446  1371  277
16  2  3  7  273  235  157  2073  220
22  1  2  4  1270  874  986  1213  283
20  0  1  3  1503  674  1643  1235  322
21  0  1  2  384  187  417  1910  230
15  1  1  3  184  123  152  2250  234
16  2  2  5  377  319  197  1909  176
16  0  0  0  197  84  222  2343  216
15  1  1  3  398  270  328  1933  298
21  3  1  3  832  804  455  1496  326
17  3  0  1  94  105  35  2576  240
14  0  2  4  1432  649  1473  1204  171
14  1  2  4  722  428  714  1536  333
21  1  1  3  332  211  292  2236  221
16  1  0  0  934  497  971  1418  119
20  0  0  1  342  114  402  2426  215
14  1  1  2  587  376  503  1668  167
23  3  1  2  319  339  156  1649  225
16  1  3  6  576  324  532  1911  332
21  3  0  0  393  376  215  1796  302
16  0  2  4  974  294  1145  1484  346
23  3  3  7  135  150  58  1985  311
14  1  2  4  767  469  735  1544  189
22  1  2  4  491  311  410  1865  264
21  1  1  2  687  416  633  1556  327
22  1  2  5  250  160  203  2281  205
14  1  0  1  441  314  350  1784  338
15  0  3  7  856  287  1089  1589  302
14  1  0  0  1122  697  1004  1198  259
17  3  0  1  1341  1345  650  1167  230
22  1  0  1  1711  1149  1393  944  339
17  0  0  0  888  399  960  1455  303
23  1  3  7  119  75  97  2041  289
17  1  2  4  199  111  181  2072  289
17  1  0  1  1534  808  1445  1194  317
17  0  0  1  1213  615  1238  1377  380
23  3  0  0  1192  1318  553  862  326
15  2  0  1  396  336  230  1921  187
16  2  2  4  1233  990  707  1149  242
20  1  1  3  141  91  124  2480  227
23  2  1  3  398  327  268  1647  204
23  2  1  3  443  376  286  1610  257
16  1  3  6  350  205  317  2229  242
17  1  1  2  406  269  371  1790  343
14  0  2  4  627  312  615  1763  160
14  0  1  3  217  92  214  2272  193
14  1  2  5  662  369  670  1412  270
23  2  3  7  1103  986  586  1199  218
21  0  0  0  145  63  148  2625  280
21  1  2  4  229  143  188  2243  330
22  3  0  0  1583  1626  702  843  350
16  1  0  0  490  316  446  1828  303
14  0  3  6  446  144  534  2324  422
17  3  0  1  267  261  135  2241  315
23  3  2  4  220  239  105  1861  262
21  2  0  0  255  230  159  1974  226
21  0  3  6  348  166  360  2321  294
21  2  0  0  801  750  472  1335  176
23  3  1  3  238  290  83  1859  201
15  1  3  7  286  188  267  2124  225
21  2  3  7  1316  1029  968  1156  335
16  2  0  0  2341  2138  1319  724  348
16  2  1  3  451  392  262  1766  221
21  0  2  4  584  214  671  1903  221
14  0  0  0  810  331  844  1496  180
15  1  1  3  317  172  307  2159  312
21  2  2  5  582  492  378  1641  315
16  0  0  0  611  252  702  1781  316
20  2  1  2  597  552  317  1640  257
20  1  0  1  750  400  721  1709  327
20  2  0  1  293  253  180  2168  269
14  0  2  5  960  296  1132  1416  292
21  3  1  3  752  819  304  1616  302
16  1  1  3  699  367  713  1578  309
23  3  0  1  803  886  371  1193  291
16  1  2  4  177  86  169  2382  305
21  1  2  4  657  421  538  1591  332
21  0  2  4  229  92  246  2331  331
20  0  3  7  704  250  831  1741  345
17  3  1  3  111  116  60  2081  241
14  2  2  4  1474  1196  998  1008  329
21  0  0  0  207  70  246  2207  288
14  0  3  6  1873  863  1961  1051  209
20  2  0  0  545  484  295  1640  172
22  0  0  0  242  93  284  2630  208
15  1  2  4  2049  1220  2035  795  310
20  0  2  4  663  243  784  1770  321
21  2  3  7  805  627  600  1499  244
15  0  0  0  1778  805  1870  1062  356
16  1  1  2  756  531  616  1523  345
22  2  2  5  1939  1521  1486  919  241
15  1  3  7  1177  850  1010  1211  303
20  0  0  0  1156  377  1388  1383  307
20  2  3  6  641  483  437  1491  305
20  2  0  0  1195  1051  654  1187  253
22  0  3  7  917  330  1140  1534  319
20  0  0  0  902  368  1002  1607  313
23  3  1  3  1548  1687  682  955  339
22  1  1  3  97  72  77  2571  260
15  1  1  2  163  107  141  2305  273
21  0  2  4  1011  467  1044  1372  254
20  1  2  4  654  374  620  1647  269
15  3  3  7  213  238  92  2044  329
14  2  2  5  1028  861  674  1070  270
23  0  3  7  586  190  697  1608  196
22  1  1  2  861  611  667  1387  262
22  0  3  6  2607  951  2977  845  264
15  0  1  2  338  112  409  2230  272
15  3  2  4  211  214  106  1894  260
14  1  2  5  595  348  588  1446  205
23  1  1  2  415  231  401  1757  407
15  1  2  4  215  144  199  2082  247
14  2  3  6  2540  1936  1810  748  295
16  3  2  4  1143  1207  436  1139  303
16  1  3  6  560  403  426  1862  214
16  2  2  5  212  166  120  2201  189
17  2  3  6  1237  1137  685  1211  260
15  2  0  0  1065  881  653  1272  255
20  0  1  2  741  376  765  1764  386
16  1  2  4  1164  685  1013  1230  290
23  3  2  4  989  1020  507  1066  289
20  0  3  7  723  240  863  1771  251
15  2  1  2  1252  1005  801  1087  177
14  0  1  2  727  320  709  1637  194
16  2  2  5  154  134  79  2291  296
23  0  2  5  237  107  246  1925  214
23  0  2  4  141  53  155  2399  289
16  1  2  4  291  191  228  2116  283
20  0  3  7  83  33  92  2736  314
23  2  0  0  511  433  344  1445  320
15  2  2  4  155  100  132  2149  339
15  1  0  0  274  166  248  2243  301
14  1  3  6  792  433  837  1643  237
15  1  1  3  1732  899  1741  1036  333
23  3  1  3  793  946  292  1207  358
22  3  1  2  618  716  284  1439  304
22  1  2  4  789  472  692  1550  306
14  0  2  4  622  298  617  1714  262
15  0  3  7  899  386  1054  1573  230
23  1  2  4  477  241  470  1673  272
20  2  1  3  376  283  270  1986  191
17  3  0  0  1094  1258  372  1165  288
17  0  0  0  262  118  281  2234  285
17  0  1  3  1721  896  1863  913  327
22  0  3  6  208  104  204  2532  322
22  1  3  7  1127  602  1005  1230  173
15  1  3  7  663  469  577  1604  328
22  1  1  2  658  345  625  1654  163
14  1  3  6  427  254  421  2057  282
14  2  2  4  256  203  176  2075  218
15  3  3  7  362  397  170  1841  295
14  0  1  3  917  383  916  1462  286
23  0  0  1  105  36  124  2449  187
22  1  1  3  792  570  627  1388  276
21  2  3  7  878  671  662  1407  319
20  1  2  4  638  411  552  1635  156
15  1  1  2  856  595  687  1416  346
21  1  0  1  1525  770  1539  1000  322
23  2  2  4  1296  1047  879  978  315
16  1  2  4  649  393  550  1615  310
15  2  3  7  2485  1888  1893  732  351
17  1  3  6  476  244  468  1962  264
16  0  0  1  620  237  732  1834  216
16  3  3  6  1163  1312  436  1274  292
15  2  0  1  1152  836  833  1296  322
22  0  3  7  289  91  336  2095  257
22  1  2  4  416  255  358  1958  288
17  0  1  2  368  148  447  1970  191
21  2  2  4  569  511  329  1493  304
14  2  1  2  263  181  190  2100  245
17  1  2  4  1240  666  1189  1083  240
21  2  0  1  748  601  547  1342  266
17  1  0  1  653  348  612  1811  304
21  2  1  2  1105  945  746  1161  366
21  2  2  5  714  578  477  1548  145
14  1  2  5  736  408  744  1346  300
21  0  3  6  75  30  80  2941  301
21  2  2  4  267  207  195  1961  313
14  2  2  5  209  151  156  1929  265
21  1  1  2  1441  801  1415  1071  280
17  2  0  0  944  847  529  1347  238
20  2  1  3  1148  991  716  1263  244
23  0  0  1  1813  595  2214  1022  312
15  2  3  6  196  143  153  2118  270
16  1  1  2  333  196  305  2021  293
14  3  2  5  369  450  132  1523  294
17  0  3  6  1225  479  1444  1389  273
21  1  3  6  178  100  157  2547  319
22  0  2  4  498  197  579  2024  322
21  0  2  4  739  345  765  1649  227
22  0  3  7  1722  506  2091  1030  241
16  1  2  5  204  118  182  2283  178
21  1  1  3  345  194  332  2214  310
21  2  0  1  814  681  557  1319  211
16  1  1  2  349  192  337  2090  234
22  0  2  5  326  151  327  1909  313
23  2  1  3  1059  860  733  1099  329
15  2  2  5  273  201  211  1969  217
17  2  0  0  1387  1078  947  1102  240
23  2  1  2  280  265  159  1749  193
17  1  2  4  484  281  438  1684  271
21  3  1  2  1457  1624  557  990  278
20  0  3  7  299  121  333  2286  338
23  2  1  2  428  407  238  1552  322
21  2  2  5  918  715  646  1384  299
15  0  3  6  170  80  190  2317  212
20  1  3  7  615  435  479  1752  322
22  2  2  4  119  88  95  2447  241
21  1  1  3  1184  687  1136  1193  282
21  2  1  2  733  576  561  1437  318
14  2  3  6  608  494  404  1729  155
16  3  2  5  134  121  69  2298  311
20  2  1  3  723  652  423  1594  299
20  1  1  3  532  300  511  2011  170
22  1  0  0  1094  625  1005  1458  302
20  1  3  7  1397  930  1150  1155  295
21  3  0  1  549  554  268  1616  304
17  1  1  3  769  522  653  1483  228
23  2  1  3  894  817  519  1138  287
17  3  2  4  141  145  73  1983  217
15  1  0  1  1566  1035  1327  1053  270
17  1  3  6  607  294  611  1823  316
16  0  0  1  636  312  675  1771  295
14  0  1  2  479  229  467  1901  172
17  1  3  6  1370  818  1214  1238  213
21  2  2  4  386  334  242  1834  174
17  2  0  1  888  760  537  1513  177
20  2  1  3  712  533  524  1622  194
15  3  2  5  142  141  80  2059  166
20  0  1  3  2347  777  2843  917  271
21  2  1  2  317  265  224  1907  252
22  1  1  3  1357  738  1267  1140  315
16  2  2  5  1462  1248  804  1010  313
16  0  3  6  1013  313  1194  1609  303
15  0  2  5  1063  430  1290  1310  307
22  0  1  3  1079  381  1289  1342  236
22  1  1  3  1007  676  811  1290  228
20  2  2  4  207  174  134  2197  320
15  1  2  5  395  260  362  1826  281
16  2  3  7  690  522  464  1491  214
16  1  2  5  437  242  394  1894  272
20  2  0  0  458  351  315  1884  240
22  0  1  3  790  276  953  1623  298
15  0  2  4  1290  576  1495  1111  291
15  3  1  2  97  87  54  2275  188
23  1  2  4  1490  739  1482  1002  276
23  2  0  1  292  273  165  1805  324
23  1  1  3  1162  696  1046  1116  274
15  2  0  1  1035  771  725  1341  159
16  0  0  0  831  414  871  1484  333
15  2  2  5  558  463  374  1521  229
16  3  0  0  201  212  99  2102  237
23  1  2  5  201  111  188  1945  292
20  1  0  1  961  644  782  1457  257
17  1  3  6  119  62  108  2602  252
16  3  1  3  385  400  184  1806  221
23  0  1  2  759  259  892  1548  356
14  1  2  4  1864  1416  1510  876  255
17  2  2  4  488  437  278  1556  314
23  2  1  3  280  217  200  1849  338
20  2  1  3  295  285  149  2130  295
21  3  3  6  467  474  225  1967  327
17  0  0  0  746  251  894  1646  234
20  0  1  2  2178  1087  2270  927  300
14  3  1  2  519  551  226  1532  269
20  0  3  7  744  241  903  1808  291
15  0  0  0  629  303  643  1821  208
15  2  2  4  1469  1068  1154  950  182
22  0  2  4  691  245  840  1830  297
17  0  1  2  818  308  1019  1536  421
22  2  0  0  834  751  462  1393  264
15  1  3  6  2396  1563  2243  747  259
23  0  0  0  576  268  624  1598  301
21  0  0  0  963  359  1125  1425  245
22  1  2  5  316  194  275  2239  325
17  0  0  1  707  214  876  1839  308
23  0  1  3  278  108  308  2063  311
16  1  1  2  488  355  386  1814  220
17  2  2  4  148  106  113  2089  258
14  1  0  1  810  514  716  1402  313
21  3  3  6  503  510  241  1892  176
16  3  0  1  886  906  467  1306  297
14  2  3  6  1146  900  801  1261  290
20  2  2  5  332  260  227  1883  285
15  0  2  5  903  309  1153  1457  174
20  2  3  6  1233  967  809  1168  305
17  1  0  1  1202  616  1147  1352  161
17  1  0  0  565  307  521  1754  295
21  1  3  7  1168  623  1120  1323  337
16  0  1  3  736  280  831  1663  204
23  1  0  0  867  568  751  1223  179
23  3  2  5  1041  1126  477  947  279
23  0  3  7  479  223  500  1680  334
20  2  2  5  559  475  339  1588  249
23  0  0  0  836  258  1046  1461  315
21  1  2  5  585  330  534  1755  148
15  3  1  2  417  397  227  1723  252
20  2  2  5  223  198  135  2033  195
20  1  0  1  559  389  433  1799  314
20  1  3  6  1267  694  1215  1066  202
21  0  1  2  978  505  1082  1284  296
14  0  1  3  1814  677  1898  1027  242
23  3  0  0  720  813  314  1111  324
21  0  3  7  725  274  824  1721  202
20  1  3  7  429  235  402  2066  270
15  1  0  1  168  113  142  2377  157
20  1  3  6  221  134  196  2069  324
21  0  1  2  261  121  284  2137  323
23  1  2  4  558  336  557  1606  342
23  1  1  3  613  335  586  1524  284
22  1  1  3  1041  603  934  1266  334
22  0  3  7  2537  1243  2545  727  223
22  2  2  4  1047  832  800  1253  241
20  1  0  0  373  259  292  2008  314
17  3  0  1  263  252  130  2244  259
20  0  3  6  892  394  964  1349  313
21  1  3  7  876  498  806  1558  320
16  0  2  4  862  302  971  1559  168
17  0  0  1  1065  412  1223  1514  208
22  0  2  4  1182  453  1396  1397  288
20  2  3  6  375  325  216  1777  330
16  1  1  3  140  75  138  2413  204
21  0  0  1  945  348  1102  1363  327
14  1  0  0  595  307  605  1655  340
20  2  1  2  540  412  389  1859  235
14  1  0  0  1200  777  1043  1100  236
14  0  2  5  1369  446  1594  1178  165
23  1  0  1  543  300  524  1684  260
17  2  1  3  382  346  236  1809  349
14  3  1  2  760  811  326  1346  234
20  0  2  4  586  252  655  1745  233
17  2  3  6  635  491  445  1719  261
17  3  1  2  856  864  471  1234  294
21  2  1  3  154  125  107  2473  279
15  1  2  5  226  157  200  2079  281
16  0  1  3  809  355  862  1560  327
15  0  0  1  122  52  133  2748  192
17  0  1  2  563  301  599  1636  321
21  0  3  6  1397  583  1530  1316  155
21  0  2  4  1556  741  1576  1086  251
15  1  3  7  1556  1220  1268  988  318
22  0  1  2  699  305  774  1689  343
17  0  2  4  913  309  1128  1370  128
17  3  0  1  287  334  90  2173  145
21  2  0  0  1799  1691  1043  893  341
21  2  3  7  176  184  80  2362  305
15  2  0  1  644  492  434  1692  231
20  1  0  1  723  436  650  1654  255
16  1  0  0  453  269  434  1865  317
15  3  3  6  520  533  283  1582  198
22  0  0  0  495  163  594  2209  251
22  0  2  4  445  167  501  2071  304
15  0  3  6  873  375  1016  1477  267
21  3  0  1  570  646  248  1417  332
22  2  3  6  808  595  619  1428  299
15  1  3  7  607  467  491  1643  196
17  1  0  0  1482  925  1237  1067  309
23  3  3  7  396  462  144  1603  261
17  1  3  6  823  541  676  1591  242
21  0  2  5  332  128  375  2233  263
21  1  1  3  337  185  335  2223  298
16  1  2  4  467  313  366  1831  248
23  1  1  3  93  44  97  2269  309
20  0  0  0  1607  688  1749  1147  243
17  1  1  2  980  582  921  1295  203
15  1  2  4  567  340  544  1584  290
17  0  2  4  749  304  867  1472  227
22  1  2  5  740  452  628  1653  292
16  2  0  1  1180  1080  660  1145  275
23  0  0  1  1258  413  1533  1290  255
20  2  2  4  225  205  128  2151  265
21  0  2  4  556  158  678  1995  277
16  2  1  2  526  465  298  1717  164
20  1  1  2  1053  563  1048  1485  329
21  0  3  6  361  143  403  2419  308
21  2  2  5  989  807  662  1319  283
23  1  0  0  197  125  168  2144  288
23  0  3  7  946  390  1041  1267  343
21  1  0  0  1135  806  897  1176  328
22  0  1  3  937  399  1044  1411  268
15  1  3  7  642  387  631  1666  258
16  0  0  0  478  241  501  1907  227
16  1  1  2  208  107  207  2374  266
23  3  2  5  537  533  291  1342  232
16  2  2  4  165  137  85  2291  218
20  1  1  3  675  341  685  1704  202
22  0  0  1  1059  342  1310  1473  297
16  2  0  1  419  313  306  1909  183
17  0  0  0  675  289  734  1637  312
22  0  2  4  895  372  1019  1598  316
21  1  3  7  679  477  527  1688  336
17  2  0  0  144  124  88  2318  231
22  2  0  1  720  588  551  1394  196
23  2  0  0  1130  1039  661  932  267
17  1  2  4  190  115  163  2096  275
16  1  0  0  1247  667  1292  1223  336
22  2  2  5  574  423  430  1400  301
20  1  2  5  235  126  224  2066  250
20  1  1  3  1009  576  973  1441  335
22  2  0  1  683  562  518  1472  327
23  3  1  3  916  1035  399  1088  278
16  3  2  4  467  456  211  1733  299
21  0  3  7  2432  1006  2671  866  292
21  2  2  5  1493  1217  1004  1032  332
14  1  2  4  731  474  680  1530  184
14  3  1  3  728  772  319  1295  152
17  2  0  1  287  221  199  2278  318
22  0  0  0  1403  550  1630  1357  161
21  1  2  4  315  189  283  2083  210
22  1  2  4  858  441  827  1571  256
23  2  0  1  263  217  179  1902  208
16  1  0  1  1745  1030  1596  1007  305
14  1  1  3  1290  692  1261  1092  305
22  2  2  4  891  705  621  1340  228
21  0  1  2  785  360  865  1492  259
22  1  0  1  2507  1689  2040  730  340
23  3  1  2  847  1004  316  1120  232
20  2  0  0  379  298  237  1977  247
15  2  3  7  670  631  389  1524  242
22  1  0  0  251  170  208  2400  247
16  3  2  5  227  240  87  2070  122
14  2  2  5  234  196  153  1801  170
20  1  1  3  849  650  654  1475  243
22  3  3  7  194  193  98  1941  230
14  0  2  4  1209  479  1317  1378  335
14  3  1  2  549  551  267  1542  263
21  0  0  1  1442  707  1498  1020  291
20  0  0  0  882  318  1028  1614  193
22  3  3  7  1380  1446  643  928  276
15  0  3  6  1060  393  1303  1426  265
22  1  0  1  138  72  128  2286  200
20  2  2  4  1112  976  650  1241  327
23  0  2  4  1662  564  1941  1021  238
22  0  1  3  443  228  454  1850  327
17  1  1  2  447  314  368  1725  314
20  2  0  0  248  227  130  2124  285
20  2  0  1  396  307  268  2048  165
20  1  2  4  343  240  296  1832  354
17  0  0  1  808  357  878  1681  233
14  0  1  3  822  255  912  1620  188
21  2  1  2  586  434  418  1690  308
15  0  0  1  667  202  818  1857  297
21  1  2  5  513  248  508  1918  323
21  3  1  3  749  792  333  1646  330
23  3  0  1  216  245  89  1857  255
20  1  0  1  598  399  488  1802  199
23  0  3  7  1093  502  1140  1125  253
22  1  2  5  1004  648  826  1421  255
23  0  0  1  281  129  302  2108  225
21  1  2  5  753  478  638  1588  299
21  3  0  0  275  269  138  2035  337
15  0  3  6  166  58  214  2438  314
15  1  3  6  1483  861  1495  1062  282
20  2  1  3  1485  1187  1067  1085  163
16  2  1  3  1640  1400  989  967  316
20  1  0  1  464  326  360  1974  250
22  0  0  1  1264  449  1518  1258  247
15  2  0  1  1065  813  724  1315  219
16  3  2  5  385  366  190  1852  258
15  1  1  3  674  447  566  1554  322
23  2  0  0  570  482  374  1365  341
14  0  1  2  1440  567  1483  1186  200
14  1  1  3  881  614  720  1298  295
22  0  1  3  613  323  622  1647  225
23  2  2  4  940  802  584  1138  309
17  2  0  1  1477  1315  844  1109  312
14  1  1  3  316  235  239  1956  328
20  0  1  2  1007  342  1212  1664  249
20  2  2  5  142  123  88  2139  183
17  0  0  0  128  47  146  2476  150
15  1  3  7  883  571  827  1417  337
16  1  2  4  345  218  284  1967  320
17  0  1  3  1115  414  1396  1318  167
14  1  1  3  951  559  877  1331  97
16  2  0  1  777  656  499  1448  225
23  3  2  4  325  329  168  1704  275
16  2  3  6  219  154  156  2397  280
22  1  1  2  648  447  511  1573  305
23  3  1  2  596  692  241  1331  288
23  0  3  7  714  340  729  1368  305
16  1  2  4  358  193  328  2075  244
20  2  1  3  206  179  123  2322  208
20  1  2  5  504  327  432  1685  335
17  2  1  2  818  707  538  1322  261
20  1  3  7  1463  848  1338  1121  244
22  0  3  6  688  301  718  1841  218
21  0  2  5  1170  558  1187  1341  322
21  1  2  4  276  146  261  2085  327
22  0  0  1  1102  418  1298  1374  320
21  2  3  7  483  414  316  1882  131
15  3  3  6  265  301  121  1883  291
17  2  1  3  1004  881  647  1228  260
21  0  0  0  643  255  720  1919  317
16  0  0  1  1213  382  1526  1361  345
20  2  3  6  1927  1754  1008  790  341
14  0  0  1  783  345  790  1564  273
21  2  0  1  215  165  169  2008  295
21  1  1  3  262  153  247  2330  291
21  2  0  1  213  187  138  1989  324
21  0  1  3  290  98  355  2545  259
21  1  1  3  177  96  171  2566  325
22  2  2  4  188  155  134  2231  275
14  0  2  5  1319  605  1349  1076  336
20  1  0  0  185  101  171  2453  247
22  0  2  4  144  64  156  2331  199
21  2  3  7  457  366  329  1935  261
14  3  0  1  1167  1173  548  1058  317
16  3  2  5  518  497  251  1676  255
14  0  0  1  1402  437  1621  1295  350
17  1  3  6  996  607  872  1398  214
23  2  2  5  1174  1001  741  925  310
14  3  0  1  294  297  135  1851  337
21  0  1  3  804  304  963  1784  287
22  1  1  3  1217  891  909  1169  308
20  2  1  2  612  465  444  1779  212
23  2  2  5  918  854  499  1058  229
20  0  1  2  311  161  320  2398  322
22  0  0  1  1054  503  1135  1336  344
16  3  1  2  685  711  337  1478  286
16  1  1  3  881  541  799  1412  297
17  2  1  3  393  345  258  1827  214
23  1  0  0  1047  652  927  1223  321
22  0  2  5  156  58  167  2618  337
17  1  0  1  388  225  345  2171  365
17  1  1  3  362  238  313  1945  202
20  0  0  0  318  165  337  2154  213
14  0  0  1  1477  683  1455  1096  332
22  0  1  2  445  227  458  1911  288
22  2  0  1  101  96  64  2221  255
21  1  0  0  782  465  712  1442  259
21  0  1  3  98  49  100  2666  222
20  0  3  6  873  337  990  1402  278
14  1  2  4  1448  819  1457  1073  225
23  0  2  4  269  78  324  2065  307
17  2  1  3  423  402  241  1765  332
21  2  0  1  597  452  463  1466  296
15  1  2  4  381  277  322  1827  204
15  2  0  1  1756  1276  1264  955  291
17  3  1  2  372  370  207  1716  159
17  1  1  3  570  356  521  1721  262
22  0  3  7  293  123  314  2127  314
21  1  0  1  642  352  616  1546  305
16  1  1  3  1525  984  1328  1033  329
21  1  3  6  1146  628  1074  1447  320
22  1  0  0  223  147  190  2385  150
23  1  2  5  962  528  904  1158  214
15  2  1  2  383  305  248  1886  312
16  0  0  1  235  84  284  2428  337
20  2  0  1  1266  1121  685  1185  162
14  2  1  3  875  654  602  1291  180
21  2  1  3  505  410  369  1912  231
17  0  3  6  539  161  694  2010  309
16  2  2  4  1378  952  961  1102  253
22  1  0  0  274  157  248  2391  278
20  2  1  2  592  527  352  1747  293
16  3  2  5  1017  1017  443  1236  373
17  2  1  2  450  396  289  1712  292
20  0  1  2  955  297  1060  1573  163
17  3  1  2  151  172  63  2064  327
23  3  0  1  242  279  92  1820  239
15  2  1  2  539  392  390  1709  304
16  3  2  4  416  450  144  1803  331
15  1  1  3  99  53  96  2541  237
21  2  2  5  732  582  516  1536  330
21  1  3  7  103  57  96  2624  299
22  0  3  6  125  58  122  2411  273
16  1  1  2  1278  838  1103  1163  361
14  1  0  1  667  396  621  1572  223
15  2  1  3  462  389  277  1745  306
21  1  0  1  531  305  489  1639  318
20  1  0  0  1074  615  985  1362  212
20  0  1  3  858  391  912  1618  309
23  3  1  3  607  655  294  1296  229
22  3  1  3  93  112  34  2119  303
16  2  0  1  2031  1531  1486  906  278
20  0  3  6  302  136  321  2033  187
15  2  3  7  1078  980  654  1182  262
22  1  2  4  2436  1629  1930  832  138
22  3  2  5  767  791  327  1507  359
20  1  1  3  102  65  90  2521  233
16  0  0  1  942  429  1041  1438  188
17  3  3  6  282  285  150  2182  266
17  2  3  6  289  206  222  2220  307
23  0  1  3  1330  447  1599  1185  318
15  2  1  2  908  750  559  1299  330
21  1  2  4  336  168  325  2083  328
20  2  0  0  487  373  318  1825  322
17  0  0  1  245  83  293  2540  256
20  2  2  5  628  526  384  1513  299
22  0  2  4  952  462  949  1414  229
21  3  2  4  949  901  509  1295  304
16  2  3  7  181  166  94  2217  292
20  2  0  0  351  294  211  2003  254
15  1  3  7  371  248  349  1992  331
16  2  3  7  515  387  348  1740  332
21  0  2  4  206  76  225  2548  334
14  0  1  3  286  82  317  2332  144
16  2  3  7  141  136  66  2294  177
15  1  3  6  718  438  700  1524  333
21  2  3  7  722  579  523  1623  223
20  0  2  4  188  65  228  2477  311
23  1  2  5  462  241  446  1591  268
17  3  0  1  233  240  105  2248  242
21  1  1  3  228  114  228  2420  261
17  2  0  0  1284  1056  816  1123  258
23  3  2  4  276  281  145  1742  234
15  2  3  6  375  302  268  1839  198
21  1  1  2  755  482  665  1476  330
17  2  3  6  94  68  72  2599  270
15  2  3  6  225  167  176  2079  337
15  0  0  1  685  346  684  1781  336
17  0  3  6  1354  686  1422  1203  232
21  1  1  3  210  113  206  2475  264
21  3  0  1  834  812  441  1309  335
14  0  1  2  313  158  284  2145  175
15  0  3  7  395  181  446  2082  305
14  0  0  0  222  97  242  2318  357
16  3  2  4  162  154  81  2178  308
22  2  1  2  267  212  208  2048  327
16  1  0  0  125  83  107  2388  237
21  1  3  7  444  274  384  1949  282
17  2  1  2  237  217  142  2017  362
21  2  1  3  767  613  571  1632  315
17  2  0  1  274  242  149  2270  190
20  2  2  5  290  206  211  1925  194
21  0  2  5  384  151  433  2268  295
15  2  1  2  242  159  186  2078  298
22  1  1  2  430  291  333  1838  290
15  3  2  5  499  478  304  1527  273
22  1  0  1  120  87  90  2205  282
22  0  1  2  906  357  1046  1549  221
23  0  1  2  191  82  223  2222  324
17  1  2  4  809  492  714  1317  290
23  2  2  4  627  513  413  1410  343
22  2  2  4  781  663  548  1460  345
21  1  0  1  596  304  594  1645  214
23  2  2  4  508  443  310  1488  173
21  2  1  3  726  591  529  1611  312
21  2  0  1  1097  986  680  1125  205
22  0  2  5  1471  500  1797  1325  246
15  0  3  6  410  195  456  2011  320
22  1  3  7  515  281  450  1741  335
20  1  1  2  326  172  327  2298  346
21  3  3  6  169  185  60  2294  331
22  3  0  0  225  292  71  2148  260
21  2  0  0  418  326  317  1751  329
16  0  2  4  510  231  509  1845  105
21  2  3  6  1353  1266  785  1185  263
15  0  3  6  497  187  613  1885  340
17  1  1  2  957  580  891  1261  296
20  2  0  1  413  290  303  2023  274
20  2  2  5  194  176  108  2070  323
16  2  2  4  2467  1792  1617  783  336
21  0  3  6  801  377  830  1731  282
21  1  3  7  456  316  357  1952  344
23  2  0  1  812  716  512  1268  277
23  3  0  0  686  680  402  1173  315
21  2  1  2  282  251  184  1960  225
15  2  3  7  859  690  611  1414  234
20  2  2  4  158  140  86  2202  246
23  3  1  2  277  281  153  1702  206
16  2  2  4  414  330  235  1865  318
22  0  0  1  653  281  744  1775  236
16  2  0  0  1124  975  685  1198  240
23  0  0  1  420  169  482  1908  165
16  1  0  0  270  193  226  2075  329
20  2  3  7  896  733  577  1397  306
17  2  3  6  589  504  367  1773  317
23  2  1  2  726  645  434  1243  273
22  0  2  4  139  45  169  2646  316
15  0  2  4  427  224  459  1838  236
22  0  3  6  123  54  135  2626  163
20  2  0  0  647  503  426  1653  253
21  0  0  1  1187  599  1219  1137  277
23  3  1  3  874  893  474  1117  291
14  0  3  6  503  178  594  2210  228
16  0  3  6  111  44  118  2778  250
21  0  0  1  352  156  385  1911  277
23  3  2  4  401  452  166  1623  245
23  3  1  2  527  576  253  1373  195
21  2  3  6  238  202  154  2288  308
15  0  3  6  406  169  488  1936  334
20  0  0  1  245  124  238  2481  252
15  0  3  7  389  168  452  1961  247
22  1  3  6  1813  1128  1421  948  293
16  0  0  1  580  265  636  1822  312
20  2  0  1  410  313  274  2016  271
22  0  0  1  418  208  443  1941  264
15  0  2  5  1539  549  1934  1090  338
15  1  1  3  371  245  312  1981  245
21  2  1  3  684  505  556  1646  370
21  0  1  2  900  358  1062  1483  276
22  2  1  3  462  377  353  1705  333
21  1  2  5  998  568  903  1362  317
15  1  1  3  1180  644  1140  1249  267
17  0  1  3  824  427  903  1478  297
16  2  0  0  1314  1036  923  1128  172
21  0  2  5  437  140  515  1960  336
17  3  3  6  83  76  44  2527  239
15  0  1  2  2389  1081  2531  825  322
23  2  1  3  1062  963  612  1020  215
14  1  3  6  507  353  442  1865  309
15  0  1  3  473  164  568  1923  201
16  0  2  5  1013  330  1159  1479  205
23  2  1  2  2159  2023  1183  654  156
14  0  0  1  280  97  309  2284  113
16  2  0  0  499  385  354  1746  252
22  2  0  0  630  563  433  1733  186
16  3  0  1  707  791  295  1451  395
17  2  0  0  722  652  393  1523  212
14  2  3  6  218  156  162  2356  314
21  2  1  3  754  704  455  1608  250
22  1  3  7  582  379  439  1594  334
16  1  2  5  1027  665  829  1287  328
23  0  0  1  252  122  264  2178  314
21  0  0  1  1224  412  1487  1198  257
15  2  3  6  731  596  514  1490  329
17  3  1  2  147  158  65  2134  309
20  1  1  3  318  237  249  2153  335
15  2  2  4  269  218  180  1880  299
16  2  3  7  1346  1135  786  1098  317
23  0  1  3  942  279  1152  1446  313
15  1  3  6  1114  767  990  1193  241
23  0  0  1  293  100  353  2225  117
23  0  1  3  673  317  697  1551  180
22  1  0  0  2269  1384  1980  907  328
20  2  0  1  1111  830  769  1297  190
16  1  1  2  79  44  72  2602  285
21  0  2  5  197  66  227  2475  320
20  1  2  4  450  288  385  1897  190
15  1  1  2  1201  604  1225  1268  216
17  0  0  0  1074  492  1149  1351  242
15  1  3  7  418  287  370  1913  322
15  0  0  1  348  161  364  2214  252
22  3  2  5  224  253  108  2131  322
15  2  0  1  504  376  352  1831  300
14  1  3  6  749  458  730  1611  329
20  2  0  1  776  702  402  1520  289
16  2  1  3  397  329  252  1842  148
17  3  1  2  511  513  273  1578  307
23  0  2  4  1472  459  1764  1108  314
23  3  1  3  641  690  317  1293  336
20  2  1  2  177  164  100  2391  238
14  2  1  3  839  620  585  1345  248
15  0  0  1  1954  964  1973  947  325
16  2  0  0  957  776  644  1323  332
16  1  0  1  594  362  563  1674  248
14  2  2  5  290  234  195  1740  284
22  0  0  0  210  110  215  2528  212
15  2  3  7  593  560  345  1546  331
14  1  1  3  469  266  440  1772  314
20  1  2  5  467  317  389  1714  238
23  0  1  3  356  162  371  1894  328
23  2  0  1  137  121  85  2061  315
20  2  3  7  1515  1194  978  1069  418
20  1  2  5  79  47  77  2451  322
17  3  1  2  398  451  165  1660  274
16  1  2  5  503  325  405  1777  267
20  1  2  4  332  212  296  2039  216
20  0  2  4  604  229  709  1851  323
15  1  2  4  1417  814  1436  1013  223
21  0  2  4  496  153  595  2056  167
23  0  2  4  1680  652  1873  966  190
17  3  2  4  391  376  212  1689  250
16  0  2  5  475  224  466  1909  319
17  1  1  3  2428  1286  2456  786  243
15  2  0  1  1563  1307  946  997  303
20  2  1  3  616  537  383  1728  245
14  1  0  0  255  146  242  2071  296
16  3  0  1  357  398  145  1934  334
16  0  1  2  1100  373  1289  1431  244
21  3  0  1  764  856  260  1301  221
16  1  1  3  439  264  402  1895  183
21  2  3  7  135  123  77  2451  334
20  2  3  7  577  503  325  1741  217
17  1  0  1  261  176  205  2354  232
21  2  3  7  615  483  451  1705  289
22  0  0  0  122  67  123  2392  284
16  0  3  7  931  339  1039  1542  331
21  0  0  0  1025  322  1262  1329  277
17  0  0  0  2243  1109  2323  843  332
20  0  2  4  1063  445  1204  1359  233
17  1  3  6  983  547  916  1450  294
20  2  1  3  971  903  548  1321  248
17  2  1  3  354  267  266  1879  258
22  1  2  5  130  84  105  2509  222
16  1  1  2  625  342  607  1738  328
22  1  0  1  553  338  484  1706  324
21  2  3  6  1982  1666  1346  952  287
22  0  2  4  105  59  109  2619  307
14  1  1  2  996  553  955  1317  254
20  2  0  1  639  468  447  1728  255
21  1  3  6  488  269  460  2025  333
17  3  0  0  310  324  136  1963  306
15  2  1  3  235  189  139  2153  309
20  2  1  3  448  418  252  1980  206
22  0  1  3  241  115  252  2140  333
17  2  0  0  436  364  267  1877  318
16  2  2  5  412  284  278  1886  90
21  0  3  7  1497  517  1760  1287  304
17  0  2  4  1066  394  1279  1251  322
14  0  3  6  1278  578  1360  1368  330
21  2  1  2  295  243  216  1933  233
21  3  1  3  462  434  259  1970  338
23  2  3  7  677  493  508  1292  297
21  3  0  1  1227  1235  597  1085  241
15  0  2  4  1461  680  1647  1046  339
14  0  3  6  1222  397  1483  1519  197
16  2  2  5  374  295  219  1866  215
21  1  3  7  899  556  782  1516  331
17  3  1  2  799  867  364  1288  321
22  1  1  2  1833  1106  1598  938  322
20  0  3  6  124  65  133  2306  290
16  1  0  0  542  328  527  1767  139
14  0  0  1  1043  378  1142  1507  337
16  0  3  7  1617  519  1883  1144  320
21  2  3  7  1176  1111  745  1188  210
14  3  0  0  756  828  277  1281  349
20  2  2  5  110  68  79  2415  321
16  3  3  7  208  208  100  2189  129
22  1  2  4  1060  689  868  1340  296
21  2  2  4  522  453  334  1696  310
15  0  3  6  455  178  551  1897  334
22  0  2  4  648  270  749  1794  325
23  2  1  2  617  570  362  1337  252
15  0  1  3  1100  388  1298  1377  159
21  1  0  1  155  105  125  2147  264
21  0  2  4  475  150  570  2017  329
16  0  1  3  430  150  504  2031  332
23  0  1  2  1040  521  1039  1221  194
23  0  1  2  819  385  848  1424  347
21  1  0  1  863  497  802  1300  377
15  0  3  7  1095  379  1374  1399  307
17  1  1  3  374  202  368  1838  341
14  2  3  6  1044  845  703  1303  333
14  1  0  1  185  113  156  2218  141
15  1  2  4  959  653  862  1251  221
23  3  2  4  199  201  106  1892  331
22  0  2  4  1581  554  1930  1195  234
15  2  2  5  255  211  164  1921  203
20  2  0  1  371  325  208  2029  306
15  2  0  0  480  417  273  1858  202
17  2  2  4  328  285  206  1764  187
15  0  3  7  300  98  378  2271  289
20  1  0  0  170  125  123  2314  300
21  2  0  0  868  816  500  1328  252
20  1  3  6  288  153  277  1995  237
16  2  1  2  608  434  452  1693  264
21  0  0  0  385  122  477  1972  304
14  1  2  4  476  272  474  1852  216
23  0  1  2  1766  737  1922  920  335
15  3  2  4  276  273  151  1812  313
20  2  0  1  817  741  469  1389  328
21  3  1  3  131  136  56  2547  274
16  1  3  6  338  243  255  2172  232
16  0  1  3  112  48  120  2659  272
14  1  3  6  366  260  309  2068  159
14  0  2  4  345  139  373  2198  291
15  1  2  5  355  194  374  1961  253
20  1  2  5  850  567  726  1329  278
20  1  2  5  1768  919  1769  901  334
20  1  1  3  2444  1739  1997  791  355
14  1  1  2  549  294  532  1750  272
20  1  3  7  795  531  644  1502  180
17  1  3  6  648  439  517  1703  240
15  0  2  4  1104  531  1228  1198  326
16  1  3  6  704  538  584  1473  363
20  1  1  3  477  322  407  1881  311
22  0  2  4  885  383  996  1632  180
17  3  1  3  920  951  472  1274  199
17  2  3  6  2340  1931  1531  849  323
23  0  2  4  1187  558  1214  1176  245
22  0  2  4  489  130  646  1790  225
23  0  0  1  456  164  543  1916  315
22  2  0  0  534  448  395  1826  146
20  2  3  7  1187  899  812  1252  332
22  0  3  7  556  202  640  1803  270
21  0  1  3  624  190  814  2008  311
16  3  0  0  604  700  236  1599  347
15  1  0  1  334  194  315  2170  189
15  2  0  0  1101  1024  568  1221  314
15  1  2  5  171  96  171  2236  294
15  0  3  7  509  250  581  1835  342
16  0  0  1  436  164  513  2032  249
21  2  1  2  69  60  44  2333  222
16  2  2  5  745  557  473  1452  277
15  0  2  5  1269  513  1528  1176  328
15  3  2  4  572  624  261  1424  273
15  1  0  1  153  112  126  2449  308
20  1  2  4  469  264  457  1922  241
16  0  0  1  1105  463  1257  1354  307
21  0  2  5  2472  1133  2553  854  274
17  2  1  2  1318  996  1018  1062  288
17  1  2  4  1137  767  920  1093  225
22  3  1  2  471  587  174  1607  187
17  1  1  2  279  150  290  2034  317
21  3  0  1  988  1039  433  1221  332
15  3  2  5  201  191  111  1915  162
15  2  3  7  1322  1116  913  1123  187
15  1  3  6  897  592  833  1360  136
22  1  2  5  296  142  316  1957  237
22  2  1  3  500  476  280  1677  185
21  0  1  2  272  135  288  2104  292
23  0  0  1  1697  799  1766  1162  285
16  0  2  5  700  231  800  1723  315
16  2  1  2  2487  1985  1632  745  247
23  1  1  2  551  278  555  1641  254
20  0  2  5  711  348  755  1541  331
22  3  2  5  469  576  162  1733  291
15  1  1  2  722  479  604  1530  265
16  0  2  4  2006  570  2396  993  212
21  3  1  3  449  427  248  1979  185
16  0  2  5  672  244  742  1737  329
20  1  2  4  225  129  225  2327  276
21  2  3  6  639  537  430  1754  234
22  1  2  5  1456  825  1312  1209  274
21  1  2  4  681  342  666  1638  327
17  2  3  6  575  424  429  1807  210
16  0  1  3  281  84  341  2310  203
15  2  2  4  347  293  225  1784  322
22  2  2  4  1231  958  951  1143  300
20  0  3  7  942  330  1120  1559  240
21  3  3  6  762  759  381  1592  311
20  0  2  5  154  76  165  2240  308
17  1  0  0  180  111  156  2316  313
15  0  0  1  1927  850  2052  972  353
15  0  2  5  546  240  639  1691  317
16  2  3  6  348  276  219  2098  306
15  1  2  5  254  170  225  2052  275
17  3  1  3  583  609  291  1549  265
17  2  2  4  436  329  318  1657  331
15  0  1  2  672  202  825  1811  355
21  3  3  6  938  916  486  1437  297
21  0  3  7  395  151  450  2109  255
17  3  1  2  256  280  116  1918  320
16  2  0  0  559  467  353  1698  165
15  0  3  6  601  313  645  1708  209
21  0  1  3  2388  737  3063  955  268
17  0  2  4  475  205  531  1686  287
14  1  1  2  2538  1499  2328  750  273
14  0  1  2  567  175  632  1944  316
22  1  1  2  331  176  316  2087  276
14  1  0  1  1324  688  1341  1121  325
20  2  0  1  606  450  422  1793  302
15  1  0  1  110  74  95  2501  265
22  3  1  2  525  630  220  1562  336
17  0  1  2  2388  1117  2726  743  280
22  1  0  1  115  72  96  2255  151
16  3  1  2  564  598  257  1611  343
15  0  1  2  1144  406  1338  1373  220
15  1  3  7  234  153  223  2242  203
23  1  1  2  1201  651  1163  1134  201
17  0  1  2  1681  706  2005  973  240
17  0  3  6  567  244  639  1885  218
17  1  2  4  508  311  443  1628  207
14  0  0  1  498  189  531  1912  212
16  1  0  1  258  179  215  2160  310
21  3  2  5  388  388  181  1939  322
16  0  0  0  1878  797  2123  978  349
14  1  1  3  322  220  263  1891  291
23  1  0  1  1160  743  1016  1114  398
21  1  3  6  178  126  133  2483  329
21  1  3  7  1206  785  1009  1310  269
20  2  3  7  970  834  553  1372  203
23  3  2  4  146  151  75  1991  257
20  1  2  5  201  126  179  2151  252
22  1  1  2  852  601  655  1411  266
22  1  3  6  207  110  181  2227  303
22  1  0  0  303  224  252  2044  323
16  2  1  3  1091  905  684  1205  270
22  1  3  7  989  582  819  1300  327
21  1  3  6  601  335  564  1567  344
20  2  2  4  866  708  562  1435  165
21  0  3  6  543  264  582  1922  284
21  1  0  0  513  307  466  1713  226
22  0  1  3  123  56  131  2318  248
17  1  3  6  664  443  538  1693  227
22  0  2  5  1028  317  1296  1584  284
22  1  3  7  475  233  451  1799  300
15  0  2  5  449  176  549  1904  273
17  0  0  1  826  328  942  1677  318
17  2  1  3  318  269  214  1959  334
17  1  1  2  1465  949  1294  1002  278
21  2  1  2  105  97  61  2232  291
20  0  1  2  233  107  248  2578  167
16  1  2  4  494  264  460  1838  263
17  3  3  6  853  838  448  1458  311
21  1  3  6  1374  797  1250  1284  218
20  2  2  4  1141  986  701  1249  328
23  1  2  5  1054  541  1036  1103  171
22  1  2  5  626  449  540  1397  213
21  2  1  3  1064  811  844  1370  251
21  2  2  4  1131  881  806  1179  353
15  1  3  7  901  557  876  1445  246
14  0  3  6  838  254  1046  1846  311
20  2  0  0  230  172  156  2232  202
15  0  0  0  697  270  776  1880  328
16  3  2  4  529  532  223  1662  262
16  2  0  1  402  362  234  1856  330
22  0  1  2  1404  626  1535  1144  248
16  2  3  6  577  424  395  1876  322
14  0  0  0  581  260  575  1718  321
17  3  1  3  707  800  282  1459  333
16  3  2  4  176  180  78  2152  279
22  0  0  1  1713  930  1738  967  317
14  1  3  6  518  343  470  1899  297
14  1  1  3  663  382  620  1531  218
20  1  3  7  224  146  183  2282  236
21  1  2  5  301  161  278  2264  215
16  1  2  4  1684  962  1502  981  326
20  2  3  6  774  622  489  1378  327
23  0  0  1  222  108  227  2213  306
15  1  3  6  2297  1637  2008  742  355
22  3  3  7  286  321  108  1776  289
17  3  1  2  435  482  187  1645  221
16  0  1  3  630  178  774  1845  280
15  0  2  4  579  274  653  1672  338
15  0  3  6  473  215  537  1897  214
17  1  3  6  1628  906  1518  1091  288
21  1  3  6  911  488  873  1632  289
16  0  1  3  1023  403  1142  1424  335
23  3  2  4  1006  1118  440  1073  221
14  2  1  3  213  152  144  2020  322
21  0  0  0  2303  1142  2380  769  238
14  1  1  2  278  142  278  2158  337
17  0  3  6  512  211  592  1994  264
23  1  1  3  1355  747  1294  1015  320
16  3  0  1  2348  2789  834  732  265
17  3  2  4  228  257  83  1908  303
20  0  0  1  506  254  510  2054  412
22  1  1  3  101  52  93  2341  207
16  1  1  3  223  169  173  2175  326
17  0  2  4  1174  401  1441  1176  273
20  2  0  0  669  481  486  1647  132
14  1  3  6  835  543  792  1509  244
20  1  3  6  155  90  135  2140  305
21  0  3  6  516  235  546  2072  367
21  2  1  3  702  631  443  1662  255
23  3  3  7  194  220  72  1968  320
14  1  1  2  1016  715  819  1321  249
17  2  1  2  588  516  382  1538  310
17  0  3  6  230  122  233  2351  208
20  1  3  7  138  88  113  2499  308
16  3  1  3  1171  1193  594  1104  256
21  1  0  1  801  504  697  1386  337
22  0  3  6  960  284  1170  1478  327
23  1  0  1  321  190  293  1932  284
20  0  0  1  1149  399  1384  1439  308
20  1  1  2  496  272  488  2030  243
22  1  1  2  105  57  102  2406  298
20  0  3  6  226  104  238  2181  185
21  2  0  1  500  383  373  1615  253
16  2  2  4  464  366  270  1790  253
20  0  2  5  321  135  350  2019  186
21  0  3  7  901  356  1015  1628  345
23  2  1  2  747  613  502  1303  208
20  0  1  2  170  73  189  2705  275
21  0  3  7  910  439  929  1531  145
14  1  1  2  172  96  157  2338  209
17  1  0  0  770  511  606  1543  274
23  0  1  2  196  86  215  2142  275
21  1  3  6  732  395  694  1788  294
21  0  1  2  551  216  652  1777  282
20  0  0  1  315  164  316  2351  275
23  0  3  7  615  277  659  1495  338
21  0  3  7  1532  726  1584  1161  215
22  0  1  2  621  230  728  1796  333
15  1  2  5  221  126  230  2147  244
22  1  0  1  400  284  319  1795  335
22  0  0  1  1573  679  1769  1093  275
21  2  0  0  156  122  112  2279  329
22  2  0  1  313  279  213  1871  256
22  0  1  2  518  254  548  1832  334
20  2  0  0  972  742  646  1347  213
23  2  1  3  110  91  72  2074  329
15  0  2  5  1079  409  1331  1268  309
14  2  2  5  827  622  606  1244  239
15  0  0  1  1370  527  1539  1243  371
21  1  0  0  1218  844  976  1127  312
21  2  2  4  525  457  328  1635  369
21  2  3  6  1212  1159  670  1252  262
22  0  3  6  1792  882  1795  984  203
15  1  1  2  516  360  420  1754  337
15  2  3  6  189  166  129  2086  271
22  2  0  0  791  745  507  1541  296
22  2  1  3  1500  1268  1097  949  334
22  1  3  7  69  42  56  2328  251
14  1  1  3  1920  1258  1632  823  330
15  2  3  7  609  561  360  1574  338
21  0  1  2  170  55  226  2291  227
21  3  1  3  632  613  348  1712  301
22  1  1  3  529  364  416  1702  322
23  1  0  0  1014  628  912  1125  324
20  0  0  0  1170  443  1342  1460  300
15  2  2  4  179  124  142  2062  249
21  2  0  1  573  546  323  1552  235
21  0  0  1  1503  720  1585  1021  337
16  0  2  5  1240  572  1237  1249  246
21  2  3  7  494  469  279  1842  255
23  1  1  3  627  389  565  1731  296
21  2  3  6  982  744  754  1443  255
23  2  1  2  1290  1119  807  925  309
23  0  2  5  1257  392  1506  1180  330
15  0  1  2  1534  661  1665  1100  293
17  1  0  0  1368  811  1186  1145  214
15  0  3  6  402  138  501  2130  274
15  0  2  4  1725  787  1967  923  266
14  0  2  5  712  344  702  1430  287
14  1  2  5  1033  690  932  1138  301
23  2  2  5  380  339  219  1537  208
16  3  2  4  515  490  252  1629  257
17  1  1  3  685  421  637  1581  336
15  2  0  0  385  307  242  1994  285
23  1  0  1  1071  661  966  1168  272
16  1  2  5  1221  855  911  1141  230
17  2  1  2  687  627  413  1388  335
21  2  1  2  439  327  355  1776  305
20  1  3  7  179  114  160  2369  215
21  2  0  0  197  167  130  2046  259
21  0  3  6  2655  1087  2926  863  184
16  3  3  6  1026  1015  519  1341  292
17  1  2  4  288  178  246  1887  382
22  1  3  6  970  514  868  1375  310
23  2  2  5  1281  992  907  911  343
15  2  1  3  489  358  346  1762  266
23  2  3  7  393  311  275  1595  245
16  1  1  3  1599  1134  1293  985  238
17  2  2  4  770  576  560  1325  254
16  1  2  4  267  152  242  2172  305
17  0  0  0  761  330  839  1622  269
23  1  1  2  457  252  436  1708  204
15  2  0  1  709  625  391  1529  238
16  1  2  5  352  198  318  2022  219
23  3  2  5  912  1088  319  1093  188
15  0  2  4  273  116  318  2070  282
20  0  0  1  1774  534  2184  1218  312
21  0  2  5  944  379  1102  1416  195
17  1  1  3  1246  788  1116  1174  369
16  0  0  1  281  107  333  2246  332
21  0  2  4  121  37  146  2646  329
21  1  1  3  965  661  807  1463  218
15  1  2  5  536  292  560  1692  301
20  1  0  1  256  141  241  2262  155
16  1  2  5  370  199  337  2023  213
23  0  2  4  1178  386  1390  1235  276
21  3  1  2  935  901  510  1283  211
15  0  0  1  2419  841  2822  871  264
23  3  0  1  217  238  100  1854  176
15  2  2  5  344  311  197  1765  300
23  2  3  6  254  193  192  2093  314
23  2  2  4  110  98  50  2312  383
21  0  1  2  959  350  1164  1423  314
22  1  3  6  93  55  70  2361  269
20  1  0  0  1632  908  1526  1084  301
22  0  1  3  1492  787  1513  1065  337
15  0  1  2  772  306  864  1590  227
14  1  2  4  153  94  149  2372  132
14  1  1  3  192  107  182  2173  190
20  2  0  1  516  422  312  1776  274
21  0  0  1  1050  483  1125  1235  294
20  1  0  0  81  45  73  2640  250
23  0  0  1  176  77  194  2401  173
21  2  3  7  1191  1100  711  1258  152
23  2  2  5  834  608  545  1455  270
22  0  1  3  259  134  261  2122  340
15  2  0  0  765  648  448  1532  331
16  2  1  2  1180  1093  631  1162  259
16  0  3  6  251  88  285  2580  228
16  0  3  7  441  153  496  1985  307
14  1  1  2  496  342  410  1733  258
20  1  1  3  546  397  436  1821  243
20  2  2  4  320  246  225  2059  240
22  1  2  4  262  141  244  2236  247
22  3  1  2  323  417  103  1812  266
23  0  3  7  252  100  276  1983  324
15  0  0  0  1120  433  1258  1432  336
16  0  0  0  484  223  525  1890  300
21  3  0  1  540  607  202  1585  391
23  1  1  3  605  348  550  1525  336
23  2  0  0  525  450  340  1392  260
14  0  1  2  1358  547  1383  1237  330
23  0  1  2  904  430  932  1366  301
15  1  3  6  498  317  476  1757  174
15  1  1  2  908  543  837  1396  208
15  0  3  7  326  107  420  2256  251
17  1  0  0  193  99  183  2332  198
21  1  3  6  1186  812  945  1359  297
22  0  0  1  890  288  1101  1545  224
16  1  1  2  628  437  515  1639  249
14  1  0  1  231  168  180  2050  315
22  0  2  4  712  308  803  1731  283
16  1  2  5  551  380  424  1713  223
21  2  0  1  973  760  735  1215  335
15  2  0  1  1549  1177  1044  1071  307
17  3  2  4  901  888  469  1203  219
21  3  1  3  432  412  238  1949  176
23  2  2  4  440  376  273  1605  307
17  1  1  2  343  218  306  1859  238
22  1  0  1  425  303  333  1757  200
14  1  2  5  306  195  292  1818  114
22  1  1  3  133  87  103  2294  309
23  2  0  0  1200  1051  760  945  251
17  2  0  0  1023  805  686  1341  209
14  2  1  3  987  748  665  1258  232
23  1  1  3  284  149  276  1951  315
17  3  1  2  1012  1208  353  1134  286
14  1  3  6  760  567  628  1554  206
23  2  0  1  482  397  333  1598  297
22  1  1  3  290  201  227  1931  246
21  2  0  0  139  116  92  2146  225
15  0  1  3  699  268  812  1693  278
15  0  2  4  414  195  457  1870  327
14  1  0  1  1405  976  1151  1044  302
20  1  1  2  688  449  605  1761  182
17  2  2  4  379  351  209  1714  248
15  0  3  7  505  189  621  1999  173
22  0  0  1  2000  977  2134  912  234
14  0  1  3  575  272  545  1735  164
17  2  3  6  156  126  101  2447  257
16  0  3  6  1417  477  1624  1367  302
22  1  0  0  478  278  436  2041  150
22  0  3  6  1153  428  1304  1358  220
17  3  3  6  747  813  308  1539  310
22  0  0  0  583  180  737  2114  342
21  2  2  5  681  608  406  1572  246
22  0  3  6  855  353  933  1551  316
23  0  2  4  579  200  669  1719  328
16  2  3  7  2015  1673  1191  862  302
17  3  1  2  180  221  54  2056  259
21  1  2  4  666  452  513  1593  334
23  3  0  0  352  402  150  1492  221
21  1  2  5  642  409  541  1690  312
17  2  0  0  817  718  478  1438  223
17  1  1  2  608  428  510  1543  345
21  1  2  5  458  237  433  1964  276
22  2  2  4  113  88  85  2230  244
22  1  3  6  318  168  275  2060  277
15  3  2  5  405  393  231  1652  320
17  2  1  2  423  344  299  1751  300
23  0  0  0  792  286  936  1477  311
16  2  3  7  1147  841  794  1228  284
20  1  2  4  726  514  579  1550  175
17  3  0  0  62  61  30  2413  133
15  2  2  4  1065  899  694  1102  199
15  0  3  7  760  264  958  1697  300
16  2  2  5  153  104  132  2122  294
21  3  0  1  221  219  106  2069  313
15  2  2  4  279  233  180  1879  269
22  0  0  1  375  136  442  2145  262
23  2  2  5  1108  932  710  994  224
21  0  0  0  758  275  890  1510  324
20  2  1  3  388  321  260  2024  336
23  0  2  4  88  25  101  2433  196
17  0  0  0  551  221  624  1796  283
22  0  2  5  1285  507  1506  1405  296
16  1  0  1  440  292  399  1884  307
16  0  3  6  478  161  544  2164  267
21  2  3  6  331  252  240  2145  317
23  0  3  7  987  317  1187  1304  307
15  1  2  4  703  383  732  1452  175
22  1  0  0  593  393  497  1844  308
17  0  1  2  258  111  307  2119  341
20  1  0  0  504  337  409  1862  257
20  2  2  4  1277  1136  741  1128  311
17  2  1  3  95  87  59  2292  290
22  2  0  1  642  565  370  1739  255
15  0  2  4  839  258  1102  1516  332
20  0  1  2  724  380  744  1746  210
17  1  0  1  469  324  364  2027  303
21  2  0  1  78  73  43  2231  258
22  3  0  1  714  885  278  1326  304
17  0  0  1  658  226  790  1914  307
15  1  2  5  467  296  437  1778  222
15  1  2  5  645  380  644  1631  287
21  2  0  1  594  549  353  1508  289
20  0  1  2  226  79  263  2687  212
21  1  0  1  311  185  276  1926  237
17  1  0  1  750  407  689  1741  254
14  0  3  6  273  117  300  2452  248
17  0  1  3  297  154  330  2061  129
17  3  0  1  1103  1069  575  1316  322
21  0  0  1  1210  528  1328  1156  322
20  0  0  0  135  40  160  2423  180
16  2  0  1  107  94  59  2397  217
16  1  1  3  1260  735  1183  1208  310
17  0  1  2  512  214  614  1763  334
23  2  2  5  542  417  391  1383  267
16  1  1  3  723  438  657  1569  206
16  3  1  3  974  954  537  1287  239
14  0  2  5  1393  595  1467  1071  326
20  0  2  4  617  202  762  1878  174
23  2  0  1  644  526  454  1436  183
23  1  1  3  515  261  513  1673  335
20  2  1  2  1614  1375  1036  1015  291
14  1  2  4  635  400  604  1672  287
21  2  3  7  666  644  360  1640  291
21  1  1  3  1367  905  1178  1247  278
23  3  2  4  999  1050  494  1050  322
17  3  1  2  658  760  260  1414  177
20  0  3  7  485  210  532  1970  254
16  1  0  1  110  69  100  2470  215
23  3  2  4  165  183  70  1944  253
23  2  0  1  201  163  125  2365  301
21  1  3  6  1284  803  1105  1267  323
17  0  1  2  1205  430  1521  1244  238
22  0  1  2  753  362  811  1534  326
16  3  0  0  361  415  137  1859  277
15  3  2  5  568  556  328  1470  326
23  1  0  0  603  373  547  1431  293
21  0  2  5  804  291  915  1683  338
21  1  0  1  389  274  306  1828  388
21  2  1  2  175  163  110  2119  258
21  0  3  7  437  135  515  2209  300
17  3  2  4  347  396  122  1697  308
15  0  0  0  453  139  541  2148  340
21  2  1  3  836  684  603  1551  227
23  2  1  2  702  627  429  1289  293
15  1  2  5  2188  1495  1955  746  120
16  2  0  0  798  595  588  1471  184
17  3  3  6  494  525  227  1843  236
22  3  2  5  182  186  97  2047  180
20  1  2  5  207  109  197  2193  270
22  0  2  4  260  120  284  2341  303
21  0  0  1  868  343  983  1447  210
15  1  0  1  1899  1250  1611  936  209
15  3  3  7  397  424  204  1766  213
22  0  1  3  174  54  213  2374  209
23  1  0  0  398  230  375  1677  322
15  1  2  4  846  512  831  1306  289
20  2  2  4  142  113  92  2274  221
17  3  0  1  521  552  222  1849  293
17  2  0  0  939  766  604  1371  264
20  2  0  0  2005  1659  1206  864  350
21  0  0  1  381  122  462  2006  280
17  2  0  0  1083  873  706  1234  185
20  2  0  1  258  184  184  2274  162
23  2  1  3  204  174  132  2226  346
23  1  1  2  650  333  640  1551  308
15  0  0  1  609  224  694  1855  339
22  0  0  1  690  371  700  1574  303
23  3  2  4  937  1020  424  1113  326
16  0  2  5  1039  404  1116  1414  289
21  3  0  0  654  651  328  1518  280
17  1  1  3  1098  582  1110  1271  182
22  0  3  6  1192  454  1344  1283  239
15  1  3  7  983  566  1000  1411  185
21  0  1  2  1465  423  1914  1191  214
20  0  1  3  1284  544  1436  1315  346
20  1  2  5  1374  754  1342  1106  218
16  0  0  0  214  93  240  2361  308
21  1  2  4  259  177  211  2083  395
16  3  3  7  334  386  110  1923  280
15  1  1  3  1384  703  1397  1148  333
20  1  3  7  1065  562  1035  1392  273
20  2  2  4  415  375  236  1837  388
21  1  2  4  340  168  338  2077  173
20  2  2  5  826  640  574  1325  324
15  0  0  1  737  245  864  1793  337
20  2  1  3  330  266  221  2108  207
20  0  0  0  778  277  917  1793  326
22  0  0  0  838  406  898  1772  297
20  1  1  2  761  561  604  1598  301
15  1  2  4  1027  703  915  1186  335
16  3  2  5  268  273  106  2078  203
23  1  0  1  164  112  136  2473  211
20  1  1  3  440  285  387  2013  243
14  1  2  4  1536  1077  1339  1013  263
16  2  3  7  430  365  243  1861  181
15  1  1  3  1835  1055  1715  952  319
17  3  2  4  1135  1094  617  1051  109
17  3  1  2  460  483  229  1636  240
21  0  2  4  291  109  332  2280  324
21  0  0  1  2095  764  2474  867  350
17  0  3  6  289  84  370  2385  300
22  3  2  4  780  954  270  1360  185
21  0  2  4  456  147  536  2156  305
14  0  0  0  1277  589  1258  1192  285
21  3  0  0  795  768  426  1382  323
17  1  1  2  664  388  631  1521  270
21  1  0  1  801  560  643  1507  366
17  3  1  3  776  934  264  1344  260
23  1  2  5  1386  749  1312  937  150
21  0  3  6  1441  574  1597  1255  355
22  0  2  5  571  195  701  2076  311
22  3  2  5  370  431  154  1872  309
23  0  2  4  377  134  428  1893  285
14  0  0  1  639  295  625  1714  355
22  1  1  3  430  283  352  1806  330
23  0  3  7  322  152  324  1832  201
20  0  3  6  491  170  579  1812  317
21  1  3  7  962  508  931  1542  348
16  0  0  0  888  267  1132  1607  245
14  0  0  0  905  318  1000  1530  330
22  2  2  4  123  86  105  2368  217
23  1  0  1  1121  655  1055  1195  285
23  0  2  4  458  171  562  1828  253
22  3  3  7  490  517  220  1560  235
16  3  1  2  363  383  170  1881  213
16  2  3  6  387  295  264  2095  297
20  0  3  7  485  228  518  2031  308
17  0  1  3  303  137  349  2074  262
14  1  0  1  2258  1545  1874  731  318
17  2  1  3  83  61  66  2394  298
23  3  2  5  926  1074  354  1069  238
14  1  1  3  584  370  510  1566  321
20  1  3  7  102  65  81  2545  285
17  0  1  2  606  224  755  1733  333
23  3  2  5  603  688  241  1313  115
23  3  1  3  362  406  154  1576  260
16  0  3  6  2464  1235  2401  849  330
20  1  0  0  1232  811  1014  1191  238
16  0  3  6  458  138  538  2233  251
14  1  3  6  237  144  233  2326  259
17  0  3  6  624  228  755  1921  212
22  3  3  6  326  354  134  1810  257
15  1  3  6  136  84  125  2339  286
15  0  3  7  765  407  811  1570  229
16  3  3  7  501  524  224  1696  266
21  2  2  5  236  185  166  2200  209
20  0  2  5  1403  644  1531  1081  294
15  1  3  6  903  511  930  1418  342
23  1  2  5  319  176  301  1780  310
21  2  1  3  88  69  66  2606  298
14  0  2  4  744  370  732  1598  346
22  0  3  7  888  380  955  1414  334
15  0  0  0  768  281  879  1818  187
23  0  3  7  630  285  660  1513  266
17  1  0  1  440  294  345  2105  297
15  1  1  3  1493  751  1521  1081  156
14  0  2  4  1356  524  1490  1281  331
15  2  3  6  1288  1190  763  1065  308
17  1  2  4  314  181  284  1889  205
23  2  2  4  1808  1521  1149  757  301
22  0  3  7  447  215  460  1872  252
22  3  2  5  839  853  381  1439  270
15  0  2  5  1441  481  1842  1133  251
21  1  2  5  1215  733  1048  1238  167
16  1  0  1  579  381  519  1723  221
16  3  2  5  774  866  242  1430  197
22  1  2  4  219  134  184  2285  163
21  0  2  5  496  201  532  1991  336
22  3  3  7  243  253  125  1841  332
20  2  1  2  115  117  55  2496  234
14  1  3  6  412  261  398  2028  302
16  0  2  5  1043  320  1221  1453  311
21  0  0  1  303  127  342  2055  304
16  1  1  2  595  400  495  1681  246
21  0  1  3  1461  533  1773  1290  290
15  1  0  0  520  382  399  1870  309
23  3  0  1  2162  2360  1036  660  321
14  3  0  1  617  703  202  1456  349
20  2  2  4  907  646  692  1415  165
15  3  0  1  576  572  295  1634  212
16  0  1  3  252  78  296  2340  332
17  0  0  1  1426  524  1662  1240  241
17  2  1  3  327  292  208  1905  191
21  1  1  2  898  556  816  1345  335
22  0  2  5  371  190  385  2194  318
21  2  2  4  856  719  455  1350  340
22  0  0  0  565  292  590  1997  299
21  0  2  5  765  253  900  1726  266
14  3  0  0  390  369  203  1710  331
15  2  2  4  685  522  508  1428  317
22  1  1  3  1185  861  889  1140  329
16  0  3  7  777  226  931  1690  234
15  0  1  3  408  151  475  2131  187
21  1  2  5  522  274  489  1833  300
22  1  1  3  2191  1203  2026  836  306
14  2  3  6  387  357  227  1780  315
17  3  1  2  342  413  111  1772  212
21  2  1  3  244  189  185  2280  263
23  0  2  5  873  339  974  1300  297
22  0  0  0  444  186  507  2219  278
17  0  2  4  255  97  301  2009  290
21  1  1  3  125  69  119  2630  183
21  3  0  0  853  968  306  1368  313
22  1  2  4  113  76  84  2415  242
22  0  0  0  955  426  1034  1265  260
14  1  3  6  300  162  318  2248  294
15  0  1  2  492  158  592  2000  267
16  0  3  6  1003  304  1185  1654  304
17  1  1  3  966  610  867  1361  316
20  1  3  6  2099  1113  2038  791  284
22  0  3  6  753  229  908  1667  268
20  0  2  4  1003  345  1208  1452  284
17  1  1  3  1159  846  924  1163  138
22  0  3  6  615  293  634  1942  304
21  2  0  0  764  610  564  1374  302
21  2  0  1  623  499  444  1465  310
21  1  2  4  579  358  489  1706  185
16  3  3  6  612  644  274  1742  349
21  2  3  7  789  653  537  1515  306
21  0  2  4  191  55  222  2539  304
16  1  2  5  352  182  332  2075  215
15  1  1  2  159  84  157  2321  355
21  2  1  2  717  591  511  1455  246
22  3  1  3  336  415  139  1739  143
23  0  0  0  271  81  349  2065  321
20  0  0  0  1201  436  1396  1385  318
23  3  0  1  1174  1163  680  980  263
21  3  0  1  344  347  166  1849  184
20  0  3  7  1411  585  1571  1171  209
16  0  0  1  467  155  569  2102  329
23  1  0  1  1006  551  989  1293  302
16  2  0  1  235  188  159  2183  242
17  2  1  3  503  435  329  1652  311
21  2  0  1  872  727  605  1275  310
23  0  0  0  238  108  262  2002  287
14  0  3  6  1536  754  1558  1188  362
16  3  0  1  518  622  172  1658  115
14  1  0  1  2004  1432  1604  805  297
23  3  2  4  1377  1529  597  856  287
21  0  1  2  281  123  311  2021  215
23  1  2  5  183  107  184  2196  293
22  3  3  7  2228  2528  837  631  286
16  0  1  2  2431  1003  2659  868  139
14  0  2  5  659  326  649  1500  159
20  0  0  0  789  372  818  1668  148
20  1  3  6  771  494  658  1406  345
15  1  0  1  1617  884  1559  1122  317
15  1  0  1  557  384  454  1801  303
16  2  3  6  194  176  97  2397  231
16  3  1  3  416  438  196  1778  276
22  2  1  2  1108  981  767  1188  297
16  2  0  1  1242  1084  758  1136  291
15  0  0  1  224  85  254  2554  244
20  0  0  1  511  215  559  2105  246
23  0  0  0  627  260  705  1608  297
21  2  3  6  875  677  647  1518  217
17  2  1  3  1135  868  867  1182  284
21  0  1  2  366  154  419  2025  233
16  1  1  3  2335  1563  1979  789  253
20  1  3  7  564  321  528  1867  297
20  1  1  3  401  238  380  2131  293
16  1  3  7  1429  909  1216  1073  178
23  3  3  6  357  383  148  2124  345
14  1  3  6  1648  965  1662  1051  308
22  0  2  4  1197  462  1405  1421  252
23  0  0  0  1996  598  2498  864  296
21  2  1  2  1051  931  681  1163  260
14  3  2  4  949  1164  317  1209  266
17  3  1  3  1250  1387  538  1043  308
21  0  0  0  738  309  816  1542  325
20  1  3  6  801  430  774  1414  306
23  1  3  6  498  264  475  2044  348
20  1  0  1  118  67  106  2720  322
22  3  1  3  388  479  153  1653  196
14  3  2  4  1136  1380  399  1062  353
15  2  3  6  449  377  306  1739  241
16  2  1  2  475  376  317  1834  245
20  2  0  0  1156  1031  619  1164  262
23  2  3  7  291  256  174  1693  144
21  2  1  2  73  63  48  2346  256
22  2  0  1  512  434  296  1823  340
22  3  3  6  603  675  231  1485  289
15  2  0  0  148  128  82  2372  150
14  3  2  4  1552  1816  604  907  315
23  1  0  1  1153  599  1169  1201  324
17  2  3  6  134  130  72  2460  175
21  0  2  5  1332  436  1564  1308  297
17  0  1  2  1502  496  1940  1071  337
20  1  0  0  430  295  344  1939  263
23  3  0  1  229  270  84  1830  243
16  0  0  1  781  372  840  1591  335
23  0  1  2  481  243  473  1685  411
22  0  2  4  654  305  714  1810  334
23  3  3  7  338  351  168  1653  345
15  1  0  0  964  585  869  1419  206
20  0  3  7  1064  515  1098  1388  297
14  0  0  0  1556  675  1580  1068  290
21  0  2  5  410  122  493  2196  296
20  0  0  1  306  119  346  2543  326
16  3  3  7  592  668  209  1597  272
14  0  2  4  1276  425  1471  1354  225
16  1  0  0  940  626  838  1353  295
23  3  3  7  169  199  54  1900  290
16  2  2  5  1053  805  650  1260  321
23  3  0  0  333  376  144  1497  291
16  2  0  1  86  62  64  2501  310
15  0  3  7  514  214  603  2025  254
20  0  3  6  537  239  579  1693  319
22  3  2  4  476  542  204  1671  334
16  2  2  4  1124  813  741  1236  175
20  2  0  0  1255  1093  701  1144  267
14  1  0  1  919  646  749  1328  258
15  1  3  6  182  138  148  2152  376
16  1  1  3  474  348  376  1825  147
22  0  1  2  829  444  847  1495  296
16  0  3  6  1249  566  1285  1362  239
14  0  1  3  401  127  439  2021  337
22  1  1  2  186  120  153  2194  262
22  1  0  1  163  118  124  2225  331
22  1  1  2  278  183  224  2057  261
21  3  0  1  237  261  90  1973  294
15  1  1  3  632  351  607  1698  164
21  2  1  2  193  183  113  2062  286
17  1  3  6  165  93  150  2475  339
16  0  0  0  243  83  301  2405  288
16  1  2  5  629  378  538  1637  299
15  1  0  0  712  485  585  1625  300
21  3  1  2  763  840  300  1407  218
14  0  0  0  393  183  383  1944  242
23  0  0  0  931  410  1020  1324  312
22  2  0  0  95  83  64  2518  313
16  2  1  3  281  256  155  2004  316
15  2  0  0  328  254  212  2090  328
16  1  2  5  450  288  359  1874  407
21  3  0  1  689  721  292  1386  309
21  1  1  3  793  424  773  1360  346
22  3  2  5  905  1110  318  1289  373
15  1  1  3  622  319  627  1697  249
17  2  1  2  595  504  398  1480  334
15  3  3  7  405  478  162  1725  217
20  0  2  5  749  285  876  1527  309
22  0  0  0  341  163  365  2280  317
16  2  2  4  1088  862  610  1211  363
17  2  1  3  606  527  390  1498  318
23  2  0  0  429  365  286  1531  306
21  2  0  0  113  109  63  2252  305
15  2  0  1  1110  842  757  1281  261
23  3  0  1  1441  1643  618  846  328
23  0  2  4  764  255  888  1595  136
23  3  2  4  1036  1061  539  1028  336
15  0  2  5  1986  918  2241  868  271
15  1  2  5  442  225  478  1836  258
16  3  1  3  560  672  182  1632  312
16  2  0  0  582  471  392  1675  348
16  1  1  3  239  157  214  2193  333
15  2  1  3  87  70  56  2404  260
22  0  1  3  2061  660  2524  918  334
21  1  1  2  502  291  483  1705  273
16  1  1  2  397  252  355  1995  310
15  0  2  4  2273  1005  2619  792  284
23  3  3  7  589  654  260  1423  281
21  3  0  0  679  771  243  1506  220
17  2  1  3  350  293  236  1875  291
15  2  3  6  282  261  167  1932  165
23  3  1  3  891  1051  339  1125  248
16  3  1  3  372  422  147  1828  257
20  0  0  0  180  91  177  2217  236
17  1  1  2  439  307  357  1752  109
23  0  1  3  1096  507  1144  1199  238
20  0  2  4  800  288  928  1660  294
20  2  1  3  170  145  107  2379  282
22  3  3  6  1226  1272  590  1025  316
17  0  0  1  506  218  541  1893  211
14  1  3  6  377  200  396  2178  207
14  0  1  2  1103  548  1019  1291  333
14  0  1  2  717  331  685  1669  245
22  3  1  2  347  439  128  1773  332
23  2  0  1  1226  1083  763  1015  178
21  2  1  2  1053  921  700  1196  296
16  1  3  6  2441  1550  2083  825  332
16  3  3  7  262  263  124  2076  202
20  2  3  7  973  778  625  1364  323
21  0  0  1  1658  746  1794  979  169
16  2  3  6  374  288  244  2125  238
16  1  1  2  97  72  72  2486  245
21  3  0  1  286  318  104  2194  182
16  0  1  3  439  216  443  1863  217
17  1  3  6  174  115  137  2362  123
17  0  3  6  804  261  1010  1677  315
20  0  1  2  349  123  412  2411  305
16  1  1  2  530  284  529  1883  317
22  0  1  2  109  61  117  2320  390
20  2  1  3  445  390  273  1915  204
21  1  0  1  1468  946  1257  988  247
17  2  3  6  139  122  84  2473  294
21  2  2  4  1031  810  739  1231  275
23  0  2  5  1918  672  2222  841  263
23  0  0  0  265  89  313  2043  232
17  1  1  3  110  66  108  2391  278
17  2  0  0  111  99  61  2405  183
22  0  0  0  886  352  1028  1802  289
23  3  2  4  919  864  458  1284  246
16  0  2  4  283  85  332  2402  202
17  1  2  4  175  99  164  2103  218
21  0  1  2  1836  652  2251  965  294
20  2  0  1  295  219  201  2164  276
21  1  1  2  483  270  474  1804  270
15  2  3  7  651  515  472  1604  315
23  1  3  6  208  146  158  2394  193
20  1  3  6  1613  902  1519  971  322
17  0  0  0  607  237  696  1738  191
23  1  3  6  596  396  485  1805  237
15  0  0  0  1167  451  1309  1446  242
21  1  0  1  515  327  450  1626  267
16  0  0  0  945  327  1151  1484  290
20  2  1  2  381  282  285  2072  335
17  1  0  1  708  504  526  1723  316
20  2  3  7  167  141  91  2374  200
15  0  1  2  555  208  633  1832  323
21  1  2  5  612  382  525  1751  290
20  0  2  4  389  180  418  1954  177
16  0  2  4  402  182  398  2029  308
17  0  0  0  296  127  329  2213  225
17  2  1  3  451  424  258  1713  324
22  1  0  1  801  455  744  1463  277
14  1  0  1  708  382  706  1520  289
21  0  0  1  263  107  295  1956  346
20  0  1  3  146  49  176  2742  341
16  1  3  6  348  198  314  2228  230
14  1  1  3  486  304  422  1769  262
21  3  0  1  802  843  363  1382  332
23  2  1  3  1510  1369  883  839  226
23  2  2  4  421  335  286  1620  158
17  2  3  6  982  894  551  1384  261
16  0  1  3  1303  431  1538  1284  107
14  3  0  0  990  961  497  1113  284
21  3  3  6  256  262  122  2236  315
20  2  2  4  814  634  578  1424  307
17  3  1  2  124  147  42  2113  328
22  0  0  1  579  224  671  1727  351
21  0  3  7  529  244  559  1955  284
14  0  0  0  476  210  476  1838  322
17  1  0  0  486  298  410  1820  244
23  1  1  2  1898  1147  1700  804  290
17  2  3  6  514  446  312  1821  350
20  0  2  5  247  89  294  2219  323
22  3  2  5  794  950  303  1400  179
20  2  2  5  231  183  159  2056  243
17  0  1  3  522  205  643  1834  242
22  0  3  6  1200  546  1250  1276  293
14  1  2  5  1089  723  995  1063  216
21  1  1  2  243  164  204  2097  243
21  0  0  0  915  308  1109  1451  265
21  0  0  1  376  201  390  1808  323
20  1  2  5  415  219  420  1827  232
21  2  0  0  1066  935  682  1167  245
16  3  3  7  636  617  335  1548  315
15  0  0  0  1084  548  1081  1475  341
16  3  3  7  1485  1630  600  969  313
21  1  0  1  1026  550  1008  1220  318
20  1  1  2  750  561  587  1601  259
20  0  3  7  453  204  479  2146  287
22  1  0  0  1125  685  978  1472  270
20  2  1  3  1001  926  563  1356  207
22  2  1  2  1705  1418  1273  930  163
23  2  2  4  1080  851  748  1087  252
21  0  3  6  1796  626  2105  1141  342
16  0  0  0  702  238  858  1799  205
23  2  3  7  1138  896  802  997  278
15  3  1  3  1101  1107  545  1176  268
17  1  0  0  764  511  609  1521  302
14  1  3  6  192  134  176  2445  309
22  1  2  4  1626  842  1560  1080  281
16  1  3  7  523  335  446  1733  316
20  2  3  6  330  241  234  1920  289
22  0  3  7  399  181  412  1945  322
23  2  2  4  755  684  436  1249  341
17  1  3  6  685  377  643  1744  319
21  0  1  3  527  233  595  2057  137
16  0  2  5  276  102  300  2317  269
20  1  0  1  1470  903  1278  1149  324
22  2  2  4  1085  839  848  1252  233
21  3  2  4  953  1038  372  1324  320
15  2  2  5  417  360  266  1671  222
14  3  2  5  1645  1909  659  764  279
15  2  2  4  626  572  366  1420  244
15  2  1  2  717  595  435  1440  334
15  1  2  5  287  181  275  1983  236
20  2  2  4  355  318  205  1932  298
16  2  3  6  305  272  163  2208  328
14  0  1  2  313  143  295  2123  318
21  1  0  0  359  196  350  1918  118
23  3  2  4  171  176  78  1912  305
16  1  2  5  418  284  318  1876  176
16  1  3  7  270  163  229  2168  310
15  0  3  6  342  171  374  2044  246
16  0  1  3  498  254  492  1839  305
17  1  1  2  137  91  109  2227  210
15  2  0  0  124  112  72  2381  278
21  2  3  7  754  651  494  1590  235
16  1  3  7  458  241  441  1954  156
21  1  3  6  2346  1337  2153  908  281
23  1  1  2  518  303  478  1659  272
15  0  1  3  557  221  630  1841  185
15  0  0  1  481  238  489  2006  336
22  0  2  4  318  125  375  2311  188
15  2  1  2  618  507  385  1588  237
16  3  2  5  378  391  144  1872  246
15  1  1  3  353  239  292  1967  197
23  0  3  6  1008  490  998  1545  328
21  2  3  7  368  332  216  2017  164
20  1  1  2  318  219  263  2216  150
22  0  1  2  165  77  176  2368  263
15  2  3  6  377  355  212  1795  255
17  0  0  0  236  96  272  2327  289
15  3  3  7  666  795  258  1448  405
21  2  1  2  191  183  104  2124  310
14  0  1  2  879  260  989  1699  305
15  1  3  7  430  263  420  1903  199
15  1  2  5  914  560  882  1342  337
16  1  1  3  875  517  804  1456  335
20  1  0  1  1676  1012  1484  1050  237
22  1  2  4  1134  705  986  1115  270
21  3  1  3  619  685  239  1765  304
16  2  0  1  576  504  340  1617  258
20  1  3  7  1052  693  872  1360  257
16  1  1  3  317  190  296  1981  233
16  0  3  7  810  303  895  1552  319
20  1  3  7  670  381  626  1698  263
16  1  2  5  326  174  295  2109  321
15  1  2  5  299  157  320  2029  218
21  1  2  5  392  247  320  1967  249
23  1  0  1  1591  911  1514  959  336
22  0  1  3  172  74  188  2094  145
22  0  1  3  723  309  807  1605  289
22  3  3  6  648  662  320  1450  267
16  0  2  4  865  357  907  1518  274
21  2  2  4  981  846  619  1280  195
22  1  3  6  806  489  651  1496  321
14  2  3  6  675  531  454  1665  259
15  2  0  1  857  624  617  1450  243
23  3  0  0  272  307  124  1613  302
22  0  1  2  335  148  371  2088  155
16  0  2  4  261  101  279  2289  354
14  0  1  3  692  246  728  1735  283
21  1  3  6  522  341  435  1935  151
17  1  1  3  387  234  369  1962  300
20  0  2  5  289  90  354  2155  320
16  1  1  3  734  397  720  1573  284
21  0  0  1  283  114  323  2202  289
22  1  3  7  706  396  607  1519  305
14  1  3  6  1148  797  1007  1257  173
20  0  3  6  1355  621  1440  1131  268
21  0  1  2  1626  532  2040  1047  163
21  1  0  0  835  471  795  1378  321
22  0  3  6  679  321  699  1659  331
23  2  0  1  197  165  134  1983  307
17  1  2  4  482  328  387  1656  311
22  1  3  6  1825  980  1606  973  343
14  3  1  3  1890  2091  742  738  288
15  2  2  5  670  497  520  1484  325
23  3  0  1  235  258  101  1743  308
14  0  1  3  1112  315  1275  1460  284
16  0  2  5  222  79  248  2435  322
23  0  0  0  286  98  347  1932  180
21  3  1  2  370  377  173  1847  319
16  0  0  1  381  172  414  2144  317
16  0  1  2  309  140  318  2259  219
21  0  0  1  350  161  377  1914  334
14  1  0  1  1137  795  927  1174  329
20  0  3  7  267  111  292  2341  398
21  1  1  2  1503  864  1447  1016  204
22  1  0  0  881  494  824  1611  263
15  2  2  4  111  87  83  2178  200
17  0  0  0  535  214  610  1930  299
15  0  0  0  1294  498  1452  1375  197
15  0  2  4  199  72  244  2224  359
16  1  2  5  638  401  529  1618  328
17  3  1  2  747  843  306  1330  293
16  2  3  7  1193  861  842  1188  246
17  0  0  1  948  404  1032  1589  166
14  1  2  5  356  236  319  1750  166
23  3  0  0  1608  1722  805  729  174
17  3  0  1  496  501  228  1893  190
20  1  1  3  937  626  808  1451  371
22  1  1  3  380  251  310  1841  301
17  2  3  6  1274  1090  792  1195  272
23  2  3  7  807  608  589  1193  290
22  0  3  6  618  234  696  1747  273
14  1  3  6  2636  1637  2542  746  224
17  0  2  4  2466  1050  2805  706  305
21  3  1  3  657  703  281  1680  170
20  2  2  5  672  621  370  1482  318
21  3  1  2  83  83  39  2321  206
17  3  0  0  513  553  206  1694  331
23  0  0  1  1401  544  1621  1192  333
14  0  3  6  1039  423  1155  1612  277
17  1  1  2  116  74  98  2278  266
17  0  3  6  932  330  1132  1637  310
16  0  2  5  814  290  902  1602  255
22  2  1  3  103  93  68  2175  264
15  2  3  6  1332  1279  740  1007  182
15  2  0  1  601  444  422  1746  262
17  3  1  3  101  119  37  2212  234
17  0  0  1  1324  656  1368  1242  297
21  2  0  0  1284  1022  944  1052  269
16  2  2  5  1024  883  524  1248  369
20  1  2  4  1654  871  1654  1020  250
15  0  1  2  918  355  1050  1434  254
17  0  3  6  1289  469  1558  1275  261
17  0  0  1  386  182  412  2218  324
20  0  2  4  632  284  691  1742  330
21  3  1  3  563  600  244  1782  112
20  2  3  6  757  572  519  1361  267
16  0  3  6  467  146  548  2237  294
23  0  1  3  721  219  885  1637  242
17  1  2  4  519  289  482  1633  272
14  1  0  0  1099  743  922  1179  338
23  3  2  5  1621  1779  731  720  284
21  0  2  4  577  212  656  1888  251
15  2  2  4  340  294  212  1763  253
14  0  1  2  410  132  445  2194  218
20  1  3  7  804  524  681  1547  297
21  0  0  0  1330  403  1711  1161  125
21  2  0  0  1607  1366  1079  922  342
15  1  3  7  925  511  958  1419  153
20  0  3  7  177  83  187  2510  171
15  1  3  6  736  548  617  1441  337
16  3  0  0  316  309  176  1907  230
14  0  2  4  921  315  1048  1638  300
20  1  1  3  740  485  646  1579  357
16  3  1  2  919  934  470  1299  327
15  0  1  2  1499  484  1799  1168  241
22  0  0  1  760  391  790  1512  145
20  1  2  4  561  405  442  1768  319
21  0  1  2  1284  616  1388  1121  324
22  3  3  6  440  440  223  1680  306
23  3  2  5  558  612  251  1324  214
16  3  1  3  320  354  133  1948  241
22  0  3  7  737  348  760  1520  251
15  0  1  2  1233  399  1480  1330  256
17  1  0  0  116  71  97  2462  242
23  1  0  1  619  323  625  1615  243
20  0  3  6  262  121  271  2057  345
21  1  0  1  364  229  313  1741  238
14  1  3  6  284  165  285  2251  327
21  1  2  4  423  261  352  1898  317
15  1  0  0  314  217  255  2151  159
21  1  1  3  420  280  362  2058  167
14  0  3  6  865  291  1043  1832  230
14  1  0  0  290  169  271  2035  166
20  0  3  7  522  174  627  1917  177
22  1  0  0  885  572  804  1426  194
21  2  1  3  476  347  344  1803  228
17  1  0  1  648  414  530  1818  350
20  2  1  3  1346  1152  849  1137  314
15  1  0  1  344  189  332  2168  247
22  3  3  6  218  239  95  1987  223
23  1  1  2  1061  637  950  1128  305
23  0  1  2  1472  472  1758  1153  312
23  2  1  3  865  767  536  1174  331
22  0  3  6  1216  514  1307  1299  316
21  1  2  5  265  188  209  2171  347
21  2  0  0  191  165  122  2117  106
23  2  2  4  1010  900  590  1083  208
22  3  2  5  574  678  223  1633  336
20  2  1  2  1522  1408  857  1090  336
21  0  1  2  440  142  552  2043  269
14  0  1  3  932  425  864  1349  340
22  0  0  0  192  83  212  2663  334
16  0  2  4  409  138  465  2067  233
22  3  0  0  657  837  247  1558  348
16  1  3  7  934  551  834  1363  301
16  0  3  7  289  137  285  2212  325
16  3  3  7  609  679  233  1606  283
14  2  0  1  1216  851  894  1144  320
14  0  3  6  234  113  240  2498  320
14  0  0  0  264  94  287  2248  201
21  2  1  2  307  214  260  1952  180
21  1  1  3  230  127  229  2176  213
16  0  3  7  1086  388  1222  1379  242
20  1  1  2  1804  1157  1563  946  301
20  1  0  0  108  64  99  2547  334
22  0  3  7  1845  866  1893  914  349
14  0  2  5  597  261  619  1625  250
20  0  2  4  2360  838  2837  870  227
23  3  1  3  869  1012  345  1101  290
23  0  1  2  601  228  682  1703  297
20  2  3  6  413  304  291  1773  301
20  2  0  0  159  142  88  2323  259
15  1  2  5  690  474  606  1474  292
14  1  1  3  371  256  300  1884  300
17  1  1  2  654  469  535  1517  297
20  2  1  3  1578  1182  1169  1053  330
20  1  2  5  1373  838  1238  1113  267
17  3  3  6  841  951  312  1428  121
20  1  1  2  249  177  209  2392  156
20  1  2  5  669  360  657  1554  281
17  0  3  6  897  464  932  1517  139
16  3  2  4  1181  1343  349  1159  327
23  2  1  3  452  406  272  1565  342
16  2  0  0  321  261  212  2024  296
23  1  0  1  756  413  741  1461  327
22  1  0  0  905  653  691  1539  224
22  0  1  3  945  343  1109  1516  312
20  2  2  4  322  285  194  1971  275
22  0  1  2  434  212  457  1959  345
20  0  0  0  187  55  231  2631  295
16  3  3  6  1476  1500  710  1081  422
23  0  2  4  1229  482  1369  1173  312
22  3  1  2  1678  2017  713  845  348
23  0  0  0  132  49  153  2215  161
17  3  3  6  894  847  499  1403  240
20  0  1  2  1061  335  1309  1592  326
17  0  0  0  1127  481  1248  1315  156
14  0  1  3  926  275  1016  1500  323
16  3  0  1  852  897  423  1332  250
15  0  1  2  940  363  1074  1478  325
16  0  2  4  235  73  266  2395  306
21  2  1  3  925  709  721  1450  324
17  2  1  3  980  787  719  1290  347
23  3  0  1  2083  2388  875  654  268
20  0  0  1  1082  514  1117  1508  295
17  3  1  2  1423  1522  681  947  241
20  1  2  4  704  476  588  1564  337
16  0  0  0  644  298  704  1731  304
15  2  3  7  548  477  346  1651  251
14  1  2  4  389  267  338  1899  223
22  3  1  2  1576  1850  705  854  361
22  3  3  7  117  129  49  2066  280
23  2  2  5  834  748  483  1113  147
23  2  1  3  874  741  575  1191  278
14  2  0  0  999  895  520  1178  225
20  2  0  1  679  496  480  1604  167
15  1  2  5  885  448  971  1403  210
14  3  0  1  817  847  393  1256  321
15  2  3  7  366  340  218  1911  331
21  2  0  0  924  687  731  1280  264
17  1  0  0  494  342  374  1822  267
22  1  0  1  1696  1048  1509  1004  307
15  0  2  5  838  274  1087  1467  299
14  1  0  0  579  318  566  1629  241
21  1  1  3  205  126  180  2129  315
15  1  3  7  467  336  399  1840  274
21  0  1  2  359  126  446  2105  251
20  1  3  6  166  107  131  2181  186
23  3  0  0  1683  1943  677  680  254
21  0  3  7  179  46  224  2458  284
16  1  2  4  238  117  230  2281  278
22  1  1  3  342  177  321  2012  337
20  2  2  5  393  358  221  1808  211
20  1  3  6  386  225  348  1829  327
15  0  2  4  568  191  722  1774  334
23  1  0  1  466  290  408  1950  221
21  2  3  7  977  926  557  1452  266
22  0  1  3  1010  489  1069  1350  289
21  0  3  7  527  165  632  2069  211
20  2  1  3  966  742  701  1409  246
17  3  1  2  324  355  142  1802  327
15  2  0  0  352  254  251  2108  316
20  1  1  3  299  175  283  2227  235
14  2  2  4  1230  927  895  1134  275
15  2  0  1  1165  1010  663  1213  342
16  0  1  3  482  190  537  1931  315
15  1  0  1  227  145  196  2330  192
20  1  1  2  614  381  559  1863  295
16  2  3  7  196  156  116  2226  313
16  0  3  6  1269  386  1500  1458  277
15  2  3  6  140  104  109  2275  124
23  2  1  3  239  203  158  1862  224
21  0  2  4  563  259  576  1818  292
22  1  2  4  352  180  339  2127  334
23  2  2  4  1004  806  680  1147  204
17  0  3  6  227  107  255  2438  355
23  0  1  2  504  170  588  1804  331
22  1  0  1  270  170  233  2071  229
17  3  0  1  199  183  112  2376  318
20  1  2  4  172  110  150  2358  319
15  2  2  5  1470  1043  1181  951  252
16  2  2  5  428  349  241  1822  251
17  3  1  3  307  335  137  1939  284
17  1  0  0  603  352  535  1698  289
17  1  0  1  151  98  119  2566  251
23  1  0  1  325  196  302  1913  272
16  2  2  5  638  548  328  1552  246
21  0  2  5  110  39  119  2644  268
22  2  1  2  586  483  436  1579  315
15  2  3  6  131  112  84  2211  196
22  0  3  6  1039  501  1059  1356  318
23  3  2  5  220  240  100  1746  322
21  1  0  0  215  141  178  2111  237
22  0  2  4  715  353  751  1716  325
16  2  3  7  255  180  178  2168  204
14  3  0  1  1746  1696  877  843  334
16  1  3  6  523  368  408  1888  299
16  0  0  0  455  155  554  2079  228
20  0  0  0  1340  483  1560  1397  301
23  2  2  5  1270  1134  746  886  202
22  1  2  5  1604  1094  1250  1127  327
21  1  2  4  1047  734  851  1243  300
14  2  2  4  1240  926  921  1151  290
22  1  2  5  789  492  664  1624  230
17  1  1  3  1172  701  1096  1213  297
15  2  3  7  1161  916  848  1193  340
22  0  3  6  641  286  680  1685  211
15  3  2  5  422  475  182  1621  283
22  2  3  6  192  133  150  2105  99
20  0  3  6  1064  381  1251  1340  260
17  1  0  1  1422  853  1231  1211  225
15  2  3  6  542  491  325  1567  354
23  1  2  4  522  262  572  1711  221
23  1  0  1  739  409  718  1453  314
23  0  1  2  1455  527  1677  1119  308
21  0  2  5  398  154  448  2150  115
14  1  2  4  496  350  429  1790  324
20  2  0  1  1382  1237  737  1155  237
20  1  1  3  923  658  750  1387  340
17  0  0  1  785  396  807  1670  324
21  3  1  2  1936  2064  837  844  231
16  1  2  4  1188  757  973  1193  343
22  1  2  4  105  68  83  2432  300
15  1  1  3  1429  785  1388  1085  189
20  2  1  2  191  159  116  2371  239
16  0  3  6  713  282  776  1895  306
23  0  3  7  643  199  776  1599  325
17  1  1  2  385  270  312  1849  329
21  0  1  3  1279  387  1650  1476  263
22  1  1  3  2076  1443  1617  826  238
21  1  1  3  1003  726  831  1402  215
23  3  1  2  613  740  215  1327  277
20  0  3  6  1099  495  1176  1186  316
15  1  2  5  446  272  437  1785  298
21  0  0  1  158  55  192  2353  284
17  3  1  2  812  989  288  1239  241
17  0  3  6  474  153  599  2066  311
16  2  0  0  339  290  211  1881  360
20  1  3  6  429  231  413  1737  271
20  1  1  2  547  350  499  1912  298
17  1  0  1  98  49  91  2752  324
20  0  3  6  1065  344  1296  1316  282
16  1  2  4  150  69  144  2264  221
14  1  1  3  856  591  703  1377  274
16  1  2  4  1389  772  1262  1106  326
17  0  1  2  542  240  527  1870  213
16  3  2  5  767  815  286  1446  290
23  3  0  1  579  674  232  1402  329
23  0  1  3  303  124  338  2015  328
20  0  0  1  790  298  898  1784  284
23  1  1  3  1481  881  1346  996  283
22  1  2  5  1263  778  1075  1273  167
22  1  2  5  121  63  125  2361  275
15  0  2  4  339  106  442  2122  331
20  0  3  7  2098  737  2480  974  334
20  2  1  3  824  711  512  1534  285
21  1  3  6  759  490  640  1726  217
20  2  2  5  665  598  372  1499  289
17  0  3  6  295  142  316  2285  316
23  1  2  4  371  193  353  1870  294
17  2  1  3  772  570  607  1416  339
23  1  1  2  1093  625  1006  1179  182
22  1  0  0  523  371  411  1959  300
21  2  3  6  1368  1253  816  1162  198
20  2  2  5  1398  1007  1053  1045  298
15  2  3  7  711  677  400  1490  308
21  2  1  3  1345  1106  972  1184  339
20  2  3  6  251  210  143  2007  302
16  3  1  2  429  441  210  1810  221
16  1  3  6  1005  516  982  1465  196
21  0  0  1  710  283  815  1590  242
14  0  3  6  899  375  987  1684  288
20  0  2  5  346  126  404  2089  316
17  2  3  6  470  422  269  1884  320
16  2  1  2  1453  1251  862  1062  316
17  0  0  0  853  324  986  1510  305
16  2  3  7  501  412  303  1771  331
16  0  1  3  836  243  1021  1627  320
17  1  3  6  714  495  560  1650  226
15  2  0  0  623  575  315  1622  342
23  0  1  2  1113  487  1193  1212  228
20  1  1  2  803  599  636  1563  324
20  1  0  1  539  292  550  1846  303
17  0  1  2  928  448  1044  1364  232
22  3  3  7  349  333  194  1742  329
21  3  2  5  104  100  52  2406  194
22  1  0  0  198  137  155  2384  301
17  1  0  0  767  510  608  1524  198
17  2  3  6  204  188  109  2301  405
16  0  0  0  258  122  276  2315  224
20  0  2  5  2552  888  3080  775  252
14  3  1  3  733  834  266  1294  335
20  2  0  1  620  547  339  1717  328
23  0  1  3  1196  531  1259  1146  305
23  0  0  1  1804  660  2126  980  282
22  0  1  2  287  116  326  2291  307
15  0  0  1  295  125  310  2314  187
22  1  0  1  1126  739  938  1215  175
15  1  1  3  688  405  634  1562  220
22  1  0  1  406  280  320  1803  187
16  2  1  2  555  431  374  1666  318
21  2  1  3  1070  935  710  1334  290
21  2  2  4  2458  2098  1557  725  321
21  1  3  6  999  718  757  1479  264
22  1  0  0  1374  742  1301  1326  169
14  0  0  0  430  196  423  1908  191
16  1  0  1  1636  966  1589  1025  262
20  1  2  5  267  179  220  2009  193
20  1  3  6  737  492  602  1413  250
21  1  0  0  161  119  120  2187  205
20  1  2  5  501  344  422  1676  319
14  2  1  3  1094  792  771  1191  338
15  1  2  4  561  333  547  1568  317
20  0  2  4  609  303  645  1768  296
21  3  0  0  260  300  78  2038  295
17  0  1  3  1155  383  1492  1300  342
20  2  3  6  471  345  334  1686  281
21  0  3  6  368  124  432  2390  233
21  0  3  6  1223  555  1300  1408  321
21  1  0  1  292  203  232  1957  353
22  1  2  4  506  289  459  1905  273
22  3  3  7  682  661  367  1368  285
15  0  0  0  594  246  662  1897  335
21  2  0  0  148  131  92  2196  225
16  3  1  3  208  236  78  2122  259
17  2  0  1  315  238  223  2256  274
20  1  3  7  570  310  540  1771  332
17  0  1  3  188  71  238  2271  348
15  1  1  3  1282  734  1217  1237  338
17  2  0  0  609  544  341  1633  399
15  1  1  2  445  269  407  1877  297
17  0  3  6  100  28  126  2795  125
20  2  2  4  686  601  410  1595  150
23  1  2  5  1579  916  1429  893  294
15  0  2  4  183  48  240  2333  401
16  2  0  1  550  399  417  1736  282
20  2  0  1  918  686  631  1505  166
15  0  1  2  1301  577  1389  1224  324
21  0  2  5  559  255  584  1889  228
15  0  1  3  2580  934  2991  849  316
21  0  2  5  327  146  344  2116  357
22  0  0  0  236  105  258  2612  191
22  2  3  6  406  300  307  1858  169
15  2  0  0  898  754  538  1415  322
17  1  2  4  1555  928  1386  921  238
17  0  1  2  1350  452  1741  1142  230
23  0  2  5  688  299  736  1408  222
15  2  0  1  1432  1072  993  1111  340
17  0  2  4  147  71  154  2160  211
16  1  3  6  924  476  893  1550  288
22  1  2  4  417  293  317  1976  313
20  1  0  0  395  292  300  1956  232
20  2  0  1  235  192  145  2249  326
20  0  2  4  147  56  169  2470  328
17  2  1  3  843  669  614  1350  307
16  2  0  1  362  272  261  1979  178
20  2  2  4  597  433  458  1670  290
23  2  2  5  1244  950  890  910  323
17  1  1  2  379  214  371  1891  223
16  0  1  2  587  175  715  1954  235
23  3  2  5  449  485  211  1442  224
17  1  1  3  810  576  662  1412  378
21  2  0  0  232  178  181  2062  240
17  3  1  3  665  730  301  1445  287
16  1  1  3  467  293  414  1847  366
21  0  1  3  773  296  924  1798  264
16  3  0  0  307  368  97  1987  323
20  1  0  1  522  305  471  1889  366
16  2  0  0  779  712  444  1423  328
16  1  0  1  342  199  338  2029  268
21  3  1  3  442  431  242  1956  338
22  0  1  3  631  328  644  1622  325
15  1  0  1  845  566  705  1544  177
23  1  1  3  277  155  268  2355  343
20  1  2  5  1841  1290  1497  862  284
15  0  3  6  1237  559  1418  1248  286
15  2  3  7  168  150  100  2172  267
16  0  3  6  346  159  349  2287  316
20  0  3  7  150  73  151  2569  312
15  0  3  6  903  430  1008  1443  283
21  1  2  4  223  110  219  2135  211
14  1  1  2  128  85  106  2363  311
14  1  2  5  559  344  530  1529  248
23  3  0  0  222  242  106  1659  189
16  1  3  7  1104  724  915  1227  319
23  2  2  5  64  40  52  2075  299
15  0  1  3  748  351  774  1622  340
16  0  0  0  572  219  648  1902  257
22  2  0  1  531  498  344  1588  298
14  0  2  4  607  255  637  1815  319
20  0  0  1  406  186  433  2310  341
23  3  1  3  916  1080  320  1325  238
16  1  1  2  279  160  263  2147  308
20  0  2  4  310  133  349  2233  278
17  1  1  3  103  57  95  2391  306
17  2  0  0  515  438  310  1746  214
21  3  2  4  873  850  445  1371  305
21  1  2  4  610  423  467  1599  236
20  0  0  0  1575  718  1656  1118  312
21  1  3  6  89  61  67  2719  294
15  1  1  3  1644  872  1629  1013  357
21  2  3  6  909  862  514  1443  324
16  1  1  2  1543  992  1353  1046  226
23  2  2  4  688  601  416  1317  256
15  2  0  0  783  681  445  1427  212
23  2  2  5  586  458  409  1384  263
15  2  3  6  652  484  509  1598  231
21  0  0  0  388  151  452  2005  223
23  0  1  2  322  107  380  2044  303
16  1  1  3  1200  809  1013  1173  301
23  2  2  4  671  622  369  1360  253
22  1  0  0  790  519  655  1684  387
20  1  1  3  249  153  224  2325  336
17  1  3  6  131  70  127  2590  369
20  2  1  2  266  222  176  2251  304
22  0  2  5  172  68  196  2578  293
17  1  0  1  1279  888  962  1300  340
23  1  1  3  227  136  208  2076  207
20  0  0  0  992  462  1030  1468  261
23  3  2  4  546  574  271  1428  232
17  3  0  1  661  748  237  1668  327
21  1  1  3  532  302  516  1920  331
14  0  2  5  1243  521  1324  1180  295
17  1  0  0  510  282  470  1836  364
21  2  2  5  597  544  343  1668  265
17  3  3  6  482  557  166  1829  288
16  1  0  1  822  559  723  1478  278
17  3  1  2  419  486  154  1688  343
21  1  1  2  227  122  233  2144  333
21  3  1  2  695  703  338  1501  230
16  0  1  2  171  75  185  2500  126
15  0  2  5  557  228  664  1746  343
16  0  1  2  414  188  431  2167  249
16  0  1  3  865  325  974  1566  326
16  3  2  5  546  627  189  1611  217
21  2  1  2  475  375  354  1700  245
17  0  1  3  149  72  170  2381  272
16  1  0  0  1909  1271  1699  899  215
16  0  0  1  1010  436  1125  1438  256
21  0  2  5  289  121  305  2380  179
15  0  3  7  1669  846  1806  1042  343
23  0  2  5  96  35  113  2219  298
23  1  1  2  108  56  104  2242  189
21  1  3  7  1458  824  1359  1216  265
15  0  1  3  498  202  544  1950  300
23  3  3  7  139  152  61  1995  158
20  1  0  0  769  546  592  1564  417
15  0  3  6  310  137  357  2185  237
14  1  2  5  1397  810  1388  919  325
17  2  1  2  378  360  209  1746  180
21  2  0  1  748  628  516  1372  181
21  3  0  1  274  309  93  1963  297
17  1  0  0  539  371  414  1772  268
20  2  3  6  320  216  258  2151  229
15  0  2  5  1310  471  1645  1192  316
15  2  3  7  506  475  286  1700  257
15  1  1  3  508  333  432  1779  288
15  3  3  7  2223  2624  888  732  219
20  2  0  1  724  638  431  1486  327
16  2  1  2  226  172  155  2231  285
21  1  0  1  147  105  115  2196  328
17  0  0  0  180  66  208  2405  319
22  3  3  6  1163  1200  559  1045  301
23  0  3  7  1010  303  1236  1302  198
20  1  3  7  2465  1723  1949  786  314
15  0  1  2  188  60  227  2488  175
14  1  1  2  610  367  553  1688  256
16  0  0  0  529  174  656  1954  175
20  0  2  4  1643  841  1694  1028  249
17  0  3  6  1095  530  1180  1382  349
15  3  1  3  470  446  253  1695  347
17  1  1  3  617  361  585  1658  322
22  0  1  2  1206  388  1468  1398  226
23  1  1  2  1319  761  1237  1140  257
22  0  2  4  456  231  472  2006  306
20  0  2  4  91  37  108  2699  315
20  0  1  2  307  102  374  2564  192
21  1  2  5  1603  819  1546  1068  350
17  1  3  6  137  94  108  2498  218
17  3  0  1  168  175  70  2425  199
16  1  1  3  430  276  375  1843  328
22  0  1  3  1279  598  1375  1180  306
20  1  2  4  423  214  428  1969  303
16  0  0  1  602  281  650  1794  241
15  1  1  3  1209  620  1220  1219  272
20  0  3  7  1265  420  1516  1295  245
21  0  2  4  809  309  898  1645  265
17  1  0  1  440  271  379  2124  203
23  1  3  7  392  226  359  2126  268
15  2  2  4  2489  1801  1953  691  350
23  3  2  5  331  381  129  1620  250
16  1  0  0  226  137  219  2189  173
21  1  1  3  225  137  206  2374  229
23  0  1  3  199  81  214  2261  254
23  0  0  1  1004  502  1060  1315  203
14  2  3  6  1519  1153  1099  1112  218
21  0  0  1  1222  619  1243  1132  292
17  3  0  1  262  297  87  2242  212
21  0  0  1  710  254  850  1585  283
20  2  1  2  774  677  479  1546  261
20  0  1  2  630  265  703  2002  272
14  0  2  4  782  357  798  1615  325
17  1  2  4  421  235  387  1777  284
17  1  3  6  123  79  102  2541  325
20  0  3  6  2257  716  2752  827  224
15  2  0  1  752  609  470  1509  312
21  1  0  1  476  324  383  1685  351
16  3  2  5  253  237  126  2046  319
23  0  1  3  1673  633  1897  985  354
16  2  2  4  898  693  548  1354  233
20  1  3  6  583  316  554  1566  313
16  3  2  4  453  474  175  1788  328
22  2  1  3  1275  1114  894  1052  325
23  0  3  7  1386  451  1655  1054  322
15  1  3  7  925  645  829  1367  323
23  1  0  1  361  196  355  1905  335
16  3  2  4  784  827  298  1396  253
15  1  1  3  211  112  203  2321  410
21  3  1  3  150  152  78  2176  237
17  0  2  4  262  73  342  2114  324
15  3  1  2  581  547  328  1528  216
20  0  3  7  592  298  597  1855  250
20  2  3  6  760  626  464  1348  336
16  1  3  6  320  187  287  2244  335
14  3  0  0  822  889  316  1226  317
15  2  3  6  399  304  306  1807  295
16  2  3  6  1135  808  806  1314  140
16  2  3  6  334  261  214  2166  289
15  0  3  6  307  134  354  2090  327
15  0  2  4  762  320  909  1488  297
23  0  1  2  374  134  427  1968  255
15  2  1  2  1332  932  1000  1104  208
14  1  2  5  1010  603  991  1159  119
14  1  0  0  615  390  543  1549  324
15  2  3  6  1076  896  742  1194  107
23  2  1  2  484  434  284  1488  227
17  0  0  0  646  252  733  1708  195
15  1  1  3  376  257  307  2016  237
23  0  2  4  360  106  433  2073  320
16  0  2  4  787  239  919  1694  236
23  3  2  4  508  562  226  1497  289
14  1  2  4  868  656  711  1399  189
22  3  2  4  2002  2469  680  768  258
15  1  3  7  281  213  239  2101  167
14  3  0  1  595  683  194  1468  336
21  1  1  2  428  227  433  1841  335
16  2  1  2  1266  957  889  1160  297
20  2  2  4  323  235  237  2016  324
17  3  3  6  239  270  87  2242  278
16  0  3  6  1271  444  1445  1450  308
16  2  3  6  186  160  102  2414  313
20  1  2  4  815  517  723  1404  239
17  3  1  2  484  476  270  1586  322
22  2  1  2  562  498  387  1651  184
17  0  2  4  351  113  441  1921  317
17  0  0  0  554  260  584  1805  147
21  1  1  2  1197  646  1198  1185  274
16  2  1  3  1004  919  538  1245  338
17  2  2  4  303  252  196  1795  142
14  1  1  2  672  411  605  1552  289
21  0  2  4  608  223  700  1840  247
16  2  2  4  668  548  370  1512  240
23  0  0  1  237  110  250  2199  118
22  1  1  2  1757  1012  1586  977  294
21  2  3  6  139  121  85  2212  282
21  2  2  4  1284  1159  745  1079  309
14  1  0  0  572  371  492  1616  302
20  2  2  4  931  805  564  1336  322
23  3  2  5  333  350  162  1597  312
22  2  0  1  1078  1014  698  1121  231
15  3  2  5  383  389  205  1663  289
15  0  2  4  675  281  804  1552  166
22  1  3  7  1825  1013  1576  896  283
20  0  3  7  567  250  615  1891  284
16  3  2  4  185  180  82  2201  253
15  1  3  7  824  486  824  1541  300
20  0  1  3  208  111  213  2571  241
14  2  2  4  420  327  295  1863  325
23  1  2  5  409  236  372  1594  344
23  1  0  1  1067  600  1027  1217  305
17  3  1  2  405  436  181  1697  209
20  1  3  7  914  557  807  1436  192
17  3  1  3  459  506  201  1686  310
23  2  1  2  231  203  146  1860  299
23  0  0  1  401  161  458  2013  257
15  0  3  7  182  82  208  2459  251
20  1  1  3  290  193  254  2200  357
22  0  1  3  1035  444  1153  1335  306
15  0  0  1  1505  511  1775  1240  317
20  1  2  5  1208  633  1215  1165  241
14  1  2  4  521  392  427  1775  239
15  0  0  1  1017  368  1165  1576  345
22  2  1  2  144  101  107  2384  306
20  0  0  1  647  213  774  1992  254
23  3  0  0  356  432  129  1515  298
16  0  3  7  353  144  385  2123  295
16  2  3  7  530  431  326  1702  214
21  2  3  6  411  359  270  2067  288
22  1  3  6  232  145  186  2155  355
20  1  2  5  718  506  590  1454  268
21  2  2  4  1432  1309  827  1013  325
16  1  2  5  745  513  566  1477  235
23  1  2  5  1261  665  1219  1042  311
23  2  0  1  460  416  271  1590  319
16  1  3  7  451  319  342  1745  316
17  1  2  4  300  180  263  1891  309
21  1  3  7  725  399  686  1676  191
21  3  0  0  1846  1942  822  858  353
20  1  1  3  478  294  426  1936  271
15  2  1  3  310  262  185  1970  312
22  1  3  6  584  372  453  1662  255
16  0  0  1  759  329  854  1651  316
15  2  1  3  891  704  584  1348  264
23  0  3  7  1513  646  1635  993  224
20  0  0  1  1365  620  1443  1327  306
14  1  2  4  1325  926  1155  1062  301
14  1  3  6  359  258  306  2095  221
17  1  1  3  335  227  287  2021  289
16  1  3  6  553  401  420  1839  319
20  2  3  7  2102  1913  1097  861  344
16  2  0  1  1420  1175  925  1063  290
15  1  3  6  427  238  444  1895  186
20  0  1  2  379  148  435  2300  178
16  3  2  4  935  1036  301  1233  313
20  1  1  2  1199  864  965  1313  272
20  1  0  1  773  506  643  1583  286
22  3  3  6  191  197  96  2061  300
16  0  2  4  643  240  702  1763  285
20  1  1  3  643  403  580  1719  266
20  1  0  0  728  480  602  1556  300
17  2  0  0  119  103  68  2329  297
17  1  0  0  642  425  505  1597  236
21  1  1  2  732  397  716  1556  355
20  2  0  0  933  849  482  1335  125
23  0  0  0  410  202  419  1794  284
23  2  3  7  359  326  207  1652  208
14  0  1  3  223  91  223  2231  303
15  2  0  0  974  836  567  1368  278
22  2  0  1  575  483  427  1563  237
14  0  1  3  637  222  679  1778  316
16  0  3  6  191  79  197  2621  247
20  1  3  6  1158  668  1057  1137  272
16  2  0  1  1577  1281  1053  987  291
15  2  2  5  126  105  79  2178  244
21  1  0  1  663  359  648  1519  317
22  0  2  4  617  269  691  1814  219
21  2  2  4  245  180  191  2124  406
17  1  2  4  1117  774  876  1123  258
15  2  3  6  428  390  262  1688  203
15  2  0  0  858  676  555  1455  338
21  0  1  2  1390  581  1604  1146  348
15  2  1  3  267  227  149  2028  209
23  1  1  2  1050  592  992  1156  253
15  3  3  7  491  572  205  1651  325
21  3  2  4  269  260  127  2067  328
20  0  3  7  255  102  279  2467  258
14  0  2  5  284  124  297  1926  233
21  1  2  5  840  428  819  1568  310
22  3  2  5  427  502  168  1824  313
15  0  2  4  270  92  341  2195  295
16  2  1  3  567  449  374  1649  322
16  1  0  1  1176  746  1085  1258  262
20  2  3  7  1017  871  592  1372  325
21  2  1  2  419  370  275  1757  239
16  1  0  0  211  132  195  2219  324
16  1  3  7  633  362  578  1724  313
20  1  3  6  515  304  458  1652  326
20  1  0  0  2000  1115  1938  844  131
17  1  0  0  365  226  305  2017  257
15  2  0  0  1092  1004  568  1231  322
15  1  1  3  118  59  113  2552  287
23  0  0  1  241  103  268  2234  277
16  2  0  0  986  751  710  1321  218
21  2  1  2  911  818  574  1236  189
21  2  0  1  536  451  361  1575  318
20  0  2  4  453  145  564  2105  260
22  2  1  3  623  505  476  1534  335
17  2  2  4  607  480  419  1501  246
22  1  0  1  148  111  110  2225  280
20  2  2  5  231  172  167  2030  244
20  1  0  0  1124  641  1034  1293  274
20  1  2  5  159  82  160  2210  308
15  2  1  2  1571  1218  1047  959  312
14  0  1  3  1376  452  1507  1267  317
15  0  1  3  612  276  660  1800  269
15  2  1  3  415  303  302  1858  335
14  0  0  0  1570  747  1521  1034  228
15  1  2  4  1186  617  1276  1180  298
17  1  0  0  546  279  520  1817  267
20  2  2  4  583  447  416  1654  293
21  2  0  0  594  545  359  1567  270
17  3  0  0  1107  1182  461  1165  233
15  2  3  6  1382  1088  1021  1036  213
23  1  1  3  1409  718  1404  1022  227
22  0  2  4  1497  740  1581  1232  329
21  3  1  2  458  500  188  1768  338
23  1  3  7  180  102  169  2002  281
23  2  2  4  311  287  169  1733  286
20  1  0  0  569  317  551  1885  293
15  2  1  3  898  663  633  1404  286
16  2  2  4  273  213  156  2061  249
23  0  3  7  464  173  533  1771  180
20  1  2  4  90  44  94  2498  318
21  1  3  7  1214  650  1165  1329  258
23  3  1  3  301  362  105  1727  226
21  0  3  6  1678  806  1723  1159  307
22  2  0  0  1266  1222  786  1184  294
20  1  2  5  719  407  690  1525  324
21  0  1  2  884  324  1076  1462  233
14  1  3  6  859  618  744  1509  340
15  3  2  5  401  443  166  1640  271
16  0  3  6  923  418  958  1559  271
16  2  3  7  421  304  293  1869  292
23  2  1  3  878  702  613  1208  349
21  1  0  0  450  270  414  1796  340
17  1  2  4  130  78  117  2197  290
15  1  1  2  360  229  313  1972  267
14  0  2  4  399  156  434  2163  324
15  2  0  0  926  722  615  1375  216
21  1  0  0  341  192  317  1926  270
21  2  3  6  2287  2026  1438  851  290
17  2  2  4  618  498  417  1399  322
15  1  3  6  448  312  403  1838  258
15  2  1  3  342  236  253  1984  274
23  2  0  1  207  191  118  1954  116
21  0  0  0  1126  438  1300  1268  225
15  1  0  0  430  283  358  2003  198
14  3  0  1  607  641  252  1461  314
23  0  1  2  672  215  797  1674  289
23  3  2  4  681  712  339  1287  232
22  1  2  5  422  244  380  2062  268
20  1  0  1  765  477  658  1659  298
16  3  3  6  993  983  495  1361  256
21  0  1  3  435  141  559  2289  302
21  0  0  1  693  314  747  1524  280
17  2  1  2  282  258  165  1959  189
22  1  0  0  584  364  508  1919  307
20  0  1  3  986  441  1081  1561  219
17  1  1  3  1699  1003  1607  965  321
16  3  0  0  942  1087  372  1286  259
15  2  2  5  171  136  114  2097  340
20  1  3  7  112  55  116  2599  270
17  2  0  1  1130  830  825  1357  275
16  0  3  6  1275  401  1498  1437  174
15  0  0  1  308  95  371  2437  251
17  2  1  2  250  231  146  1949  262
17  3  0  1  674  668  330  1665  117
22  2  0  1  1458  1207  1100  983  293
17  2  0  0  1525  1200  1027  1052  240
16  3  1  2  719  784  312  1469  272
15  2  0  1  404  307  275  1962  322
22  2  3  7  818  756  455  1257  270
20  2  3  7  243  203  145  2266  339
14  0  0  0  1128  499  1136  1249  330
21  0  1  3  239  87  294  2573  303
15  1  2  4  131  81  141  2286  228
22  1  1  3  610  361  540  1598  178
16  3  3  7  1384  1523  554  1050  253
14  1  1  3  177  110  159  2236  266
17  0  3  6  294  120  346  2337  210
20  2  2  5  901  696  626  1300  293
17  1  1  3  206  110  206  2211  280
14  0  3  6  1247  573  1311  1349  307
23  1  2  5  548  288  537  1491  248
15  0  2  5  842  294  1070  1500  329
21  1  1  3  530  355  454  1952  283
15  2  3  7  1424  1340  820  1067  325
23  3  1  2  1326  1461  611  840  228
15  0  2  4  1458  472  1891  1099  204
14  1  3  6  182  104  181  2433  241
16  0  1  2  642  322  641  1762  200
23  3  2  4  1045  1252  358  1076  335
22  0  1  2  346  174  358  2075  269
14  1  1  3  1085  609  1032  1199  210
17  0  1  2  438  161  545  1905  323
20  1  1  2  570  326  547  1903  323
22  0  2  5  228  131  220  2489  267
20  1  0  0  595  365  524  1798  245
21  1  1  2  298  173  283  2053  204
16  2  1  2  2504  2069  1577  761  209
15  1  1  2  723  382  713  1608  326
17  3  1  3  218  228  107  2031  202
20  1  2  5  483  319  384  1789  193
23  2  0  1  380  320  260  1685  275
15  0  3  7  289  146  315  2240  249
14  1  2  5  1084  622  1084  1104  310
21  0  1  2  723  235  786  1785  316
17  1  1  2  1200  738  1105  1188  173
16  1  1  3  317  193  288  2069  297
15  1  3  7  384  277  335  1955  312
16  1  2  4  679  335  659  1654  274
17  0  1  2  622  212  802  1703  293
14  3  0  0  811  803  388  1253  338
23  0  1  3  447  165  515  1841  322
16  0  3  6  1649  481  1980  1211  299
15  1  2  4  368  214  368  1875  256
15  1  1  2  1173  695  1078  1212  220
14  1  1  2  1250  692  1203  1170  230
14  0  0  0  601  235  633  1765  298
14  0  1  3  277  94  298  2295  248
23  2  0  1  1046  926  648  1104  292
15  2  1  2  168  124  121  2194  243
20  2  2  4  544  475  328  1686  180
16  2  3  6  323  288  177  2143  312
14  1  2  4  470  268  469  1855  218
14  1  0  1  1947  1123  1852  857  339
20  0  2  5  2357  997  2650  798  172
17  1  0  0  799  480  687  1523  272
17  2  1  2  391  301  295  1810  323
23  0  2  4  474  192  521  1858  306
21  1  1  3  916  609  795  1473  269
14  1  3  6  682  503  565  1645  272
20  0  3  6  282  95  322  1946  319
15  1  3  7  1715  1037  1686  992  181
14  0  1  3  1388  437  1537  1265  320
21  3  3  7  673  668  346  1637  130
14  0  2  4  1636  744  1682  1076  318
17  0  0  0  795  246  983  1579  334
22  3  3  6  641  717  250  1409  254
17  0  1  2  1339  696  1428  1042  200
15  0  2  4  201  62  257  2186  159
21  1  2  4  1579  1090  1219  1008  271
14  2  3  6  1132  847  833  1291  290
21  1  0  0  251  165  206  2057  274
20  1  1  2  1142  737  1014  1324  305
14  1  1  3  1131  630  1081  1227  299
14  1  3  6  1816  1207  1669  976  287
14  0  1  2  297  107  306  2355  306
17  1  2  4  274  158  246  1924  265
22  0  1  3  220  112  222  2107  216
22  0  2  5  446  236  453  2011  285
23  0  1  3  180  70  209  2262  208
15  1  1  2  530  291  511  1811  331
21  2  2  4  600  505  392  1611  303
16  2  1  3  129  93  88  2366  183
14  0  3  6  414  159  468  2310  193
16  2  3  7  523  412  331  1699  296
21  1  1  3  90  50  88  2666  207
21  0  0  1  358  173  366  1871  228
23  2  1  3  152  141  82  1931  282
17  0  0  0  1269  395  1567  1278  271
21  1  0  0  580  331  542  1621  311
20  0  3  7  1297  406  1584  1318  279
23  3  0  1  425  427  241  1567  203
21  1  1  3  219  119  211  2438  235
23  0  0  0  522  193  612  1715  197
17  3  1  3  993  1124  408  1230  306
23  1  0  1  184  115  160  2130  267
16  1  2  5  592  395  464  1662  336
21  1  2  4  595  392  476  1621  329
20  1  3  6  987  688  872  1396  347
21  2  3  6  827  693  491  1296  204
23  1  2  4  630  365  572  1501  278
23  3  2  4  261  286  114  1805  248
16  0  1  3  439  168  491  2026  311
22  0  2  5  2003  869  2250  1063  294
16  1  3  6  489  265  469  2101  253
17  1  2  4  1006  673  818  1217  311
16  0  2  5  1010  323  1172  1433  333
21  3  2  4  127  118  77  2307  328
15  0  0  1  266  131  262  2283  320
17  3  0  0  1050  1176  383  1176  290
16  0  1  3  1320  615  1374  1215  193
23  0  2  5  431  124  522  1806  272
20  1  1  2  792  574  645  1614  292
16  1  1  2  1122  755  944  1253  253
21  0  0  1  935  398  1042  1338  257
16  1  2  5  154  79  141  2459  278
23  2  3  7  579  460  394  1396  204
16  1  0  0  676  405  647  1623  263
17  3  2  4  279  267  157  1816  314
20  1  1  3  748  495  649  1634  123
15  0  0  1  276  85  329  2487  201
23  3  3  7  616  725  225  1370  275
14  1  1  3  387  288  297  1807  280
21  0  3  7  434  131  526  2235  303
17  0  1  2  361  148  438  1841  198
21  0  0  1  680  327  715  1551  227
17  1  3  6  77  30  79  2671  221
16  1  3  6  646  370  587  1824  293
16  1  1  2  540  321  500  1797  329
23  2  1  3  1925  1779  1098  709  316
14  2  1  3  369  272  256  1866  330
23  0  3  7  260  89  322  2358  313
16  3  3  6  838  873  383  1489  338
16  0  1  2  1029  312  1270  1495  355
16  0  3  7  914  270  1088  1554  216
17  0  1  3  739  389  798  1510  267
21  0  3  7  388  190  393  2132  216
23  2  1  2  1062  862  727  1114  324
23  2  1  2  926  743  646  1155  252
22  1  1  2  120  69  107  2401  354
15  0  0  0  537  197  614  2036  316
15  0  1  2  390  181  415  2040  347
23  0  2  5  568  215  641  1575  104
22  1  3  7  264  147  226  2016  305
17  2  0  0  331  281  198  2025  266
15  1  3  6  1717  1114  1612  917  323
20  0  2  5  1060  515  1110  1222  302
21  1  0  1  1495  889  1365  992  252
22  1  2  4  1494  784  1417  1161  317
22  0  1  2  1185  523  1306  1296  262
20  1  0  1  1435  920  1215  1181  250
15  0  2  5  638  221  807  1680  230
22  3  2  4  1153  1409  401  1119  348
21  3  0  0  784  769  406  1414  230
14  0  1  3  567  258  545  1800  165
17  1  3  6  531  347  443  1871  299
22  1  1  3  876  540  757  1378  331
20  2  2  4  250  233  143  2137  320
21  0  0  1  1026  481  1092  1247  217
16  3  1  2  231  271  89  2114  314
21  0  2  4  941  442  948  1481  288
15  2  3  6  1294  1078  890  1081  344
16  2  2  5  1547  1144  983  999  322
22  2  0  1  1012  848  756  1193  334
22  3  0  1  439  463  194  1733  201
21  1  1  3  394  214  395  2122  365
23  0  0  0  975  474  1060  1232  199
17  0  1  2  384  209  408  1888  263
16  2  3  6  705  505  501  1694  268
15  0  2  5  202  84  247  2303  310
22  0  1  2  235  110  237  2348  265
23  0  1  3  1451  635  1547  1019  175
23  2  2  5  702  639  395  1202  278
14  1  0  1  532  341  468  1731  335
17  1  0  1  868  592  674  1596  315
23  0  0  0  531  207  611  1695  163
17  2  0  1  467  356  318  1960  302
15  0  0  0  598  306  586  1863  338
15  3  2  5  1030  1025  584  1134  297
21  1  3  6  886  546  769  1542  322
23  3  2  5  219  244  98  1785  323
16  2  0  1  785  708  457  1458  228
20  0  1  2  181  90  189  2645  279
21  1  3  6  178  120  157  2238  347
21  1  1  3  187  111  174  2487  248
20  1  0  0  494  303  435  1891  257
17  2  1  3  183  157  118  2165  249
16  2  2  4  1062  810  654  1250  323
16  1  0  1  617  371  592  1694  294
23  2  0  1  504  442  320  1553  258
22  0  1  3  772  287  903  1561  334
21  0  0  1  622  194  770  1687  311
17  2  3  6  564  452  375  1808  232
22  0  2  4  667  225  825  1824  205
14  3  1  3  170  185  67  1996  340
14  1  1  2  1499  976  1290  1013  341
22  1  2  5  753  491  609  1602  233
14  0  2  5  1404  634  1445  1053  333
16  1  3  7  502  317  430  1764  229
14  0  0  0  1125  448  1182  1312  319
22  1  2  4  662  455  516  1605  209
17  1  1  3  104  54  105  2435  193
16  0  0  0  291  117  338  2277  327
21  0  0  0  183  68  212  2301  278
14  1  0  1  549  396  433  1594  301
22  0  0  0  605  190  761  2063  275
15  0  2  4  1250  425  1594  1265  272
16  2  2  5  303  203  213  2087  244
23  2  3  7  623  552  371  1360  120
16  2  0  0  881  735  570  1339  304
16  2  1  3  1178  979  732  1180  341
15  2  3  7  311  276  192  1981  250
15  0  2  5  1809  828  2069  946  302
23  3  0  0  471  509  235  1373  291
17  0  3  6  406  193  442  2099  362
23  0  0  1  1084  393  1240  1502  250
16  2  1  3  425  334  287  1814  321
21  1  3  6  647  399  561  1894  222
21  0  1  3  440  165  499  1994  295
22  1  0  1  249  149  219  2087  309
21  1  0  0  199  109  200  2209  161
20  0  1  3  391  181  419  2200  334
20  0  3  6  554  261  576  1645  299
15  1  2  4  947  512  1001  1270  292
17  3  0  0  1146  1297  403  1189  329
21  1  0  1  1140  715  1005  1165  264
21  1  2  4  447  261  395  1900  334
16  3  1  2  715  727  366  1474  219
20  1  3  6  550  331  490  1606  250
16  0  2  5  1182  349  1397  1361  346
21  0  0  0  204  79  232  2282  289
14  0  3  6  813  398  830  1693  176
23  3  1  3  450  496  211  1500  290
17  3  2  4  1366  1348  713  918  126
16  1  1  3  1281  933  1009  1117  321
20  1  2  5  209  108  205  2157  261
20  1  1  2  473  295  429  2048  308
14  0  0  1  783  341  792  1556  326
16  2  3  6  1027  739  732  1394  285
23  2  1  3  1334  1072  924  957  138
15  1  1  2  366  246  302  1951  234
23  2  3  7  676  534  466  1294  326
21  1  2  5  153  97  137  2127  386
23  2  0  1  222  214  125  1900  296
21  2  0  1  116  105  69  2165  296
21  1  3  7  253  165  205  2234  202
15  1  0  1  2355  1545  1995  819  356
20  0  0  0  335  150  363  2269  312
14  1  3  6  831  513  809  1553  326
20  0  1  3  397  152  424  2088  403
23  0  2  4  1088  401  1237  1274  180
20  1  1  2  620  455  495  1730  323
22  1  3  7  1626  1085  1210  936  280
16  2  1  2  626  448  470  1670  320
16  1  0  1  573  405  485  1686  217
21  1  1  3  522  256  550  1999  332
23  2  2  4  381  283  280  1760  335
21  1  1  2  933  600  826  1334  326
23  3  1  3  647  764  243  1315  165
23  3  2  5  531  624  194  1354  316
20  2  3  6  1208  948  792  1065  331
22  0  0  0  578  210  695  2079  240
15  2  3  6  399  378  231  1766  238
22  1  1  2  409  296  313  1870  234
15  1  3  7  1186  743  1100  1184  255
17  0  1  2  208  91  247  2158  348
20  1  0  1  1269  899  976  1206  322
16  0  2  5  283  128  279  2208  272
22  1  1  2  217  113  216  2553  304
21  1  2  4  836  500  723  1481  258
22  1  0  1  131  81  113  2261  310
15  1  1  2  1470  1008  1197  1054  354
20  1  0  1  493  351  380  1993  357
23  1  1  2  497  266  476  1657  319
20  1  3  7  205  112  198  2403  239
14  1  1  3  681  415  609  1528  256
20  0  3  7  494  173  588  2092  312
17  3  2  4  1074  1035  593  1044  259
21  0  0  0  1334  557  1499  1135  327
16  0  2  5  421  184  435  2038  237
23  2  3  7  670  589  407  1279  322
17  0  1  2  371  184  416  1865  275
20  0  2  4  319  135  349  2219  177
22  0  3  6  899  383  970  1506  267
22  3  1  2  893  1114  343  1262  328
16  3  0  0  393  429  177  1800  195
21  0  2  5  1379  564  1503  1271  239
15  2  2  4  1769  1511  1128  828  279
20  2  1  2  1022  830  680  1365  246
15  3  2  5  247  269  117  1867  322
20  2  1  3  469  384  317  1930  340
15  2  3  7  526  478  324  1680  323
22  0  1  3  1162  615  1182  1219  195
15  2  0  0  671  526  435  1593  340
17  0  0  0  298  99  364  2238  316
16  0  3  7  1148  538  1158  1275  291
20  2  3  6  507  433  300  1626  168
20  1  1  3  735  486  641  1679  239
23  0  1  2  473  205  515  1799  272
23  3  1  3  1338  1517  567  859  333
20  2  2  5  149  134  85  2148  197
21  2  1  2  439  391  285  1751  259
15  2  3  6  1317  1028  980  1091  315
14  0  0  0  344  162  331  2008  314
22  0  2  5  705  222  879  1878  285
22  0  0  0  1658  764  1811  1219  220
15  0  2  5  620  244  750  1714  277
17  0  1  2  898  303  1152  1380  267
23  3  2  5  2050  2284  876  698  305
17  1  2  4  682  355  660  1500  249
15  1  0  1  1164  640  1121  1334  295
20  2  3  6  462  386  286  1680  194
21  1  1  3  705  425  647  1698  205
15  3  0  0  339  335  180  1945  251
15  2  1  2  2430  2076  1408  702  233
20  2  1  3  747  573  542  1568  289
22  1  2  4  500  325  404  1839  236
16  2  0  1  90  78  56  2416  229
14  1  3  6  585  384  544  1777  295
15  0  0  1  415  162  458  2131  336
16  0  0  0  611  182  773  1885  140
21  0  2  5  1003  427  1065  1460  320
22  1  2  4  1299  904  989  1195  264
22  1  1  3  1046  592  954  1311  268
17  3  1  2  295  320  129  1839  168
23  3  0  1  475  503  250  1476  219
16  0  1  2  675  270  746  1701  245
22  0  0  1  782  351  774  1548  346
20  2  2  5  506  459  288  1617  181
15  1  2  5  511  291  515  1711  275
20  0  2  5  1314  535  1494  1209  330
20  1  3  6  303  167  282  1960  319
17  0  3  6  111  43  127  2617  279
23  0  0  0  838  394  887  1332  278
21  0  0  0  226  98  249  2272  200
21  2  2  5  1468  1062  1142  1061  306
17  1  0  1  656  470  490  1800  235
21  1  0  0  450  294  381  1766  163
20  1  1  2  893  667  698  1457  273
20  2  1  2  627  582  353  1680  313
20  1  3  7  467  312  388  1898  291
20  1  2  4  989  536  972  1324  192
15  2  0  0  1295  1025  834  1161  287
23  3  2  4  481  554  186  1555  213
23  0  1  3  682  299  735  1539  222
16  0  0  1  1084  536  1153  1370  266
17  2  0  0  1156  912  776  1214  203
20  0  3  6  852  423  868  1381  302
22  1  2  5  610  323  583  1858  281
17  0  1  3  1244  480  1539  1171  309
23  0  0  0  1380  579  1540  1066  312
16  1  1  3  642  463  505  1542  268
17  1  0  1  603  349  529  1865  289
17  1  1  3  148  84  143  2313  158
16  3  2  4  1555  1645  590  936  241
23  3  1  2  559  566  310  1362  291
14  1  1  3  273  161  252  2052  293
23  3  1  3  774  941  267  1206  170
14  3  1  2  619  683  252  1464  321
23  0  3  7  1859  699  2112  856  301
20  2  2  5  690  623  389  1472  269
14  2  3  6  1415  1071  1021  1109  288
21  1  0  0  1390  972  1110  1020  279
20  1  0  1  555  327  495  1883  283
15  1  1  2  96  67  78  2377  293
21  0  1  2  633  226  775  1731  227
23  1  1  2  468  265  431  1653  152
17  0  0  0  573  212  659  1817  189
21  0  0  0  1112  556  1147  1229  314
21  2  0  0  1397  1308  815  1011  248
14  1  1  2  615  420  514  1604  333
14  1  1  2  416  284  341  1857  195
17  1  2  4  1190  677  1089  1129  142
23  2  3  7  1104  944  690  1024  198
22  1  3  7  331  210  318  2095  317
22  2  0  0  537  503  353  1805  190
15  0  0  1  367  137  420  2259  269
23  2  1  3  2443  2136  1513  606  250
17  0  1  3  185  75  237  2282  334
14  0  0  0  988  405  1029  1385  209
21  1  0  0  641  359  612  1567  305
22  0  2  4  1101  496  1222  1417  218
22  0  3  7  662  196  808  1713  306
22  1  2  5  1056  664  882  1443  257
14  0  2  5  1277  537  1354  1106  223
15  0  2  5  1406  482  1788  1143  276
20  2  2  4  89  74  60  2475  268
21  0  1  3  823  295  1009  1759  239
22  0  3  6  80  26  88  2581  230
21  0  1  2  888  401  991  1414  292
17  0  3  6  1385  522  1653  1260  330
15  1  2  5  397  224  414  1862  149
14  1  1  2  494  343  401  1723  318
21  0  1  3  143  57  160  2401  221
15  2  2  5  681  565  448  1424  323
15  1  0  1  1444  868  1305  1149  206
14  1  2  4  190  127  169  2289  257
23  3  2  5  414  483  155  1538  202
22  3  3  7  597  615  280  1438  264
23  1  0  0  343  221  299  1756  283
20  0  1  3  1304  633  1377  1298  339
16  0  0  0  1028  390  1221  1453  235
22  2  0  1  1373  1234  944  1049  328
17  0  0  0  996  506  1011  1373  283
22  0  3  7  735  248  864  1588  273
17  0  3  6  1083  401  1303  1459  255
21  2  0  1  499  422  330  1630  204
15  1  2  4  1120  666  1108  1187  415
20  2  3  6  921  695  630  1302  296
22  0  2  4  540  182  659  2025  283
20  2  2  4  384  328  232  1905  324
15  2  3  7  496  469  279  1699  332
23  2  1  2  2538  2174  1622  607  169
20  0  1  2  205  111  210  2603  346
20  2  2  5  804  704  477  1340  258
20  1  0  1  808  498  703  1616  322
23  3  2  4  494  491  273  1469  369
14  2  3  6  267  206  182  2211  221
15  2  1  2  533  385  388  1760  231
21  1  3  7  1350  825  1185  1230  336
17  3  0  1  779  745  411  1536  225
17  3  0  1  1337  1378  608  1155  160
21  1  2  5  981  536  916  1367  319
14  1  2  4  219  122  222  2214  324
15  1  1  2  852  489  803  1456  329
21  1  0  1  163  116  127  2120  212
15  0  0  1  1237  556  1310  1302  347
22  0  3  6  2548  1067  2759  775  210
22  3  2  5  556  668  210  1679  131
20  0  3  7  206  63  249  2567  253
23  2  1  2  698  560  476  1687  260
17  3  1  3  567  570  308  1573  293
14  1  2  4  728  433  711  1604  323
20  2  3  7  584  474  360  1746  279
21  2  1  2  225  202  149  2034  270
15  0  0  1  625  230  712  1886  294
15  0  2  4  1105  494  1268  1234  307
17  0  3  6  1099  538  1174  1394  278
17  0  1  2  100  47  107  2354  154
16  3  0  0  930  1057  380  1239  305
20  2  0  1  719  645  380  1615  178
20  2  3  6  278  230  174  1926  317
21  0  0  0  308  102  342  2038  293
14  3  0  1  685  700  307  1398  264
16  2  3  7  710  545  471  1524  241
17  3  1  3  557  664  197  1584  205
20  2  3  7  858  669  562  1514  276
16  1  0  1  194  135  164  2267  242
22  0  3  6  1511  601  1672  1111  278
17  3  0  1  378  361  205  2066  289
16  1  1  3  367  239  315  1926  281
21  2  2  4  644  593  365  1590  272
15  0  3  7  874  407  981  1537  137
23  2  1  2  441  369  295  1566  287
14  1  1  2  330  240  263  1976  173
14  3  0  1  395  432  145  1711  346
14  2  1  3  863  640  590  1338  175
14  1  1  3  778  515  663  1387  322
21  3  2  5  1232  1300  505  1168  257
16  2  3  7  171  141  104  2168  332
23  0  1  2  1403  622  1484  1048  217
17  3  1  3  903  990  407  1254  340
16  0  1  3  986  443  1042  1401  277
22  3  3  7  311  313  154  1774  235
17  1  3  6  951  605  801  1430  267
16  1  2  5  1286  891  970  1133  330
14  1  0  1  197  124  174  2206  329
17  1  1  2  715  468  623  1445  337
23  1  2  4  989  590  879  1198  266
22  3  3  6  472  455  265  1650  314
16  3  3  6  2128  2256  926  900  351
17  2  1  3  130  118  80  2214  329
15  1  0  1  596  420  475  1790  228
17  2  0  0  1594  1390  932  969  330
22  0  0  0  231  108  251  2502  318
14  1  1  2  882  471  875  1437  129
17  0  0  1  458  149  557  2179  238
20  0  3  7  409  185  439  2143  330
21  0  3  7  1008  514  1005  1475  259
16  2  3  6  1694  1224  1193  1043  251
23  2  3  7  953  684  735  1093  319
21  3  2  4  308  312  148  1995  188
21  2  2  4  1052  912  654  1258  326
14  3  0  1  252  248  118  1944  326
14  1  2  4  1250  913  1056  1176  240
21  0  0  0  950  355  1107  1441  243
20  1  0  1  600  314  587  1884  89
17  2  0  1  57  38  40  2763  238
22  3  3  6  521  575  213  1541  297
21  2  1  3  646  536  459  1668  256
22  2  2  5  973  749  763  1358  333
16  0  2  5  1258  561  1284  1229  268
22  2  1  2  350  331  224  1827  223
16  2  1  2  658  561  392  1592  245
14  1  2  5  190  106  192  1986  320
16  0  0  0  1388  654  1503  1167  298
23  0  2  4  280  83  337  2152  181
16  1  3  7  552  333  495  1742  330
20  1  2  5  2384  1228  2414  778  206
21  1  0  0  481  271  460  1738  280
14  2  3  6  1748  1338  1261  955  346
23  1  2  4  839  580  633  1401  262
22  2  2  5  488  378  372  1888  333
16  2  1  2  164  143  90  2262  175
21  3  1  2  842  860  414  1326  301
17  0  3  6  1161  526  1292  1345  238
16  0  0  0  719  259  868  1728  256
22  1  2  5  125  83  102  2463  301
22  0  2  4  462  220  504  1967  263
23  3  1  3  761  849  344  1194  190
14  1  2  4  262  172  234  2164  186
22  1  1  2  487  314  406  1783  278
23  2  2  5  1336  1080  904  852  298
20  1  3  6  606  360  547  1575  293
21  2  1  3  1675  1546  1016  990  320
15  1  3  7  225  134  218  2254  301
15  1  1  2  98  54  87  2457  311
21  2  2  4  880  752  553  1349  193
22  1  2  4  256  133  250  2233  261
20  2  0  0  138  122  79  2281  208
15  2  2  5  293  265  173  1846  245
21  0  2  5  1245  520  1343  1335  231
16  2  2  4  1112  957  574  1190  266
21  0  3  6  959  429  1024  1617  247
15  1  2  5  979  683  848  1272  285
20  0  1  3  974  353  1150  1583  327
20  0  2  4  1128  459  1293  1372  263
14  2  1  2  962  850  547  1322  263
15  1  2  4  488  273  503  1744  171
15  2  1  3  1187  877  829  1225  325
23  2  3  7  657  557  418  1321  329
22  3  1  3  241  303  87  1880  331
23  3  1  2  621  698  272  1281  221
21  0  3  6  268  82  323  2581  249
20  1  3  6  846  538  722  1352  247
15  1  3  6  401  257  376  1870  326
16  2  0  0  2474  1833  1844  741  262
15  2  2  4  969  705  756  1228  323
15  1  0  1  506  322  438  1828  383
21  0  1  2  372  151  426  2034  301
22  1  3  6  1540  866  1308  1058  127
16  3  3  7  635  701  249  1581  329
20  2  1  2  110  88  70  2589  171
21  0  2  5  816  270  948  1699  270
21  1  1  3  802  557  656  1631  211
17  0  1  3  1628  828  1786  981  258
15  1  0  1  634  344  606  1770  342
22  3  3  7  388  370  221  1700  283
15  2  3  7  607  519  400  1610  248
16  3  1  3  451  500  182  1723  194
20  1  0  0  1031  671  859  1328  190
22  1  2  5  536  295  494  1924  271
20  2  1  2  1096  886  747  1325  203
17  0  1  2  49  23  55  2401  323
16  3  2  5  355  355  152  1859  229
14  0  2  5  437  214  432  1776  325
14  0  1  3  1247  574  1199  1260  325
22  1  2  5  422  229  391  2086  321
14  0  2  5  1781  615  2033  964  256
21  2  1  2  325  258  240  1891  177
16  3  2  4  225  231  85  2078  156
23  0  0  1  988  311  1217  1436  182
17  0  3  7  366  191  396  2071  306
15  2  0  1  801  622  528  1482  260
23  3  2  4  1221  1422  466  985  208
16  2  3  6  709  606  395  1656  263
21  2  1  2  430  332  344  1786  322
15  0  1  3  319  118  369  2237  327
20  0  1  2  1522  764  1589  1214  240
22  0  1  2  1451  601  1633  1174  236
23  3  2  4  805  905  343  1178  215
22  1  0  1  895  509  812  1395  360
20  1  3  7  241  132  234  2326  357
16  1  3  6  951  640  773  1451  341
23  0  1  3  769  307  846  1489  131
17  0  1  2  423  162  519  1877  331
21  3  2  5  81  72  47  2449  341
20  2  1  3  331  264  235  2100  191
15  1  0  1  443  240  445  1999  108
17  3  2  4  1691  1674  879  853  250
22  0  2  4  410  150  492  2164  208
15  2  3  6  2227  2078  1299  736  326
14  0  2  5  302  146  300  1933  317
15  1  0  0  360  249  287  2085  215
23  1  0  0  1550  814  1510  1104  261
16  1  0  0  943  535  937  1396  340
21  1  2  5  307  150  294  2220  307
21  1  0  1  367  214  340  1828  162
16  2  0  0  1135  858  828  1206  175
17  1  1  3  594  364  553  1696  254
23  3  1  2  555  589  266  1365  310
22  0  1  2  1324  440  1601  1320  324
21  1  2  4  383  188  376  2047  316
21  0  2  4  2523  1064  2711  810  338
21  0  0  0  990  435  1088  1349  348
14  0  1  2  508  221  498  1864  308
17  0  2  4  1264  606  1361  1098  136
14  0  0  1  1591  517  1805  1198  162
16  3  1  3  301  297  165  1935  333
16  3  1  2  1070  1084  552  1192  329
17  0  0  0  234  95  262  2262  315
17  2  3  6  2429  2065  1519  798  288
22  2  2  4  637  509  480  1666  261
16  1  2  4  164  93  143  2343  245
17  3  3  6  132  136  63  2457  242
20  2  3  6  598  464  391  1533  249
17  1  1  2  101  60  96  2314  327
23  0  3  7  575  271  589  1528  223
22  1  3  7  892  585  831  1415  327
21  0  1  3  182  70  214  2672  223
22  1  2  4  1025  621  885  1393  280
14  1  1  2  842  558  713  1372  212
22  2  1  3  215  190  144  2008  145
17  1  1  3  1764  965  1749  967  189
23  2  2  5  413  343  270  1508  283
15  2  3  6  858  817  483  1285  238
15  0  1  2  547  252  578  1850  264
22  2  2  4  1000  837  709  1371  254
23  3  2  4  345  360  177  1660  130
21  3  1  3  1675  1664  859  1015  351
23  1  1  3  477  260  469  1960  246
20  1  2  5  259  173  220  2039  184
20  2  1  2  1121  876  789  1324  159
23  0  0  0  573  242  639  1615  191
20  1  2  4  740  500  625  1552  293
15  1  3  6  2486  1433  2512  767  319
23  2  3  7  642  514  438  1349  222
21  2  2  4  407  302  299  1908  352
20  2  3  7  159  144  80  2411  203
15  0  3  6  356  138  424  2061  337
20  1  3  7  142  76  137  2526  296
22  0  3  7  131  64  131  2365  224
16  0  0  1  951  391  1089  1522  266
23  3  3  7  293  331  125  1745  305
22  0  1  2  571  217  659  1795  324
20  1  2  5  388  249  347  1824  270
15  0  1  2  521  150  639  2006  338
21  2  0  0  1093  864  805  1145  204
16  0  2  5  556  174  636  1820  185
17  0  0  0  1645  650  1879  1056  324
21  2  0  0  365  266  288  1823  247
21  2  2  4  215  183  149  2153  284
21  0  2  4  147  42  176  2407  196
20  1  3  7  716  461  600  1603  335
22  1  0  1  610  428  464  1807  294
16  3  3  6  371  405  151  2071  321
22  1  0  1  1839  1357  1376  875  332
14  0  0  1  792  296  847  1651  336
23  0  1  2  312  103  370  2118  233
16  1  0  1  1672  885  1736  1060  219
15  2  2  4  374  260  303  1762  269
16  1  2  4  475  297  450  1736  226
20  1  3  7  559  324  512  1843  291
16  1  3  7  386  231  346  1960  226
21  0  0  1  250  115  272  2108  180
21  0  1  3  980  278  1284  1683  219
21  0  0  1  2681  1087  3043  713  229
23  2  2  5  1088  831  780  1016  295
20  2  1  3  201  175  113  2314  310
20  0  0  1  306  153  308  2391  271
16  0  0  1  550  263  591  1837  208
21  0  2  5  771  226  949  1777  213
15  1  0  0  439  269  394  1870  176
17  3  1  2  634  682  302  1436  231
21  1  1  3  2241  1561  1842  836  144
20  2  1  2  239  200  154  2292  160
17  3  1  2  2164  2594  758  729  244
20  2  2  4  478  407  305  1763  315
14  0  0  1  576  276  558  1764  294
14  0  0  1  1211  422  1340  1366  326
16  2  1  3  365  261  262  1956  163
21  3  1  2  651  614  371  1496  293
22  1  2  4  627  373  553  1748  326
17  3  2  4  455  507  177  1570  273
16  2  3  6  1259  999  790  1262  280
21  0  2  4  1442  701  1452  1143  304
20  3  0  1  206  202  99  2034  285
21  1  1  3  266  147  261  2361  298
22  2  1  2  1000  805  769  1273  140
22  2  1  3  78  58  64  2331  250
15  1  1  3  321  210  272  2090  335
21  0  3  6  652  220  770  1932  273
15  2  2  5  1010  842  671  1188  316
20  1  0  0  776  569  593  1470  295
21  2  1  3  405  351  264  1998  209
21  2  3  6  288  272  167  2216  301
23  2  2  4  492  426  301  1479  250
22  2  1  3  1078  870  828  1176  189
22  0  0  0  1398  551  1627  1366  309
14  3  1  2  1359  1594  450  945  245
22  3  2  4  874  1005  376  1310  229
22  1  0  1  1044  580  971  1304  263
20  0  1  2  769  359  825  1803  305
17  2  1  3  399  334  280  1715  335
17  2  0  1  484  435  264  1941  203
21  2  3  6  367  280  276  1914  170
23  2  1  3  512  390  343  1785  243
16  3  3  6  143  154  76  2110  412
20  0  1  2  420  145  502  2370  178
15  2  1  3  1065  807  734  1263  298
15  2  1  2  102  86  60  2350  207
15  0  1  2  736  221  905  1766  280
17  1  3  6  948  512  897  1535  240
21  0  2  4  806  318  890  1631  330
15  0  0  0  407  155  457  2236  214
15  1  3  6  1638  924  1688  963  185
16  2  2  5  1022  841  567  1284  258
21  0  1  3  451  179  461  1960  332
15  0  1  2  1306  363  1642  1292  321
16  1  2  5  913  607  724  1375  178
16  1  2  5  131  71  116  2449  197
22  1  2  5  660  332  644  1820  254
16  2  0  0  243  222  138  2076  324
21  1  0  0  403  230  379  1878  236
20  1  1  3  1182  628  1176  1332  132
22  1  0  1  875  519  779  1419  195
17  3  1  3  863  856  483  1315  240
21  0  0  1  671  242  796  1662  238
17  1  0  0  149  89  128  2329  230
21  0  0  0  595  179  743  1733  375
15  2  0  0  1116  853  754  1314  289
20  0  1  3  889  413  959  1617  294
20  2  0  0  86  53  70  2501  196
15  1  2  5  1240  779  1176  1109  342
16  3  2  4  822  816  367  1370  261
15  0  1  3  608  218  708  1870  334
21  2  1  3  1373  1202  909  1143  261
15  1  1  3  1308  718  1273  1163  263
15  1  2  5  1131  723  1070  1172  315
17  2  2  4  827  648  581  1266  265
20  1  3  7  1218  746  1078  1256  207
20  2  0  0  638  578  333  1602  316
16  3  1  2  616  690  250  1582  268
23  3  2  5  668  666  370  1234  323
17  1  2  4  689  348  677  1514  288
16  1  0  1  347  254  280  2000  306
16  0  3  6  151  68  154  2657  200
22  0  1  2  902  478  916  1454  287
17  1  1  2  653  389  616  1562  258
23  2  1  2  208  189  126  1869  270
23  0  2  4  266  80  321  2174  307
20  2  1  2  791  702  475  1558  324
16  2  1  3  1044  769  756  1262  215
17  0  1  2  901  383  1075  1360  216
15  1  0  0  864  613  682  1492  318
21  2  0  1  1343  1086  971  1006  266
14  3  0  0  841  948  282  1225  236
22  3  2  4  239  287  79  2053  214
15  2  1  2  1271  1136  685  1094  249
23  0  2  5  543  194  622  1639  287
16  3  1  2  1986  2169  862  802  301
14  0  1  2  955  282  1079  1617  273
20  2  1  2  470  361  336  1915  323
17  1  0  0  205  107  192  2300  211
16  0  1  3  332  112  390  2192  194
17  2  0  0  815  667  526  1436  335
20  2  0  0  131  95  93  2406  317
21  2  2  4  434  312  337  1855  186
16  1  1  2  1146  701  1034  1301  143
20  0  3  7  1655  517  2021  1176  257
17  0  0  0  525  197  610  1868  272
20  2  2  4  624  552  365  1641  217
22  1  1  3  380  218  344  1925  394
20  0  1  2  1463  619  1635  1273  335
20  1  1  2  234  169  193  2339  120
21  2  1  2  446  363  329  1709  253
23  2  2  5  524  394  390  1634  156
16  1  1  3  513  286  500  1861  355
20  0  3  6  960  490  967  1280  325
15  0  1  2  1161  380  1393  1396  266
21  1  2  4  1441  989  1113  1087  233
17  1  1  2  418  255  392  1863  292
23  2  2  4  623  569  356  1380  219
20  0  0  0  1191  574  1227  1333  282
17  3  2  4  1094  1241  412  1098  230
16  0  0  1  1071  424  1242  1452  189
21  1  0  0  885  458  925  1467  247
21  0  3  6  1531  573  1883  1082  342
17  1  3  6  532  293  497  1908  175
23  3  3  7  627  703  264  1361  259
22  1  1  3  736  463  624  1500  299
20  1  0  1  1358  910  1102  1198  279
16  0  1  2  1262  603  1302  1285  161
17  3  0  0  325  352  131  1934  281
20  1  0  1  1172  717  1031  1313  126
21  2  2  4  248  178  190  2139  289
20  0  2  4  352  157  373  2139  130
16  3  2  5  294  277  151  1988  281
16  1  0  1  1373  766  1380  1173  296
21  3  1  3  88  88  39  2623  326
14  3  1  2  1120  1336  352  1105  238
15  1  1  2  619  392  542  1621  333
16  2  3  6  241  209  132  2324  258
17  3  2  4  843  843  422  1218  328
15  1  0  1  501  262  488  1937  301
20  0  3  6  479  254  508  1866  344
23  1  2  4  1433  715  1422  989  270
23  3  2  5  185  189  88  1786  364
20  2  3  6  297  247  174  1902  178
23  2  2  5  265  197  192  1851  168
16  2  3  6  254  219  138  2302  288
15  1  3  6  124  87  111  2280  201
15  3  2  5  217  217  115  1934  184
20  0  3  6  239  74  273  2069  327
23  0  1  3  781  302  882  1544  206
17  3  3  6  433  471  176  1917  310
16  2  3  6  402  330  239  2032  213
16  2  1  3  631  484  437  1578  316
20  2  2  4  408  371  218  1902  322
23  1  1  3  971  596  863  1222  334
16  0  2  5  153  66  161  2488  350
16  3  1  3  1683  1719  851  886  184
21  0  3  6  716  366  706  1825  255
21  0  0  1  1810  817  1963  890  298
21  0  0  0  597  229  688  1747  346
15  1  3  6  894  559  859  1390  338
15  2  0  1  1224  934  829  1233  131
20  0  0  0  1675  848  1677  1074  320
15  3  3  7  491  544  236  1633  254
16  1  0  0  572  375  514  1701  417
16  2  2  5  216  175  122  2166  190
17  0  1  3  75  23  95  2523  305
20  1  0  0  140  71  133  2525  208
17  1  2  4  333  208  293  1813  311
20  1  0  1  803  427  774  1676  256
23  1  2  4  2204  1294  1984  742  275
22  0  1  3  1559  820  1587  1031  334
17  2  0  0  532  432  348  1767  331
20  0  0  0  1219  372  1491  1407  284
23  3  2  5  530  638  183  1379  319
21  1  3  7  445  334  328  1937  332
15  0  3  6  579  292  627  1721  253
15  2  1  2  127  103  77  2316  194
23  3  1  2  241  265  106  1746  254
17  1  0  0  228  140  188  2234  319
22  0  3  6  697  328  715  1653  286
17  2  0  1  313  254  204  2229  301
21  2  0  0  47  41  27  2371  273
22  1  3  6  869  466  760  1417  180
22  3  3  6  1292  1289  670  1011  287
17  3  1  3  895  1015  370  1274  341
23  0  0  1  780  339  854  1579  195
15  2  0  1  246  199  153  2172  312
23  1  1  3  2653  1371  2621  682  301
16  2  2  4  948  635  682  1340  172
16  1  0  0  645  352  659  1670  298
16  1  1  3  528  333  470  1764  325
20  1  2  4  1458  1021  1196  1031  246
21  1  2  4  1003  638  824  1305  260
16  2  2  4  500  378  305  1745  300
23  1  2  5  705  357  701  1351  335
20  2  1  2  2674  2213  1772  742  338
23  0  3  7  160  66  168  2115  201
17  3  0  0  537  634  175  1683  254
15  1  1  2  815  548  686  1489  138
22  1  3  7  811  527  620  1401  319
14  0  0  1  902  282  1041  1606  264
23  2  1  2  540  461  349  1513  266
15  3  1  2  187  213  72  2295  226
14  1  0  1  280  204  237  2104  147
14  1  1  3  874  615  699  1315  251
20  0  1  2  854  320  996  1761  284
21  3  0  1  171  175  77  2133  276
20  1  0  1  966  673  766  1424  167
15  0  3  6  1019  390  1243  1359  304
21  1  0  1  332  228  272  1879  180
21  1  1  3  2431  1578  2132  837  288
22  2  2  4  746  537  585  1412  203
20  0  0  1  1563  517  1870  1261  276
14  1  1  2  1307  698  1277  1164  206
17  3  1  3  1413  1449  742  978  337
23  2  2  4  94  77  63  2158  307
14  3  0  1  313  345  107  1827  287
21  2  3  6  898  746  619  1499  247
22  2  0  0  230  201  124  2171  322
22  1  2  4  482  249  464  1969  308
21  2  2  4  2114  1898  1246  786  214
14  1  3  6  349  247  297  2111  219
20  1  1  3  1909  1430  1501  920  223
23  2  1  3  1295  1167  764  965  333
21  1  1  2  417  284  350  1833  295
22  0  1  3  1228  438  1451  1318  335
23  0  1  2  749  281  856  1572  132
14  1  2  5  766  468  738  1311  139
22  1  0  0  1035  733  803  1434  220
16  3  1  3  574  575  296  1563  299
16  1  0  0  459  308  405  1862  283
21  1  1  3  347  178  359  2234  261
21  3  0  0  608  642  266  1551  265
23  0  0  0  634  259  719  1595  129
23  0  2  5  1522  609  1682  979  271
23  3  1  2  848  915  410  1096  283
23  2  3  7  1015  869  634  1061  306
21  3  1  2  690  770  265  1361  340
20  0  2  4  339  120  408  2359  188
20  0  2  4  814  356  895  1530  208
16  2  3  6  543  439  336  1792  140
22  3  2  4  91  102  40  2272  328
21  1  2  5  2574  1280  2531  841  229
21  1  3  6  1570  1091  1242  1133  172
22  0  1  2  186  71  206  2576  307
23  2  3  7  716  555  515  1259  309
21  1  3  6  400  285  308  2104  255
21  2  0  1  599  574  340  1518  207
16  1  0  1  404  291  338  1971  336
16  0  0  0  479  146  601  2026  268
20  1  1  2  527  296  506  2041  292
20  0  3  7  152  48  180  2635  316
21  1  2  4  185  125  149  2256  291
17  2  1  3  460  343  350  1677  319
21  0  0  1  1717  842  1785  911  277
21  0  3  7  808  260  973  1715  313
15  1  1  3  1636  941  1549  1032  236
17  2  1  3  1268  1017  919  1158  165
15  0  0  0  359  180  362  2215  273
21  1  0  0  1070  548  1070  1276  219
16  1  0  1  1639  1158  1385  974  341
16  3  3  6  351  365  158  2100  310
14  3  0  0  551  571  258  1509  297
22  0  3  6  465  178  522  1965  232
17  1  3  6  406  266  339  2072  274
23  2  2  4  470  361  339  1635  317
23  0  1  3  1392  627  1460  1054  182
14  3  0  1  1262  1392  466  1011  192
21  1  1  2  1107  810  871  1166  384
16  2  0  1  839  687  557  1410  149
23  0  2  5  2577  1019  2845  696  307
22  1  2  4  1071  742  949  1178  324
21  2  2  4  200  164  142  2197  182
21  0  2  4  446  130  549  2099  294
16  1  3  7  1606  869  1528  1075  288
16  0  1  2  1814  873  1853  1013  358
20  2  1  2  1460  1199  974  1147  201
15  1  3  7  483  354  414  1787  171
22  1  1  3  695  488  538  1519  309
22  1  1  2  1385  892  1152  1100  256
16  2  0  0  1220  1072  730  1169  382
17  3  0  1  581  578  284  1777  296
21  2  1  2  846  698  608  1363  224
21  0  1  2  930  357  1109  1425  264
21  2  0  0  621  536  415  1532  233
21  1  0  1  1660  1038  1457  928  281
15  1  1  3  1397  861  1248  1096  266
15  0  0  1  618  245  694  1792  314
17  3  3  6  962  1025  422  1363  311
16  1  2  4  1408  908  1139  1058  306
16  3  2  5  173  185  58  2247  286
14  0  3  6  431  129  522  2369  314
20  0  0  1  2406  1218  2409  866  215
21  1  0  0  271  154  258  2031  213
17  2  1  3  480  393  339  1687  161
15  2  1  3  331  272  209  1988  310
17  3  1  3  1288  1348  646  1042  314
22  3  3  6  722  746  346  1359  196
14  1  0  1  1337  748  1304  1123  284
17  2  0  1  558  442  377  1896  291
21  3  0  0  1109  1258  394  1182  265
22  1  2  5  863  433  840  1561  295
16  2  3  7  715  610  404  1530  339
15  2  1  2  1628  1255  1086  951  340
22  1  2  4  1003  509  967  1442  273
20  1  2  5  249  176  203  2006  320
16  2  3  7  136  101  92  2375  130
23  1  0  1  302  172  287  1953  297
22  2  2  4  1353  1064  1043  1139  342
21  0  2  4  671  313  687  1743  168
17  0  0  1  929  299  1131  1620  145
14  2  2  4  566  437  405  1684  317
14  1  2  4  489  351  408  1776  274
15  0  1  3  391  165  427  2072  260
23  3  2  4  372  395  175  1630  270
16  0  2  4  303  136  303  2157  163
21  2  0  0  799  769  445  1366  288
23  2  1  2  319  266  214  1784  226
20  2  0  0  482  344  350  1819  274
16  2  1  2  455  348  314  1840  335
15  2  1  3  1671  1222  1199  1008  330
22  1  3  7  1396  751  1220  1064  212
17  0  1  2  396  207  427  1806  263
17  3  1  3  814  900  359  1310  186
15  1  2  4  1178  813  1039  1127  214
22  3  3  6  99  118  29  2197  294
15  1  1  3  1118  743  933  1278  319
14  0  2  5  639  248  699  1620  212
20  0  2  5  894  282  1114  1477  256
21  2  2  4  375  289  276  1922  164
23  0  1  3  1073  509  1106  1201  237
20  2  3  6  1667  1212  1095  909  312
17  0  1  3  1310  530  1597  1183  342
22  1  2  5  760  573  618  1301  350
21  1  1  3  1437  787  1420  1205  93
16  1  1  2  361  215  335  2040  317
17  1  2  4  1708  953  1592  950  191
20  1  2  5  179  112  161  2154  307
20  0  1  2  380  139  445  2361  224
17  1  3  6  179  128  143  2473  341
22  0  2  4  392  195  417  1799  345
20  1  2  4  410  222  402  1966  286
21  2  2  4  383  344  235  1876  302
17  2  1  2  662  528  482  1492  214
17  3  0  0  931  986  397  1259  250
15  0  1  3  575  255  622  1833  322
17  2  1  3  1456  1100  988  1006  329
22  0  2  4  1024  510  1082  1444  267
20  1  0  1  521  278  500  1991  255
14  2  3  6  135  107  90  2403  221
23  3  0  1  465  482  255  1555  284
17  2  1  2  843  782  498  1290  275
14  1  3  6  1645  1055  1561  1082  329
21  0  1  2  535  190  654  1858  225
22  2  1  2  78  66  60  2337  259
17  2  3  6  1595  1465  890  1036  270
15  2  3  7  495  404  344  1754  359
22  2  2  4  2333  1915  1698  793  336
16  3  3  7  1080  1204  425  1230  240
16  3  0  1  147  155  66  2271  139
15  0  1  2  1695  752  1823  1025  299
21  3  3  6  837  835  414  1508  143
23  0  0  1  308  116  360  2216  289
23  0  2  4  808  268  949  1534  210
17  3  1  3  178  188  92  2113  158
20  1  2  5  1234  685  1204  1119  203
16  0  0  1  605  210  742  1910  246
17  2  3  6  307  220  229  2211  305
20  0  2  4  583  238  677  1713  251
23  0  0  0  389  191  400  1771  272
17  0  0  1  760  309  857  1695  363
20  2  2  4  1078  802  776  1314  299
15  0  2  4  1257  375  1670  1188  301
23  3  1  3  170  212  50  1962  245
23  1  1  2  1073  682  918  1104  299
17  1  0  1  414  249  370  2035  244
23  2  1  3  320  252  218  1778  296
17  0  0  1  1110  348  1371  1460  100
23  2  3  7  398  331  256  1574  154
17  2  1  2  1074  845  800  1176  314
20  0  1  3  2243  868  2593  940  349
16  1  0  1  733  385  766  1604  181
16  0  2  5  795  223  950  1655  149
14  0  0  1  399  167  434  1979  309
15  3  2  4  1472  1408  889  894  325
16  3  1  3  421  492  154  1811  217
16  0  2  4  756  292  815  1636  215
15  2  1  2  697  568  430  1505  187
20  1  1  2  1883  1182  1697  980  291
20  1  0  1  617  413  482  1873  332
15  0  2  4  143  54  176  2388  294
23  3  2  4  866  922  411  1124  312
22  1  2  4  657  392  572  1667  206
20  2  2  4  988  853  611  1273  331
22  0  3  6  621  207  730  1798  352
14  3  1  3  404  444  161  1665  233
21  1  3  7  937  676  712  1399  318
17  1  2  4  425  223  409  1807  242
22  2  0  0  247  204  186  2323  288
22  0  0  1  469  195  531  1984  198
20  0  3  6  164  56  184  2241  329
23  3  2  4  755  831  335  1225  225
16  0  3  6  580  287  569  1969  333
21  0  0  0  100  47  106  2560  222
15  3  3  6  491  538  242  1607  220
20  2  0  1  236  191  145  2272  239
16  3  1  3  908  1015  369  1267  216
21  1  0  1  1036  653  904  1207  293
20  1  1  3  1281  932  1024  1198  334
23  2  3  6  679  490  518  1706  255
16  1  1  3  386  280  304  1894  316
21  0  0  1  487  191  555  1797  220
21  2  2  4  343  267  248  1970  244
15  0  3  7  1578  788  1722  1076  309
22  0  0  0  1284  568  1433  1443  310
22  0  1  2  334  159  356  2084  175
23  3  2  5  155  157  82  1842  212
15  1  0  1  1282  913  1016  1152  334
21  3  1  3  567  594  255  1771  212
23  1  1  3  635  334  624  1540  200
15  2  0  0  462  425  237  1803  250
14  0  1  2  1231  555  1192  1249  259
20  2  2  4  992  719  737  1317  195
21  0  3  6  1024  430  1123  1596  323
20  0  1  3  128  49  151  2744  207
22  3  2  4  1053  1295  368  1145  337
20  2  1  3  354  330  198  2037  307
14  1  3  6  1170  776  1077  1276  243
20  1  1  3  342  176  348  2182  235
14  2  3  6  646  476  485  1699  253
23  0  0  0  216  64  268  2145  256
22  2  1  2  157  117  133  2224  294
14  1  3  6  615  345  628  1765  324
22  0  0  0  459  158  553  2311  200
16  3  2  4  1235  1255  524  1089  310
23  3  3  7  189  227  66  1876  258
14  2  1  2  1146  839  801  1214  211
16  2  0  0  133  97  100  2306  318
23  0  2  4  1351  586  1440  1144  188
15  2  2  5  778  555  629  1399  294
20  2  1  3  543  423  384  1807  178
17  3  2  4  921  941  452  1177  253
17  2  1  3  1065  903  720  1205  288
22  1  3  7  160  72  153  2243  326
16  1  2  5  568  390  427  1703  279
21  0  1  2  965  350  1176  1347  251
16  0  2  4  1379  465  1558  1239  309
22  2  0  1  131  100  91  2487  200
21  2  1  3  1149  937  824  1150  302
17  3  1  3  314  329  159  1872  288
15  0  1  3  1708  618  1985  1071  230
21  1  3  6  841  583  737  1536  198
22  0  2  4  91  26  112  2772  233
21  1  2  4  958  584  831  1361  231
15  0  3  6  2300  1191  2460  830  261
16  0  1  2  1679  539  2001  1113  232
23  0  1  2  697  290  757  1552  308
17  3  1  2  113  127  47  2137  249
20  0  0  1  87  39  91  2761  232
20  2  2  5  1606  1220  1140  934  312
14  3  3  6  890  1034  304  1348  287
15  1  1  3  596  352  542  1735  289
14  1  0  0  1531  890  1448  998  291
21  0  1  3  420  132  529  2407  295
21  1  3  7  488  312  409  1964  218
23  2  0  1  442  356  303  1675  312
16  0  3  6  498  152  585  2196  234
14  3  0  0  1077  1209  367  1093  336
21  2  0  1  561  472  383  1542  319
17  1  0  0  896  612  695  1447  240
23  0  0  0  543  200  681  1715  292
22  0  0  0  406  139  491  2338  267
21  3  3  6  1071  1118  483  1321  268
15  1  0  1  506  294  463  1949  325
17  3  2  4  680  742  281  1322  242
21  1  2  5  844  538  701  1498  242
23  2  0  0  294  236  185  2069  271
20  0  3  6  273  88  328  2148  232
17  1  0  0  336  190  299  2076  304
15  2  0  0  1193  1047  665  1208  323
17  2  3  6  429  411  232  1708  268
21  0  1  3  1428  449  1822  1376  140
22  1  0  0  658  388  589  1836  315
22  3  2  4  455  503  213  1732  324
20  2  0  1  608  440  449  1829  242
15  2  2  5  438  310  354  1786  168
21  1  1  3  237  123  243  2369  320
20  0  1  2  460  194  513  2171  316
23  0  2  5  628  262  676  1509  139
15  2  0  0  1129  954  668  1268  294
21  0  0  0  1122  452  1271  1240  155
15  0  3  6  878  327  1080  1520  246
21  1  1  2  1898  1120  1790  885  246
15  0  0  1  236  97  263  2535  234
21  0  3  7  740  334  781  1721  321
17  2  1  2  287  268  167  1885  239
15  2  2  5  767  552  597  1394  236
22  0  0  0  880  440  929  1667  289
16  0  0  1  527  186  633  2064  309
21  2  1  3  126  114  76  2515  246
16  0  2  4  383  122  439  2146  246
17  0  1  3  248  102  294  2233  257
16  3  1  3  1221  1356  507  1067  287
17  2  3  6  272  234  167  2218  193
21  2  1  2  92  82  57  2290  323
22  0  2  5  768  340  800  1486  308
17  1  1  2  558  366  488  1592  226
14  3  0  1  267  263  125  1933  160
17  2  1  3  349  318  211  1855  322
23  0  2  5  572  167  697  1625  313
22  2  0  1  733  685  468  1388  307
17  3  0  1  1584  1703  647  1068  241
17  3  0  1  817  778  435  1542  301
15  2  3  7  751  567  570  1460  301
16  3  1  2  153  168  63  2271  250
17  1  0  0  302  191  263  1908  257
20  2  1  2  622  463  457  1795  207
22  0  0  0  620  263  705  2020  260
17  3  1  3  264  269  137  1974  214
15  2  0  0  353  252  254  2010  338
21  0  3  7  802  306  904  1671  261
22  0  1  3  526  233  576  1825  256
22  2  0  1  1417  1250  986  988  298
20  3  1  3  839  843  411  1340  271
23  0  0  0  892  451  918  1296  301
15  2  0  1  150  113  96  2412  200
16  0  0  0  266  113  299  2268  219
17  1  1  3  1066  648  970  1283  151
15  0  3  7  426  152  524  2111  280
22  0  2  4  247  83  302  2509  318
21  0  3  7  1623  676  1783  1098  348
15  1  3  7  1616  943  1634  1043  307
23  0  0  1  370  162  402  1887  221
22  0  1  2  201  88  223  2383  259
20  1  3  7  478  285  427  1929  274
16  2  2  5  123  95  73  2334  247
21  0  3  7  249  102  295  2305  164
16  1  3  6  1157  759  956  1326  141
21  1  2  4  1235  615  1214  1252  316
21  0  0  0  1007  388  1162  1348  323
22  0  3  6  353  130  410  2162  309
17  2  1  3  158  117  117  2155  203
17  2  3  6  270  231  165  2262  220
16  0  2  4  1497  676  1509  1116  283
21  0  0  0  1104  503  1185  1271  250
16  2  1  3  324  298  174  1930  316
14  3  1  3  683  798  235  1327  227
21  0  0  1  1116  338  1392  1293  286
20  0  1  2  548  221  626  2117  265
20  0  1  3  615  223  772  1709  320
23  2  2  5  792  635  541  1217  183
21  1  3  7  124  74  111  2510  301
14  1  0  1  418  266  366  1870  298
20  1  2  4  466  280  428  1899  276
15  0  0  1  991  434  1064  1516  359
15  2  1  2  251  211  149  2053  229
14  2  2  4  230  189  153  2166  130
22  3  2  5  178  209  63  2250  208
22  0  3  7  817  392  836  1475  212
20  2  1  2  1228  1138  695  1197  210
23  1  2  4  209  121  194  2127  234
21  2  0  0  182  163  118  2122  235
22  0  1  3  1850  626  2227  993  329
16  1  1  3  446  308  369  1850  266
16  3  0  0  281  285  147  2038  226
17  2  0  1  823  702  494  1555  259
16  2  3  6  736  597  445  1599  305
15  3  2  4  183  200  87  1927  320
21  0  0  1  1212  462  1401  1437  323
20  2  2  5  561  434  384  1645  265
20  2  0  0  529  385  380  1824  263
16  0  0  1  331  152  366  2165  343
17  1  2  4  1471  923  1260  963  331
16  2  0  1  379  301  253  1957  314
17  2  1  3  754  569  585  1457  309
16  1  1  2  677  430  599  1657  300
21  1  2  5  96  68  74  2502  355
16  1  3  7  604  307  589  1774  307
22  0  2  4  796  262  986  1792  231
15  0  3  7  1773  653  2186  1066  333
16  3  2  5  1403  1396  626  1010  200
20  2  1  3  102  88  62  2513  304
21  3  1  3  754  817  314  1556  234
14  1  0  1  661  344  670  1653  319
20  0  0  0  138  66  140  2644  221
20  2  2  4  884  693  606  1413  290
21  0  1  2  779  363  804  1625  321
23  0  0  0  2649  974  3108  711  239
17  2  3  6  774  649  495  1574  220
15  1  3  7  1521  1009  1409  1065  328
14  0  1  3  243  117  226  2089  311
16  3  2  4  458  421  237  1773  219
21  3  1  3  268  255  141  2261  314
20  1  3  6  491  285  448  1737  318
23  0  0  0  943  349  1109  1360  200
21  0  1  3  1715  685  1901  954  217
16  0  2  4  185  48  219  2613  281
14  0  0  1  444  134  521  2200  254
21  2  2  5  756  598  537  1493  296
15  1  2  4  379  264  334  1811  245
17  2  0  0  484  435  267  1836  220
17  3  0  1  814  846  360  1503  324
23  3  2  5  603  658  274  1300  189
17  1  1  3  1133  797  935  1167  293
14  1  2  4  665  510  538  1581  259
16  2  1  3  182  129  135  2286  320
23  2  0  1  544  478  344  1546  216
21  1  2  4  505  263  480  1850  217
15  1  0  1  335  220  279  2128  239
23  2  3  6  341  288  197  2139  258
20  2  0  0  325  228  232  2111  257
20  2  3  6  787  640  495  1370  307
15  1  0  1  192  130  159  2380  228
14  1  3  6  1664  1041  1606  1035  220
14  0  0  0  1033  350  1155  1470  245
20  1  1  2  789  570  641  1561  204
21  2  3  6  943  769  664  1431  193
20  0  3  6  2349  710  2895  837  333
15  0  2  4  603  274  683  1654  268
16  0  1  2  669  302  708  1753  298
21  1  2  5  1521  853  1385  1119  284
22  1  2  5  501  275  470  1927  309
17  0  0  1  196  84  217  2586  361
16  2  2  5  253  187  162  2120  221
15  2  0  1  676  506  467  1667  251
16  0  1  2  936  433  978  1482  182
17  3  2  5  170  159  85  2259  270
20  1  2  4  401  261  345  2016  322
20  0  3  6  98  36  113  2372  332
16  0  3  7  173  67  178  2414  333
16  3  3  7  1327  1332  661  1062  329
17  1  3  6  386  238  336  2090  313
20  1  1  2  2389  1577  2083  880  301
15  1  3  6  1162  740  1109  1215  325
20  3  0  0  482  500  243  1714  321
17  0  0  0  299  100  364  2311  248
20  0  0  0  462  209  489  2041  300
21  1  3  6  472  261  444  2032  298
16  1  3  7  523  273  503  1875  226
21  0  3  6  475  229  479  2118  312
14  0  1  3  1012  485  956  1362  296
23  2  2  4  262  213  183  1902  173
20  1  0  1  296  183  257  2267  206
23  0  0  0  432  207  460  1999  290
22  0  0  1  565  235  639  1823  263
17  0  1  3  400  199  445  1857  216
15  2  3  7  856  700  601  1374  319
21  0  0  1  1618  686  1799  1004  246
21  0  0  0  1772  579  2170  981  247
16  1  0  0  208  151  170  2186  323
14  3  0  0  840  897  337  1234  274
15  0  0  1  413  181  445  2218  299
22  3  2  5  105  105  50  1928  197
20  2  3  6  1377  1178  794  999  337
16  2  2  4  125  107  65  2317  301
21  0  1  2  488  164  612  1918  245
17  0  2  4  370  119  460  1967  207
20  2  1  3  690  625  405  1819  229
21  2  3  6  122  100  88  2581  260
21  3  1  3  344  376  141  2138  221
21  2  2  4  541  445  352  1697  310
22  1  2  4  431  223  404  1964  243
14  2  3  6  695  509  529  1623  203
16  3  1  2  584  676  218  1639  144
17  2  2  4  346  258  250  1829  223
15  3  2  4  185  197  90  1984  272
16  0  1  3  199  115  190  2346  125
23  1  0  0  585  365  522  1470  262
15  0  3  7  1667  796  1862  1070  227
15  0  0  1  660  312  679  1820  313
20  2  0  1  933  741  594  1447  328
23  0  3  7  328  107  398  1968  117
15  0  0  0  1378  618  1466  1266  270
21  3  2  5  142  130  66  2349  124
21  0  0  0  1098  488  1193  1227  142
22  0  2  4  328  146  364  2261  238
15  1  3  6  458  370  387  1728  255
21  1  0  1  1382  865  1212  1023  312
15  0  3  6  1604  591  1974  1104  350
16  1  3  6  507  377  382  1880  294
23  1  3  7  1624  1149  1258  1015  331
20  2  0  0  1172  1016  653  1197  316
16  2  0  0  998  797  687  1260  304
20  1  1  3  438  283  387  2008  299
21  2  0  1  1431  1082  1115  973  281
22  1  2  4  870  477  803  1506  309
15  0  3  6  559  242  655  1840  214
16  1  2  4  230  144  189  2175  182
23  0  3  7  480  211  513  1708  312
14  1  1  2  724  483  611  1505  283
23  3  0  0  217  244  100  1670  259
20  2  0  0  492  422  274  1756  299
22  1  1  2  927  502  871  1418  220
16  1  1  2  728  484  617  1566  227
16  2  3  6  365  306  211  2050  242
15  0  0  1  1204  417  1402  1392  326
16  2  3  7  586  423  413  1625  294
20  2  2  5  678  617  371  1468  289
22  1  1  2  663  445  533  1574  314
17  1  2  4  569  372  469  1538  227
20  0  3  6  229  69  283  2204  177
22  1  0  0  1312  853  1095  1254  196
17  3  2  4  2270  2633  783  674  344
16  2  2  5  2148  1623  1348  796  316
20  0  1  3  1608  553  1934  1182  222
20  0  1  2  808  341  904  1749  204
15  3  1  2  318  312  162  1916  334
15  2  2  5  177  156  100  2057  267
20  0  3  6  292  97  351  2100  309
23  2  2  5  823  750  458  1161  369
17  0  1  2  802  267  1038  1485  230
15  2  0  0  1198  1066  697  1184  194
16  2  3  6  222  152  165  2409  244
23  0  0  1  431  213  445  1861  266
14  3  0  1  301  356  85  1866  320
15  2  2  4  493  410  323  1641  303
15  2  0  1  563  399  407  1837  146
21  0  1  2  233  64  307  2333  216
14  1  0  0  471  328  389  1710  224
20  2  0  0  379  340  206  1994  336
20  1  1  3  958  679  792  1432  209
21  1  3  7  510  325  426  1952  277
17  2  0  1  284  259  157  2250  316
23  3  1  2  210  242  80  1824  217
21  2  2  5  744  695  415  1525  319
16  0  0  0  190  85  205  2345  337
14  1  1  3  1524  1066  1242  969  301
16  1  1  2  416  304  320  1872  330
20  1  2  4  1016  683  785  1272  231
15  1  3  6  344  187  358  2040  243
22  1  2  4  1040  621  905  1413  351
22  3  1  3  435  516  187  1605  266
23  3  1  2  724  751  377  1225  350
23  3  2  5  954  955  511  1010  243
22  0  1  2  953  395  1069  1488  292
16  0  1  3  1126  552  1130  1332  163
22  3  1  3  722  831  338  1354  345
21  0  2  4  520  173  605  1847  272
16  2  3  6  503  443  272  1881  337
15  2  1  2  295  249  170  2007  300
15  0  1  3  545  252  574  1809  233
21  0  2  4  226  104  233  2329  275
22  3  2  4  1026  1016  464  1226  300
20  0  3  6  832  307  955  1425  283
23  3  3  7  204  205  110  1853  261
20  1  1  2  1619  1218  1259  1052  345
17  1  3  6  1108  804  843  1358  345
21  1  0  0  943  539  889  1324  285
20  1  1  3  1043  557  1042  1484  308
23  2  1  2  704  656  387  1265  260
14  3  1  3  290  318  110  1760  240
23  0  0  1  2263  1119  2401  795  320
16  2  2  4  591  464  348  1656  257
15  1  0  1  1651  1166  1314  1051  305
22  2  0  0  967  762  646  1341  277
14  1  2  4  1020  783  815  1281  304
21  1  1  2  1553  851  1539  994  229
20  1  0  0  595  412  468  1713  313
16  2  3  7  1006  787  638  1263  220
23  3  0  1  169  183  83  1917  277
15  3  3  6  358  418  141  1738  328
17  0  1  2  304  133  356  2016  228
20  2  3  6  404  344  239  1752  240
23  0  0  0  1411  703  1454  997  241
16  3  3  6  1525  1510  772  1075  311
20  2  0  1  348  303  188  2011  283
23  0  1  3  513  261  515  1658  245
15  0  1  2  1171  336  1467  1439  156
23  1  1  2  524  311  472  1587  218
17  1  1  3  1255  698  1197  1122  279
15  0  1  3  1544  501  1859  1206  315
23  3  3  7  323  327  166  1702  265
21  2  0  1  1127  886  837  1107  323
14  0  0  1  944  391  978  1460  280
17  1  0  1  895  578  771  1476  334
17  3  0  1  531  599  187  1842  309
17  0  1  3  514  267  553  1783  153
16  2  1  3  1889  1453  1299  881  159
21  3  2  5  192  195  90  2284  324
16  2  1  2  684  559  437  1582  263
20  2  3  6  1207  910  828  1078  225
17  1  0  0  387  216  355  2067  320
16  1  1  3  265  145  254  2255  300
16  1  1  2  622  410  533  1663  178
17  1  0  1  261  154  231  2408  256
14  1  2  4  578  360  550  1706  248
17  3  2  4  1564  1646  715  876  272
17  1  3  6  924  475  908  1546  301
21  1  0  1  731  518  572  1412  249
21  3  0  1  576  598  266  1573  201
22  0  3  6  485  167  565  1997  196
16  2  3  7  781  665  450  1427  270
22  1  2  5  1026  637  870  1415  273
23  2  0  0  1230  1038  736  1166  326
16  3  1  2  1079  1085  558  1184  191
16  2  2  5  629  532  329  1551  193
20  0  3  7  141  60  147  2634  315
14  0  1  2  517  252  481  1873  241
15  1  2  5  701  432  677  1505  255
17  0  0  0  743  311  822  1586  170
22  0  2  4  190  86  207  2428  196
20  0  3  6  373  184  399  1880  222
22  0  0  1  542  278  563  1770  302
14  1  3  6  1421  947  1304  1089  333
23  3  2  4  551  572  279  1398  210
22  0  0  1  1194  599  1256  1234  275
21  2  2  4  1980  1661  1284  859  321
17  3  1  2  206  205  116  2012  314
21  1  1  3  343  185  342  2230  253
15  0  2  5  238  115  269  2181  241
22  1  0  1  1424  860  1259  1095  254
22  1  0  0  604  342  546  1861  306
20  1  2  4  611  381  548  1704  264
21  2  1  3  983  895  613  1380  311
16  1  3  6  1155  840  881  1301  342
15  1  3  6  574  370  537  1662  320
16  3  2  4  210  222  72  2144  144
21  0  3  6  1122  552  1140  1423  168
17  3  0  0  276  280  132  2031  228
17  1  3  6  231  136  206  2339  354
16  0  3  6  304  105  344  2532  271
17  3  1  2  1032  1040  567  1160  310
22  0  1  2  180  67  204  2391  263
22  1  0  0  1100  602  1117  1258  314
20  2  1  3  756  638  485  1578  185
21  1  0  1  576  311  560  1587  250
14  1  3  6  1148  794  1021  1272  208
22  1  3  6  476  275  396  1833  227
17  1  1  2  1147  694  1064  1159  307
17  3  2  4  723  812  277  1330  321
23  0  0  1  1940  622  2391  995  340
23  0  0  0  797  274  959  1419  144
20  0  3  7  786  281  919  1733  248
15  2  1  3  847  685  531  1362  306
23  2  3  7  817  640  572  1153  268
16  2  0  0  277  246  165  2059  300
16  0  2  5  1212  385  1410  1353  282
22  0  0  1  2555  853  3129  845  330
21  0  1  3  415  131  535  2324  229
20  0  3  6  628  293  660  1610  202
15  0  0  1  625  291  653  1860  334
15  2  3  6  181  164  107  2094  276
15  2  1  3  157  132  87  2286  299
21  2  1  2  153  115  104  2331  248
15  0  2  4  1413  582  1692  1103  228
22  1  1  2  181  109  155  2242  311
17  2  1  3  1334  1279  748  1039  294
17  1  3  6  530  331  458  1840  255
14  0  3  6  1414  483  1690  1380  260
15  1  2  4  2295  1299  2356  771  299
20  1  0  1  1549  1033  1267  1160  111
21  2  1  3  450  387  253  1812  221
14  1  0  0  942  590  849  1302  259
16  0  0  0  308  121  355  2196  265
17  0  1  3  902  426  1024  1423  324
20  1  2  4  256  170  215  2173  314
21  3  2  4  98  95  43  2325  288
16  0  2  4  1530  654  1587  1125  212
23  2  1  2  326  306  175  1681  269
23  2  2  4  834  626  615  1222  313
21  1  0  1  1133  733  975  1153  270
21  0  2  4  914  297  1082  1570  271
22  1  3  6  1140  573  1048  1313  300
22  1  2  4  2265  1262  2068  951  285
15  1  2  5  85  61  68  2333  204
20  1  1  2  726  437  677  1736  256
20  0  3  6  336  141  369  2004  249
22  3  1  2  558  584  251  1648  370
15  3  3  6  203  234  81  1980  244
17  1  0  1  1050  750  781  1426  255
14  2  1  3  547  382  395  1666  125
16  1  3  6  657  348  627  1851  271
20  1  2  4  1227  820  1039  1155  267
23  2  1  2  357  318  215  1634  251
16  2  2  5  264  236  128  2095  357
22  0  1  2  1734  881  1791  1005  263
21  3  0  1  324  375  108  1875  270
23  0  3  7  215  91  235  2081  223
14  0  1  3  387  151  395  2096  250
17  0  2  4  798  374  880  1380  240
17  3  0  0  559  625  204  1605  271
14  3  0  1  775  842  296  1284  333
15  0  1  2  1386  652  1451  1197  315
15  2  1  2  906  817  488  1305  258
17  2  0  1  134  112  77  2543  254
22  2  0  1  798  670  593  1388  321
22  0  2  4  965  457  1040  1493  249
15  0  2  5  679  296  793  1612  176
14  0  2  5  442  159  492  1851  184
21  0  0  1  329  113  388  2064  304
16  0  3  6  2028  911  2094  1016  244
17  3  0  0  389  434  143  1856  148
17  1  1  3  326  198  297  1970  259
16  1  2  4  378  205  350  2032  264
16  2  3  6  387  283  269  2127  224
22  1  3  6  2115  1093  1909  896  287
23  0  0  1  671  329  692  1588  176
14  0  2  4  199  92  196  2413  257
23  3  2  4  705  718  371  1275  290
16  1  1  2  1303  762  1223  1197  317
17  0  3  6  1037  454  1165  1466  285
15  0  3  6  1006  442  1160  1410  284
21  1  3  6  1635  899  1539  1167  234
22  3  2  5  207  233  87  2165  298
17  3  1  2  1322  1460  588  990  320
20  2  1  3  579  488  376  1750  197
15  2  0  1  110  93  60  2426  298
22  1  2  5  417  269  343  1968  292
22  1  0  1  1196  813  972  1209  283
17  0  2  4  432  198  475  1782  239
17  2  0  0  2223  1995  1243  795  340
15  1  1  2  1261  851  1049  1192  317
21  3  1  2  758  827  308  1354  334
14  1  1  3  2011  1472  1571  812  321
20  1  3  7  693  448  579  1634  252
17  1  2  4  590  400  474  1561  339
15  0  1  2  1432  618  1552  1104  266
21  1  2  5  1140  696  984  1314  269
23  3  0  1  628  667  320  1356  320
17  3  2  4  1194  1298  502  991  356
22  1  0  1  315  189  281  2039  234
14  3  0  0  631  621  308  1431  327
14  1  0  1  349  198  337  1942  277
16  2  1  3  679  629  354  1526  256
21  2  0  1  857  721  593  1259  327
21  1  1  3  1531  942  1408  1184  265
21  2  0  0  811  627  615  1386  206
23  2  0  1  996  891  610  1145  290
16  3  0  1  450  489  201  1791  288
22  1  2  4  895  523  785  1484  219
22  1  1  3  555  305  510  1732  301
15  1  0  1  349  218  308  2085  333
16  0  1  3  449  142  529  2001  275
20  0  1  2  574  186  697  2130  268
16  0  1  3  929  344  1059  1509  195
16  2  3  7  1253  890  897  1148  340
22  2  1  3  1420  1192  1041  1000  316
20  2  3  6  484  344  352  1642  315
20  0  0  0  981  344  1089  1481  295
20  0  3  7  184  87  194  2477  322
20  1  3  6  389  257  322  1754  237
22  1  1  3  155  87  143  2233  290
22  0  1  3  279  104  328  2180  252
23  0  0  1  304  120  350  2207  278
16  0  0  1  698  221  871  1844  345
16  1  1  3  639  432  543  1622  237
21  0  0  1  113  49  132  2223  314
21  1  2  4  241  131  253  2260  235
15  2  3  7  266  246  156  2030  300
16  3  2  4  289  313  94  1972  334
23  0  0  0  1375  552  1560  1081  185
20  1  2  4  979  527  965  1425  316
21  1  3  7  611  429  483  1727  352
17  0  1  3  775  318  937  1554  184
22  2  0  1  922  879  581  1217  221
23  0  1  2  114  55  121  2207  264
17  3  0  0  918  1006  361  1313  313
14  1  2  4  1209  776  1131  1205  245
15  0  2  4  1090  441  1308  1268  289
16  1  2  4  108  66  84  2476  209
16  3  3  6  228  239  94  2348  261
22  2  0  1  310  262  226  1944  266
22  2  3  6  1391  1031  1047  1048  293
20  0  2  4  279  108  322  2343  267
16  2  3  6  1305  978  889  1252  308
15  1  3  7  134  84  123  2418  130
17  0  0  0  2691  968  3175  787  273
15  2  2  5  377  295  268  1801  239
21  1  2  5  1049  702  839  1317  312
21  2  1  2  53  38  42  2373  192
15  2  3  7  939  705  730  1326  161
23  3  1  3  599  705  227  1377  320
17  2  2  4  2511  2074  1644  649  257
21  3  0  1  1324  1300  686  1011  325
23  3  0  0  1307  1449  604  822  321
22  0  1  3  153  71  163  2246  219
15  1  3  6  221  129  226  2186  304
20  2  3  6  931  796  538  1239  318
16  2  2  4  1520  1315  946  891  324
23  1  2  4  938  518  887  1287  266
16  3  0  0  636  746  230  1542  301
21  1  2  5  431  265  394  1788  354
16  0  2  5  278  140  266  2266  277
21  3  1  3  1415  1543  578  1125  334
20  2  3  6  1326  1216  684  994  329
20  0  0  1  123  43  141  2835  276
16  1  1  3  425  266  377  1858  115
22  0  0  1  847  321  997  1520  317
21  2  0  1  360  340  202  1788  327
15  0  0  0  328  157  335  2270  248
21  0  3  6  448  209  460  2146  337
17  2  1  2  763  640  515  1415  250
16  0  0  1  1450  704  1549  1152  314
22  3  2  4  827  948  351  1330  238
15  2  0  1  558  452  355  1736  263
21  3  1  2  442  465  194  1754  156
22  0  2  4  932  351  1104  1572  289
23  0  1  3  598  187  723  1768  197
20  0  0  1  948  412  1031  1617  258
15  1  0  0  411  214  406  2087  239
21  1  1  3  1080  552  1128  1393  339
14  1  1  2  790  463  737  1482  320
21  3  1  3  103  100  60  2529  304
22  3  3  7  546  535  293  1514  208
16  0  3  6  669  267  725  1892  316
23  1  2  4  816  439  770  1374  277
21  1  2  4  896  610  710  1398  222
17  1  2  4  1483  879  1328  962  190
14  0  2  5  472  204  495  1737  307
15  3  2  4  256  238  155  1858  258
23  3  3  7  287  334  113  1777  338
21  1  1  3  483  325  414  2012  314
20  2  1  2  334  255  247  2090  333
15  1  1  3  547  295  547  2034  234
15  0  0  1  626  292  650  1837  349
23  3  0  1  1087  1107  528  1172  226
15  1  3  6  245  135  250  2185  313
15  2  2  5  146  106  115  2162  269
23  2  3  7  604  530  361  1371  277
16  3  3  7  152  141  86  2293  283
23  2  2  5  1346  1117  738  1084  262
16  2  1  3  327  240  229  1999  261
23  3  1  2  160  182  67  1875  315
20  0  3  6  350  117  416  2005  307
21  1  3  7  806  549  646  1588  310
17  0  1  2  1281  596  1464  1108  186
22  1  3  7  1339  897  989  1056  306
23  0  1  2  981  352  1133  1400  310
20  1  2  5  211  133  183  2111  302
21  0  2  4  883  334  990  1617  279
23  0  1  3  2002  587  2456  908  329
16  1  0  1  1531  861  1534  1084  279
20  1  2  5  204  119  176  2063  285
17  0  1  3  873  351  1060  1439  165
21  3  1  2  390  408  179  1834  269
22  0  1  2  2059  971  2201  909  320
17  0  1  2  315  153  352  1948  267
21  0  0  0  1156  473  1305  1221  293
23  0  0  0  1636  808  1695  938  318
16  3  1  3  739  787  338  1371  162
16  3  3  6  755  775  358  1526  205
23  0  2  5  1388  628  1452  1000  323
20  2  3  7  793  595  546  1510  259
17  3  1  3  1040  1110  504  1152  305
14  1  0  1  339  206  309  1997  313
14  3  0  1  676  673  322  1417  317
22  3  3  6  311  335  135  1854  248
22  1  1  3  625  318  651  1794  334
20  2  0  1  323  247  214  2171  320
16  1  2  5  765  396  727  1579  207
23  0  3  7  1178  493  1284  1137  224
17  1  1  2  2403  1419  2271  735  286
21  2  3  6  532  407  408  1884  246
14  0  3  6  827  370  884  1681  295
23  2  0  1  901  815  532  1159  240
20  1  1  3  640  389  593  1791  208
20  0  3  7  173  69  202  2598  292
23  3  1  3  82  87  37  2100  270
21  2  1  2  171  145  120  2137  267
21  1  3  7  180  85  180  2459  203
23  0  2  4  391  109  471  1988  236
22  2  0  0  968  941  597  1391  144
20  2  0  0  367  330  196  1957  231
21  1  2  5  613  353  546  1714  275
15  1  3  6  486  309  466  1799  181
20  0  3  6  1691  538  2049  996  226
17  0  0  0  145  65  160  2487  209
20  0  0  0  351  140  397  2260  298
20  0  1  3  169  71  185  2654  308
20  2  3  6  433  381  239  1679  241
21  1  0  1  133  95  103  2199  330
20  2  0  1  1087  886  668  1321  344
20  1  1  3  952  577  882  1485  330
22  2  0  1  422  358  317  1741  241
21  0  2  4  941  300  1113  1602  175
16  0  3  7  1004  384  1108  1482  332
15  3  3  7  1257  1376  622  1063  333
16  2  1  3  1321  1155  767  1070  334
16  1  3  7  966  585  854  1339  384
17  0  1  2  1248  494  1526  1148  176
15  0  1  2  897  438  925  1428  198
20  2  3  7  417  370  227  1967  330
14  0  1  3  1424  508  1510  1282  250
14  0  3  6  1766  691  1999  1225  277
16  3  1  2  1275  1275  670  1078  349
20  2  2  4  1464  1237  908  1034  270
