14  1  1  3  2516  1383  2382  700  292
21  0  3  7  2661  1321  2674  800  293
21  0  0  1  2713  917  3277  748  303
17  0  3  6  2647  1062  3090  806  313
21  0  0  0  2649  1237  2807  709  253
20  0  0  1  2679  1017  3052  871  342
15  0  2  5  2652  1207  3025  725  316
20  0  2  5  2601  954  3071  798  284
17  0  0  1  2457  926  2864  966  181
17  2  1  2  2755  2564  1623  624  355
20  0  0  0  2677  922  3235  875  348
23  0  3  7  2439  1076  2577  700  231
21  0  3  6  2739  1197  2931  808  339
20  0  3  6  2629  1158  2838  706  296
20  0  3  6  2629  1158  2838  706  296
14  1  2  4  2461  1882  1951  721  286
14  1  2  4  2567  1664  2341  703  328
16  0  3  7  2702  1111  2898  786  329
20  1  0  1  2615  1804  2056  816  329
14  3  0  0  2447  2337  1304  625  314
15  1  2  5  2474  1662  2230  766  227
16  3  3  6  2512  2587  1169  745  357
21  0  2  4  2714  1194  2860  794  329
21  1  0  0  2718  1531  2555  714  327
21  0  1  3  2583  930  3149  886  220
16  1  2  5  2538  1646  2043  755  272
20  0  3  7  2682  1244  2827  814  343
16  3  3  7  2481  2533  1179  697  351
23  0  3  7  2506  808  2987  733  289
14  1  1  3  2547  1874  1934  668  351
14  1  3  6  2553  1683  2328  782  340
16  0  2  4  2689  832  3137  824  323
17  0  2  4  2558  1080  2915  704  249
15  2  0  1  2649  2354  1463  701  361
14  1  2  4  2523  1736  2199  731  350
14  3  2  4  2338  2778  869  667  272
16  2  0  0  2568  2355  1436  696  263
16  2  2  5  2662  2146  1522  687  343
23  2  1  2  2209  1929  1384  656  312
16  3  1  3  2351  2785  812  735  298
15  1  0  0  2598  1867  2027  775  358
23  3  1  2  2096  2407  876  630  272
14  0  2  5  2764  1231  2857  712  314
16  1  0  0  2605  1454  2624  772  324
16  3  2  5  2450  2506  1018  683  327
20  0  2  4  2658  1354  2746  738  321
14  0  3  6  2760  1184  3004  837  338
20  1  0  1  2612  1566  2312  781  320
21  0  3  6  2651  1175  2820  893  273
15  2  3  7  2628  2059  1938  696  287
16  1  2  5  2621  1640  2176  718  346
20  1  0  0  2492  1275  2451  827  177
16  1  3  7  2629  1741  2153  708  343
16  1  3  7  2629  1741  2153  708  343
16  0  0  0  2710  838  3408  851  356
21  1  2  4  2713  1576  2402  722  332
23  0  1  3  2653  1216  2782  688  339
21  1  1  3  2725  1405  2796  794  333
15  2  3  6  2710  2068  2049  685  356
14  1  2  4  2591  1735  2301  697  356
21  1  3  6  2671  1695  2259  784  285
22  1  3  7  2635  1810  2114  762  360
16  3  2  5  2442  2491  1028  695  306
20  1  0  1  2583  1555  2278  776  260
16  2  2  4  2665  2093  1582  691  332
21  1  0  0  2715  1568  2513  691  344
14  1  2  4  2551  1724  2249  757  355
20  0  3  6  2665  1154  2906  729  333
17  3  1  2  2590  2880  1141  627  333
20  1  0  0  2623  1517  2377  758  292
22  3  3  6  2391  2538  1107  667  319
20  1  2  4  2516  1836  1980  701  242
16  2  1  3  2647  2156  1689  688  325
16  1  0  0  2663  1492  2670  731  357
21  1  0  1  2611  1340  2603  696  226
20  0  0  0  2609  1089  2857  825  281
21  0  3  6  2734  1255  2863  821  337
21  0  0  0  2705  1342  2774  689  323
16  2  0  0  2656  2428  1498  692  353
15  2  0  1  2695  1997  1898  730  358
15  2  2  4  2600  2253  1606  652  329
15  1  2  4  2588  1702  2369  673  310
15  0  1  3  2575  730  3218  877  251
21  0  1  3  2652  1302  2830  822  262
15  2  1  2  2620  2003  1766  677  292
22  2  0  1  2267  2108  1312  658  331
23  2  3  7  2227  1601  1703  635  302
14  0  3  6  2613  852  3155  936  196
14  0  3  6  2613  852  3155  936  196
14  1  2  4  2525  1468  2474  757  308
14  0  3  6  2701  1085  3016  882  280
20  1  0  0  2529  1821  1920  763  270
15  2  0  0  2578  2214  1504  749  280
15  2  0  0  2631  2237  1553  702  347
14  0  2  4  2712  923  3100  859  304
15  2  1  3  2700  1989  1905  708  353
20  1  2  5  2578  1489  2444  741  274
20  1  2  5  2578  1489  2444  741  274
21  1  2  4  2653  1578  2316  715  283
14  1  3  6  2532  1833  2115  751  359
21  0  2  4  2640  852  3122  839  241
20  1  0  1  2626  1508  2398  800  302
16  3  0  1  2484  2737  1105  686  357
16  3  2  4  2389  2236  1219  749  251
23  3  2  4  2079  2249  947  659  207
23  3  2  4  2079  2249  947  659  207
14  3  0  0  2412  2706  824  657  356
20  0  1  2  2590  1196  2791  851  264
14  1  3  6  2582  1380  2708  792  347
16  0  3  7  2640  1256  2652  801  313
21  1  3  6  2681  1853  2102  787  345
23  3  1  2  2103  2301  997  617  295
16  3  2  4  2356  2402  993  697  225
15  1  2  4  2543  1754  2256  667  299
16  2  3  6  2588  2290  1396  760  261
17  2  2  4  2759  2168  1905  601  319
23  1  1  2  2326  1368  2119  682  156
21  1  0  1  2559  1653  2169  687  179
16  1  0  1  2557  1674  2303  766  277
21  1  0  0  2723  1609  2476  672  338
20  1  0  1  2641  1681  2234  808  345
15  1  1  2  2620  1318  2658  752  313
15  1  1  2  2620  1318  2658  752  313
23  1  0  1  2478  1529  2244  732  298
21  0  1  2  2681  831  3425  778  281
16  0  0  1  2650  874  3274  845  306
20  1  1  2  2636  1623  2403  789  314
20  1  1  3  2624  1538  2477  773  310
16  1  3  6  2642  1367  2571  811  324
15  1  0  0  2584  1597  2295  759  302
15  0  1  3  2684  1075  2995  791  340
14  2  2  4  2538  1940  1832  743  268
17  2  1  3  2791  2112  2164  646  324
23  0  0  1  2710  1356  2798  693  366
15  2  1  3  2554  2170  1491  712  256
14  1  1  3  2540  1691  2106  681  351
21  1  0  1  2734  1418  2713  666  342
15  2  3  7  2659  2259  1756  677  352
14  1  0  0  2559  1604  2256  678  349
16  3  0  0  2524  2600  1303  666  364
16  3  3  6  2288  2631  807  816  203
20  0  2  4  2639  1083  2993  805  266
22  3  3  7  2462  2517  1239  672  370
16  2  3  7  2638  2168  1587  718  310
20  1  2  4  2554  1378  2521  756  251
23  0  3  7  2604  1106  2814  698  340
22  1  3  7  2997  2008  2226  628  346
14  3  1  2  2322  2582  904  668  231
21  0  1  2  2691  1061  3169  739  306
22  1  0  1  3006  1733  2705  672  297
21  0  2  4  2606  996  2919  783  220
15  2  1  3  2486  2066  1513  738  196
21  0  2  4  2566  1207  2624  828  205
16  1  3  7  2602  1511  2367  753  346
16  3  2  4  2413  2504  971  702  309
20  1  0  1  2647  1478  2468  798  315
23  0  0  1  2637  951  3127  781  305
16  1  0  1  2632  1721  2379  734  358
20  1  0  1  2595  1841  1990  784  327
14  0  0  0  2685  915  2995  824  265
20  1  1  2  2587  1524  2430  836  256
15  0  1  2  2667  1280  2744  772  355
14  0  1  2  2672  769  3018  877  254
15  2  0  1  2659  2100  1733  719  329
21  1  3  6  2618  1550  2335  821  241
21  1  1  3  2662  1868  2162  814  327
14  1  1  3  2546  1419  2402  727  302
16  1  0  1  2599  1364  2707  797  304
21  1  3  6  2576  1841  1962  799  259
16  2  0  1  2653  2369  1561  703  354
22  3  2  5  2394  2524  1295  703  279
20  1  2  4  2524  1503  2349  789  216
15  1  1  2  2572  1576  2302  746  279
14  3  0  1  2416  2720  817  640  365
16  3  3  6  2419  2629  993  775  327
20  0  2  5  2595  1038  2979  732  257
15  1  0  1  2597  1699  2207  746  322
14  0  2  4  2672  979  2986  828  239
15  1  1  3  2607  1704  2227  732  328
21  1  1  2  2729  1383  2830  711  306
22  0  3  6  2859  1389  2910  734  303
15  0  2  4  2627  1058  3146  720  262
14  1  1  3  2514  1694  2073  723  307
15  1  0  0  2587  1737  2154  755  332
14  0  1  3  2599  759  2961  807  200
15  2  1  2  2531  2244  1379  675  248
14  0  2  5  2758  978  3115  723  343
16  2  2  5  2618  2095  1517  693  328
14  1  1  3  2555  1416  2406  726  348
15  2  3  6  2669  2171  1884  656  357
20  1  1  2  2631  1702  2310  786  301
21  1  3  6  2707  1608  2406  784  337
14  1  3  7  2505  1858  2049  683  341
14  1  3  7  2505  1858  2049  683  341
21  1  3  6  2699  1722  2278  773  338
16  3  3  6  2324  2635  848  797  249
14  0  3  6  2663  995  3068  924  251
16  0  0  1  2654  982  3163  835  290
14  2  3  6  2564  1888  1915  761  256
16  2  0  0  2707  1948  2081  722  335
23  2  1  3  2209  1770  1540  667  245
15  2  1  3  2632  1836  1970  713  274
21  1  1  2  2593  1484  2495  736  226
21  1  0  1  2701  1731  2318  654  337
20  1  2  5  2519  1814  2010  690  259
15  2  2  4  2572  2162  1676  670  286
14  0  1  2  2606  1094  2599  782  190
20  0  2  5  2613  784  3279  780  276
16  3  1  3  2494  2607  1204  672  356
15  0  2  4  2701  802  3570  758  328
20  1  1  3  2602  1653  2312  810  301
20  1  0  1  2553  1497  2305  821  265
21  1  3  6  2706  1626  2388  776  305
20  1  3  6  2585  1811  2036  647  306
23  2  2  5  2266  1938  1404  641  334
16  2  1  2  2644  2044  1800  724  285
14  0  2  4  2754  1169  2906  766  325
15  1  1  2  2518  1482  2324  728  218
17  0  1  3  2573  1375  2755  696  267
21  1  2  4  2675  1722  2196  710  321
22  0  1  3  2751  1204  3037  752  179
20  0  1  2  2706  863  3317  874  354
16  3  2  5  2525  2328  1318  679  342
14  1  0  0  2584  1627  2266  666  360
14  0  3  6  2740  1144  3013  879  331
14  3  3  6  2382  2738  855  690  314
15  2  1  3  2588  1871  1868  748  264
16  3  2  5  2447  2722  801  685  372
21  1  0  0  2708  1376  2720  754  319
22  3  3  6  2416  2697  993  647  333
15  0  2  4  2610  778  3453  773  247
20  0  2  4  2658  1339  2760  747  329
22  1  0  0  2972  1669  2734  768  246
23  1  1  3  2444  1261  2414  707  248
16  2  0  1  2638  2434  1464  740  337
17  0  3  6  2621  1134  2978  797  311
16  2  0  1  2632  2067  1844  707  260
15  2  0  0  2569  1905  1810  781  235
21  0  0  1  2554  1040  2889  739  182
16  3  1  2  2403  2887  792  744  333
16  1  0  0  2556  1568  2418  731  275
16  3  1  2  2478  2430  1347  702  326
21  1  3  7  2697  1429  2585  772  325
16  3  3  6  2413  2513  1103  759  301
16  3  2  5  2513  2430  1198  670  371
22  3  2  4  2353  2706  1051  704  302
15  2  3  7  2569  2048  1852  713  266
16  1  2  5  2642  1541  2320  745  352
16  2  3  7  2634  2134  1620  716  313
15  2  3  6  2613  2487  1470  653  345
21  2  1  2  2711  2477  1666  639  235
15  2  2  5  2535  2046  1745  723  277
16  1  0  1  2581  1891  2116  720  322
21  1  2  5  2632  1638  2226  747  279
23  0  0  0  2516  962  2923  770  186
17  0  1  2  2651  1002  3299  720  350
21  1  0  0  2711  1548  2532  723  328
15  1  2  4  2546  1335  2732  727  268
15  2  0  1  2570  2227  1475  706  278
16  1  0  0  2581  1513  2522  751  293
20  0  1  3  2643  1380  2691  813  311
15  2  2  5  2689  1973  2073  646  348
22  3  2  5  2434  2616  1272  742  359
15  1  2  5  2490  1670  2244  700  231
15  1  2  5  2490  1670  2244  700  231
16  3  2  5  2460  2280  1279  692  289
20  1  0  1  2670  1498  2478  755  326
16  3  3  7  2317  2547  929  735  225
23  0  0  0  2629  798  3289  745  286
16  3  0  1  2349  2568  1066  749  222
21  1  2  4  2699  1603  2354  752  345
20  1  1  3  2662  1591  2477  785  350
14  1  0  0  2500  1593  2180  702  308
21  0  3  6  2691  1198  2867  845  305
14  1  0  0  2529  1642  2168  695  308
14  1  0  0  2529  1642  2168  695  308
21  1  2  4  2725  1454  2569  731  350
15  2  1  2  2673  1928  1930  692  331
15  2  2  4  2673  2171  1816  619  352
16  3  1  3  2418  2466  1230  691  275
21  1  2  4  2664  1493  2414  726  308
15  1  3  7  2595  1866  2242  711  341
16  1  0  1  2494  1836  2036  765  238
21  0  2  5  2746  1098  3027  786  351
14  1  3  6  2472  1751  2113  781  303
14  3  1  2  2396  2833  770  653  332
23  3  1  3  2126  2427  894  657  320
23  2  3  7  2194  1849  1379  677  286
14  3  1  2  2391  2746  849  685  346
17  0  0  1  2622  988  3068  852  313
15  1  0  1  2480  1723  2008  807  242
16  1  1  2  2629  1674  2322  768  362
15  2  0  0  2649  1962  1869  761  332
14  0  2  5  2773  1352  2749  646  347
14  0  2  5  2773  1352  2749  646  347
15  1  3  6  2504  1911  2034  715  264
14  3  2  5  2339  2752  896  611  264
21  0  2  4  2685  1243  2763  762  277
16  3  2  4  2351  2448  938  704  236
20  0  2  4  2495  792  3087  873  150
14  1  2  5  2506  1701  2209  636  315
14  0  3  6  2787  1068  3138  862  365
16  2  2  5  2679  1938  1771  698  323
14  0  1  3  2766  853  3073  826  352
14  1  0  0  2516  1444  2368  711  314
22  3  3  7  2401  2693  971  607  345
22  3  3  7  2401  2693  971  607  345
20  1  3  6  2599  1827  2045  654  324
16  3  3  6  2442  2816  853  800  376
16  3  1  2  2447  2693  1046  751  374
21  0  0  1  2743  1349  2841  693  353
14  1  2  4  2545  1623  2344  737  354
16  3  2  5  2349  2666  712  757  291
21  1  3  6  2601  1832  2015  797  275
16  3  0  0  2345  2653  978  695  238
14  0  2  5  2643  1209  2700  698  245
16  3  3  7  2363  2466  1076  706  233
16  1  0  0  2494  1708  2184  764  243
21  1  3  7  2677  1397  2590  793  315
20  0  1  2  2674  929  3191  858  337
21  1  1  3  2679  1654  2444  787  310
14  0  0  1  2609  986  2804  848  207
14  0  0  1  2609  986  2804  848  207
21  1  1  3  2673  1739  2331  756  316
17  2  3  6  2732  2268  1765  743  303
23  0  1  2  2536  824  3029  720  225
16  3  3  7  2520  2539  1241  663  361
15  1  3  6  2474  1751  2161  714  219
15  2  1  2  2654  2077  1747  668  340
21  1  3  7  2594  1840  1994  782  263
15  1  0  1  2576  1585  2307  796  300
14  1  1  3  2463  1666  2022  715  285
16  3  2  4  2395  2410  1038  693  242
14  2  3  6  2639  2115  1771  737  352
16  0  0  0  2710  854  3399  830  352
20  1  0  1  2630  1612  2291  764  300
20  1  2  5  2651  1479  2565  720  355
16  2  3  6  2711  2011  1855  766  350
15  1  2  4  2593  1522  2582  712  307
21  1  2  5  2504  1358  2331  793  120
16  0  2  4  2591  849  2977  841  216
21  0  3  7  2536  1202  2613  852  181
16  3  2  5  2479  2483  1088  677  358
14  2  2  5  2606  1941  1929  659  307
16  3  1  2  2439  2717  1013  717  347
16  1  3  7  2561  1803  2006  741  297
16  2  1  3  2512  2327  1329  728  217
20  0  0  1  2631  930  3080  865  300
16  2  2  4  2628  1913  1716  735  296
14  0  0  1  2659  1357  2624  762  332
20  1  2  5  2650  1706  2319  692  343
23  1  3  7  2377  1302  2236  684  345
15  2  1  2  2647  2010  1807  695  307
16  3  0  0  2442  2613  1168  682  328
21  1  1  3  2694  1889  2196  734  337
15  2  2  5  2571  2226  1602  669  277
15  2  2  4  2624  1876  2079  646  279
20  1  0  1  2574  1651  2172  776  295
23  0  2  4  2659  1000  2993  748  332
20  1  3  7  2552  1797  2003  728  278
16  2  0  0  2554  2357  1422  696  246
15  2  0  0  2609  2283  1476  732  310
16  1  0  0  2528  1366  2592  789  223
14  1  2  5  2530  1803  2154  610  323
16  3  1  2  2447  2830  914  703  357
16  3  1  2  2447  2830  914  703  357
14  1  2  5  2604  1499  2567  631  358
14  0  0  0  2721  1218  2707  723  284
21  1  0  1  2661  1604  2397  661  279
16  3  3  6  2336  2655  857  809  244
14  0  2  5  2742  1319  2736  653  317
20  1  0  1  2638  1660  2261  796  334
14  3  0  1  2424  2791  758  669  369
16  2  3  6  2526  2258  1343  763  222
15  1  1  3  2621  1548  2414  733  333
22  3  2  5  2315  2741  957  753  262
14  3  1  2  2328  2752  748  661  287
21  0  0  0  2727  850  3385  812  339
20  0  1  2  2652  1313  2767  827  340
22  1  2  5  3010  1608  2842  769  325
16  2  3  7  2601  2297  1412  719  302
15  2  0  0  2546  1872  1806  753  202
23  0  0  1  2597  903  3109  790  258
20  1  0  1  2495  1687  2000  834  200
22  1  1  2  2937  2120  2209  680  255
14  0  0  1  2730  841  3152  774  289
16  2  3  6  2554  2278  1367  778  236
15  2  3  6  2596  2364  1552  665  310
21  1  3  6  2670  1547  2415  817  298
22  0  0  1  2848  929  3502  765  241
14  0  0  1  2755  1168  2815  748  322
14  0  0  1  2755  1168  2815  748  322
20  1  2  4  2630  1351  2656  772  300
23  1  0  1  2343  1504  2054  742  192
16  2  0  0  2703  1939  2088  696  319
16  2  0  0  2633  1903  2021  724  251
16  2  1  2  2703  2054  1880  714  354
20  1  0  1  2581  1568  2264  860  290
16  0  3  7  2661  838  3120  801  276
20  1  0  0  2606  1614  2260  748  288
21  1  3  6  2700  1633  2375  803  337
22  3  1  3  2412  2926  993  627  350
16  3  0  1  2348  2742  887  740  261
15  2  1  2  2642  2114  1689  690  349
16  0  1  3  2620  918  3025  848  272
15  1  0  0  2580  1586  2305  764  293
21  0  0  1  2732  1128  3064  696  321
15  0  1  2  2628  886  3130  834  299
23  0  1  3  2631  814  3258  869  291
15  1  3  6  2603  1895  2224  699  359
16  2  3  7  2654  2001  1784  704  306
15  2  3  6  2603  2325  1617  663  285
15  2  3  6  2603  2325  1617  663  285
16  2  1  2  2613  2192  1611  712  261
17  3  0  1  2574  2761  1075  766  260
15  1  3  6  2579  1720  2367  706  314
16  3  2  5  2485  2432  1155  682  349
22  3  0  1  2380  2968  921  651  360
16  2  1  3  2629  1912  1911  743  278
16  3  2  5  2462  2337  1227  722  334
16  1  3  7  2589  1859  1995  710  337
17  0  3  6  2597  846  3261  841  276
22  2  2  4  2612  2247  1841  717  214
21  1  0  0  2532  1547  2251  712  136
16  2  0  0  2561  2289  1511  710  277
22  0  3  6  2817  1148  3105  756  206
20  0  0  0  2585  900  3045  880  267
20  1  0  1  2613  1759  2112  756  315
16  2  3  6  2512  2057  1535  776  170
16  2  1  2  2571  2274  1467  713  244
23  0  2  5  2662  900  3109  726  311
14  3  1  2  2400  2629  979  663  319
16  0  1  2  2516  1150  2638  850  207
23  0  0  1  2692  1185  2952  732  354
21  1  0  1  2553  1778  2027  707  212
16  1  3  6  2632  1421  2506  820  324
16  1  3  6  2632  1421  2506  820  324
23  0  3  7  2531  1059  2743  665  297
20  1  3  6  2633  1861  2054  654  350
20  1  0  0  2640  1743  2171  716  337
16  3  3  6  2368  2712  848  784  301
14  0  0  1  2592  1009  2756  801  165
16  2  0  0  2603  2202  1654  714  309
21  1  0  1  2662  1827  2149  676  322
21  0  1  3  2649  957  3229  890  271
14  0  3  6  2753  953  3264  925  348
16  0  0  0  2725  1070  3184  817  353
22  3  2  4  2266  2482  1135  747  185
16  3  2  4  2449  2331  1207  722  306
20  1  3  7  2632  1632  2305  748  320
15  2  0  1  2679  2001  1863  722  360
14  1  0  1  2571  1326  2583  744  323
16  1  0  0  2587  1740  2289  722  302
21  1  2  5  2678  1613  2316  751  325
16  2  2  5  2496  2110  1338  702  196
22  3  1  3  2316  2878  896  634  239
20  0  1  3  2508  881  2986  884  179
20  1  2  5  2635  1861  2146  669  341
23  0  0  1  2589  1261  2704  745  243
14  1  0  0  2450  1344  2385  726  241
23  3  2  4  2112  2255  1001  643  264
15  2  3  6  2569  2016  1896  697  238
15  1  0  0  2653  1444  2558  796  363
20  1  0  1  2629  1529  2383  813  309
16  1  2  4  2609  1695  2105  715  323
14  1  1  2  2591  1493  2391  717  359
14  3  2  4  2410  2741  1016  668  323
15  1  3  7  2530  1781  2222  726  256
14  3  1  3  2308  2664  809  664  255
14  1  2  4  2530  1460  2493  743  295
16  1  2  5  2451  1362  2468  694  217
16  1  2  5  2451  1362  2468  694  217
15  0  0  0  2665  1205  2805  781  331
14  2  2  5  2579  1989  1840  629  312
21  0  3  6  2728  1389  2707  789  349
21  0  3  6  2728  1389  2707  789  349
20  0  3  7  2679  1369  2686  773  363
21  1  2  5  2596  1373  2465  749  225
23  1  0  1  2419  1450  2237  726  226
22  1  3  6  3033  1472  2850  723  312
16  2  2  5  2712  1896  1870  727  361
16  2  2  4  2679  1869  1849  719  353
21  0  3  6  2742  1053  3090  825  306
15  2  1  3  2565  2197  1483  686  267
23  3  1  2  2089  2384  869  636  296
16  2  3  7  2611  2253  1470  716  293
21  1  3  6  2567  1756  2045  819  220
21  1  1  3  2644  1512  2550  830  270
21  1  1  3  2644  1512  2550  830  270
15  2  1  3  2695  1902  2003  744  360
16  2  3  6  2517  2004  1592  813  189
14  1  1  2  2379  1775  1792  747  204
15  0  1  3  2683  786  3319  863  355
17  0  3  6  2448  1236  2580  879  154
16  0  3  7  2632  766  3159  812  255
15  2  3  7  2639  2145  1872  726  327
15  1  1  2  2542  1544  2306  765  265
15  2  3  6  2527  2388  1411  661  264
14  0  1  2  2710  1126  2715  806  311
14  1  2  4  2405  1843  1910  712  207
21  1  2  4  2654  1403  2507  771  296
23  2  1  2  2235  1849  1489  667  322
17  2  0  1  2682  2259  1647  746  243
16  3  1  3  2408  2725  961  699  325
20  1  0  1  2542  1492  2291  815  209
23  1  0  0  2482  1574  2188  650  324
20  0  3  6  2579  944  3002  743  241
16  2  2  4  2496  2193  1244  708  212
16  0  1  2  2645  786  3208  863  276
23  2  2  5  2350  1958  1498  593  359
20  0  0  1  2676  1018  3056  846  335
15  0  2  4  2665  977  3318  755  313
16  1  0  1  2597  1833  2205  725  343
16  2  1  3  2574  2026  1721  728  229
16  0  3  6  2630  1058  2841  855  261
21  1  1  3  2723  1565  2622  793  329
17  3  2  4  2579  2610  1268  596  233
15  2  2  4  2588  2266  1582  672  352
15  1  2  4  2611  1616  2510  659  305
15  1  2  4  2611  1616  2510  659  305
21  1  3  7  2594  1862  1969  772  291
21  0  2  4  2671  912  3120  865  292
15  0  0  1  2631  1254  2699  778  293
23  0  3  7  2597  815  3126  706  325
20  1  1  2  2627  1429  2596  787  280
20  1  3  7  2607  1387  2524  772  264
20  1  3  6  2522  1720  2038  690  267
20  1  2  5  2599  1487  2477  717  293
16  0  0  1  2656  1184  2958  795  297
16  0  1  3  2658  790  3226  834  321
16  3  1  2  2418  2587  1108  734  301
16  3  1  2  2418  2587  1108  734  301
23  2  2  5  2328  1981  1452  600  373
20  1  2  4  2586  1483  2455  809  305
20  1  3  7  2618  1491  2430  786  313
15  1  0  0  2527  1847  1945  754  282
15  2  0  0  2559  2198  1489  743  274
17  0  2  4  2618  989  3123  720  302
20  1  0  1  2673  1456  2530  814  347
14  1  1  2  2451  1815  1866  701  267
16  2  3  6  2648  2346  1432  767  356
20  0  1  3  2677  1032  3090  832  343
20  1  1  2  2639  1844  2186  780  342
20  1  1  2  2457  1733  2019  812  160
20  1  1  2  2457  1733  2019  812  160
22  3  1  3  2332  2812  983  642  252
21  1  0  1  2553  1767  2050  695  209
20  0  0  0  2591  1220  2704  813  279
14  1  0  1  2606  1361  2598  748  362
23  2  2  5  2155  1589  1601  679  182
20  1  2  4  2618  1421  2570  762  317
15  2  2  4  2575  1870  2015  670  276
16  2  2  4  2616  2026  1590  717  302
23  0  0  1  2645  1227  2831  771  340
21  0  3  6  2695  1275  2797  828  330
16  1  3  7  2472  1535  2146  774  218
14  0  2  5  2764  1151  2941  729  344
16  3  2  4  2334  2584  778  738  256
21  1  3  7  2663  1800  2135  791  348
15  1  2  5  2534  1564  2443  698  253
20  1  3  6  2530  1779  1978  654  244
15  0  2  4  2698  1145  3065  723  355
15  0  2  4  2698  1145  3065  723  355
14  0  2  5  2723  1066  2963  763  323
21  1  2  4  2662  1341  2597  746  275
16  2  2  5  2604  1910  1697  724  288
16  0  0  1  2712  1036  3205  814  357
22  0  2  4  2888  1053  3480  798  266
17  0  1  2  2582  1275  2882  712  317
20  1  3  7  2665  1545  2448  751  351
16  3  2  4  2379  2245  1198  702  244
20  1  3  6  2520  1760  1990  672  231
16  1  3  6  2591  1705  2154  782  343
23  2  1  2  2225  2079  1237  633  328
16  1  0  0  2610  1636  2440  767  336
14  0  1  3  2745  811  3085  816  322
14  1  1  3  2496  1356  2393  736  261
23  3  1  2  2132  2481  836  615  320
15  2  3  6  2518  2286  1533  692  255
15  1  3  7  2566  1882  2163  719  301
20  0  0  1  2517  1218  2581  845  193
16  2  2  4  2645  2148  1498  694  342
16  1  2  4  2574  1686  2062  732  303
17  3  0  1  2640  2605  1322  758  316
16  2  2  5  2664  1903  1797  726  342
21  1  3  7  2629  1375  2546  774  253
14  3  2  4  2388  2811  915  693  344
16  2  3  6  2723  1977  1917  761  343
16  1  0  0  2619  1767  2314  740  357
23  2  3  7  2279  1698  1678  641  369
14  1  1  3  2440  1552  2105  713  205
15  1  2  4  2576  1812  2229  659  319
21  0  2  4  2746  1202  2912  743  341
23  1  2  5  2495  1337  2371  652  325
14  2  3  6  2636  1893  2002  765  321
14  0  0  0  2778  944  3113  804  351
16  3  1  2  2358  2674  932  720  225
17  0  1  2  2575  1141  3023  738  293
21  0  0  0  2670  1013  3104  740  273
15  2  1  3  2585  2025  1699  750  283
21  1  2  5  2462  1793  2043  669  318
14  1  2  4  2559  1833  2157  698  358
22  0  2  4  2820  990  3446  807  193
14  0  2  4  2767  1191  2904  792  343
23  3  2  5  2091  2463  750  654  280
15  2  1  2  2675  2112  1747  711  361
21  0  3  6  2713  1310  2782  789  333
20  0  0  1  2671  949  3125  856  346
22  0  0  1  2951  1219  3379  725  359
15  2  1  2  2537  2098  1548  700  241
14  3  0  1  2408  2376  1166  657  282
20  0  0  0  2657  1163  2863  805  348
14  1  2  5  2566  1745  2259  637  350
16  3  0  1  2474  2474  1366  688  306
21  1  2  4  2603  1803  2004  702  271
22  1  0  0  3042  1912  2594  778  330
15  2  1  2  2621  2229  1535  673  319
16  1  3  6  2483  1779  1908  829  240
14  1  2  4  2540  1803  2160  752  364
21  0  3  6  2705  1338  2728  838  328
23  3  1  2  2191  2373  1053  593  359
21  0  1  2  2717  1074  3206  771  332
14  2  2  4  2606  1980  1893  719  306
16  1  1  3  2552  1481  2401  801  273
14  1  3  6  2546  1494  2522  787  346
21  1  2  5  2540  1760  1953  758  204
14  3  0  0  2431  2408  1170  627  324
15  1  3  7  2598  1893  2219  711  339
23  3  2  5  2225  2307  1114  582  341
21  1  1  3  2637  1618  2420  785  284
20  1  0  0  2604  1504  2376  789  303
22  0  3  7  2929  1200  3223  684  344
14  1  3  6  2515  1726  2229  776  337
16  0  0  0  2636  1033  3087  829  299
21  1  1  3  2598  1571  2408  798  216
14  1  2  5  2532  1584  2369  648  316
14  1  2  5  2532  1584  2369  648  316
20  2  1  3  2814  2097  2087  727  352
23  0  2  4  2436  891  2767  797  132
14  1  2  5  2431  1804  1985  644  245
14  0  0  0  2577  1027  2714  813  148
16  1  3  6  2596  1445  2429  866  302
15  1  2  5  2598  1658  2459  718  347
15  1  0  1  2613  1646  2296  786  335
22  3  2  4  2392  2693  1123  720  351
14  0  2  5  2727  835  3213  766  309
16  2  3  7  2608  1959  1768  710  277
16  3  1  2  2356  2777  830  742  283
23  3  2  5  2181  2392  965  616  355
14  1  1  2  2539  1633  2180  745  331
21  0  0  0  2685  1082  3049  779  301
14  1  2  5  2546  1870  2104  620  340
23  2  2  5  2299  1702  1704  676  318
15  2  3  7  2628  2070  1931  722  297
14  3  3  6  2380  2773  810  714  331
15  2  3  7  2682  2042  2043  685  342
16  1  1  2  2600  1654  2299  750  300
21  1  0  1  2701  1838  2199  673  357
16  0  1  3  2614  1241  2689  765  269
15  1  1  3  2566  1466  2409  752  270
16  3  2  4  2454  2658  870  679  350
17  0  1  2  2578  894  2766  855  171
21  1  1  3  2612  1817  2147  793  278
20  0  3  6  2622  1166  2820  701  274
21  0  2  5  2663  1228  2748  800  293
15  0  2  5  2676  1290  2969  752  343
16  3  3  6  2350  2374  1145  772  188
23  3  2  4  2147  2111  1197  646  265
17  0  1  2  2630  1174  3075  700  343
22  1  3  7  3069  1477  2904  659  348
23  0  0  0  2650  885  3225  735  288
14  2  3  6  2610  2111  1733  757  341
16  2  2  5  2485  2136  1288  708  181
21  0  1  3  2679  1290  2888  811  308
21  0  2  5  2717  1024  3056  785  321
22  1  3  7  2919  1443  2718  688  226
16  2  2  4  2540  1999  1510  707  214
16  3  0  1  2441  2786  993  691  318
16  3  0  0  2344  2336  1109  653  240
14  1  1  3  2406  1683  1923  724  199
16  2  1  2  2503  2314  1334  736  189
15  1  1  3  2648  1398  2641  774  367
23  0  0  0  2528  1236  2635  678  216
22  3  3  6  2439  2660  1067  675  346
16  1  2  5  2588  1603  2172  732  311
23  3  1  2  2130  2536  788  618  338
21  1  0  0  2712  1720  2355  686  340
15  1  2  4  2576  1714  2345  679  318
16  1  1  3  2569  1813  2086  741  335
16  1  2  5  2623  1596  2232  740  324
15  2  3  6  2629  2387  1584  674  340
23  0  0  0  2572  971  3000  734  232
21  1  0  1  2689  1829  2181  683  348
15  2  3  6  2595  2448  1481  684  344
16  3  1  3  2498  2561  1259  665  349
20  1  1  2  2596  1402  2564  845  278
21  1  0  1  2560  1786  2037  658  196
16  3  2  4  2462  2450  1104  697  341
22  0  2  5  2944  1087  3553  846  341
17  0  1  3  2614  850  3417  757  299
21  1  2  5  2570  1520  2271  796  225
15  1  3  7  2589  1932  2150  714  326
20  1  2  4  2569  1384  2523  778  256
23  0  3  7  2393  733  2910  748  143
16  3  3  6  2423  2702  935  784  308
20  0  1  2  2588  936  3050  884  271
22  1  0  0  2983  1910  2511  753  298
14  1  1  3  2525  1872  1916  680  343
21  1  0  0  2676  1587  2438  695  310
16  2  1  3  2661  2223  1648  711  323
15  2  2  5  2592  1940  1952  666  266
20  0  3  6  2665  1160  2884  689  319
20  1  1  3  2661  1689  2381  761  359
14  3  0  1  2390  2448  1068  669  271
14  1  2  4  2451  1556  2270  797  273
20  0  2  4  2718  933  3078  819  349
20  0  2  4  2718  933  3078  819  349
14  3  0  0  2406  2586  946  641  327
16  3  0  1  2434  2684  1084  715  315
20  0  3  6  2614  1273  2693  715  282
15  1  2  4  2520  1311  2709  735  220
16  0  3  7  2567  1289  2505  811  264
15  2  2  5  2606  2343  1527  631  341
15  2  0  0  2645  2182  1636  707  345
15  1  3  6  2580  1777  2308  685  308
14  1  1  3  2518  1779  1995  666  322
16  1  1  3  2605  1555  2405  728  317
14  1  2  4  2444  1495  2320  762  224
16  0  0  1  2629  1220  2872  795  311
20  1  3  7  2644  1529  2430  791  337
16  1  3  6  2516  1864  1896  797  261
15  2  2  5  2611  2327  1554  633  348
15  1  2  5  2650  1479  2740  701  340
20  1  2  4  2633  1447  2561  738  325
23  3  2  4  2220  2250  1168  645  320
16  1  3  6  2601  1366  2522  820  296
23  2  1  3  2200  1985  1302  654  280
16  1  2  4  2585  1374  2417  769  294
21  1  2  4  2575  1376  2418  771  214
16  1  0  0  2570  1672  2333  722  293
15  0  1  3  2697  976  3133  830  351
14  2  2  5  2614  1945  1939  619  309
20  0  0  0  2523  879  2975  873  187
23  0  0  1  2681  1053  3077  733  315
21  1  3  6  2701  1450  2579  861  319
20  1  3  6  2585  1762  2079  676  326
15  1  2  4  2608  1569  2561  668  325
20  0  2  5  2587  1140  2853  735  253
23  0  0  1  2571  864  3121  834  219
15  2  3  6  2646  2290  1729  650  334
15  2  1  2  2634  2132  1665  688  337
16  3  0  0  2522  2501  1417  682  352
22  0  1  2  2863  1478  2933  704  289
16  1  3  6  2538  1693  2090  828  287
23  0  3  7  2578  774  3154  727  325
20  1  0  0  2602  1868  1980  776  330
22  0  2  4  2954  1047  3597  808  352
15  1  2  4  2584  1852  2205  668  315
15  1  2  5  2438  1465  2405  747  166
16  2  1  2  2609  2350  1446  722  287
20  0  1  3  2601  798  3218  894  266
15  2  0  1  2610  2228  1531  695  295
21  1  1  2  2731  1539  2662  677  325
16  2  3  6  2570  2299  1373  758  266
16  1  3  6  2617  1739  2161  798  342
14  0  3  6  2720  1034  3109  887  305
22  1  2  4  2934  2112  2203  693  286
21  1  0  0  2729  1462  2657  710  334
23  1  1  3  2517  1301  2485  700  308
15  2  3  6  2565  2338  1545  654  278
21  1  2  4  2673  1504  2427  711  278
21  1  2  5  2691  1381  2587  754  316
20  0  3  6  2615  1196  2780  714  277
20  0  3  6  2615  1196  2780  714  277
17  3  0  1  2570  2620  1195  752  248
14  2  2  5  2589  1989  1860  605  282
16  3  3  7  2469  2607  1095  718  341
14  1  0  0  2510  1498  2298  709  298
16  2  1  3  2702  2078  1850  701  339
20  1  2  4  2602  1392  2580  809  276
14  3  0  1  2417  2402  1153  673  302
16  3  2  5  2450  2658  865  719  341
21  1  2  5  2639  1665  2201  742  291
16  3  0  0  2395  2578  1138  699  272
15  0  2  4  2665  1146  3124  736  335
16  0  3  7  2710  881  3153  814  337
15  1  2  4  2625  1630  2528  659  342
21  1  0  1  2685  1468  2585  673  286
21  0  0  1  2775  1218  3040  695  349
16  3  2  5  2481  2580  999  696  367
21  0  3  6  2752  1152  2997  801  335
21  1  1  3  2694  1755  2352  782  315
21  0  1  3  2668  1303  2856  855  316
16  0  2  4  2669  1164  2738  801  330
21  0  2  5  2736  947  3177  824  334
20  1  1  3  2653  1582  2485  795  348
14  1  2  4  2542  1509  2477  765  335
14  3  0  1  2454  2480  1138  642  349
16  3  2  4  2326  2354  1005  731  189
14  3  0  1  2464  2563  1059  644  358
23  1  2  5  2542  1365  2419  645  363
15  0  3  6  2643  1266  2938  733  313
21  1  3  7  2644  1941  1974  809  342
23  3  1  2  2071  2510  715  669  275
21  1  0  0  2646  1693  2276  699  289
14  3  1  3  2412  2589  1031  650  345
14  1  2  4  2470  1736  2136  746  291
16  2  2  5  2614  1784  1853  725  244
15  1  3  6  2593  1482  2651  746  303
14  3  0  0  2429  2657  902  627  337
21  1  3  6  2569  1645  2182  666  276
21  0  1  2  2692  1005  3251  779  319
15  2  0  1  2621  1945  1843  764  312
21  1  2  4  2697  1404  2571  744  320
20  1  2  4  2609  1792  2172  710  310
16  0  0  0  2607  1048  3026  827  260
21  1  2  4  2597  1799  1999  734  267
14  1  2  4  2524  1555  2404  767  313
15  0  1  2  2628  1058  2927  815  290
16  2  0  0  2648  2246  1684  693  328
23  3  2  5  2050  2259  893  657  196
15  2  2  5  2632  2042  1911  649  337
15  1  3  7  2625  1755  2421  717  343
15  2  0  1  2633  1969  1834  741  333
17  1  0  0  2542  1379  2503  727  347
16  0  0  1  2654  994  3154  801  284
15  1  2  4  2621  1539  2619  696  340
14  1  1  2  2529  1392  2420  738  320
20  1  1  3  2607  1554  2437  799  304
20  1  3  6  2515  1638  2109  696  233
23  3  0  1  2024  2222  945  686  352
23  2  3  7  2179  1568  1673  657  217
14  1  0  0  2551  1734  2123  673  359
20  1  2  5  2593  1800  2137  674  316
20  1  2  5  2593  1800  2137  674  316
16  2  0  0  2561  2005  1803  770  213
20  1  0  0  2635  1624  2290  782  330
16  3  0  1  2450  2763  1033  689  356
15  2  2  4  2558  1825  2033  674  220
15  2  1  2  2580  1999  1704  684  272
15  2  1  2  2648  1943  1889  706  327
16  0  1  3  2657  1222  2777  765  344
17  0  2  4  2554  792  3262  717  232
15  1  0  0  2505  1734  2024  772  225
23  1  0  0  2458  1608  2124  633  283
20  1  3  7  2554  1645  2160  739  256
14  1  1  3  2457  1597  2099  722  278
22  2  3  7  2643  2101  1677  697  293
14  0  1  3  2748  984  2914  792  324
20  1  0  1  2545  1415  2386  814  225
20  1  0  1  2604  1710  2153  775  315
15  2  2  4  2569  1996  1868  648  259
15  2  1  3  2598  2319  1404  707  327
21  1  2  4  2665  1858  2029  700  327
16  3  0  1  2376  2640  1039  742  260
21  1  1  3  2673  1417  2711  830  289
15  1  2  4  2622  1568  2582  687  338
16  3  0  0  2484  2613  1232  665  359
23  1  1  3  2555  1574  2256  645  367
15  2  2  4  2561  2266  1544  640  305
23  3  1  2  2115  2219  1083  625  267
14  1  1  2  2505  1445  2316  754  301
21  0  1  3  2649  1284  2842  833  276
21  0  1  2  2750  1125  2769  767  345
20  0  1  2  2601  815  3204  878  246
21  0  1  2  2728  1208  3070  739  328
16  1  0  0  2579  1740  2277  758  332
20  1  1  3  2602  1643  2328  780  308
15  1  2  5  2598  1504  2627  685  309
15  1  3  6  2588  1674  2434  738  316
21  0  1  3  2630  1017  3129  925  283
16  2  2  4  2632  2233  1401  692  339
16  2  2  4  2632  2233  1401  692  339
21  1  3  6  2510  1772  1939  836  215
14  0  2  5  2700  1334  2654  681  297
16  2  2  4  2572  1884  1678  715  267
15  2  0  1  2604  2150  1600  739  315
14  0  2  5  2548  1260  2510  699  155
23  0  1  2  2609  1000  2942  759  287
15  2  2  4  2562  1963  1889  675  281
14  0  1  2  2728  1272  2587  744  317
21  1  1  3  2657  1826  2209  765  310
20  1  2  5  2461  1619  2127  703  163
14  0  2  5  2576  909  2916  781  180
14  0  3  6  2690  837  3295  933  281
14  0  3  6  2690  837  3295  933  281
21  1  3  6  2675  1458  2537  804  305
20  1  3  7  2592  1696  2171  758  290
14  1  2  4  2465  1389  2474  753  233
20  1  2  4  2619  1485  2503  742  297
15  0  1  2  2677  890  3197  815  348
20  1  1  3  2644  1744  2293  753  329
21  0  1  3  2663  1222  2928  832  287
14  0  0  1  2733  1110  2853  750  311
20  1  1  2  2587  1619  2340  816  291
21  1  2  5  2683  1694  2243  759  330
20  1  2  4  2576  1840  2070  734  305
20  1  0  1  2500  1772  1922  783  213
20  1  2  4  2598  1538  2419  734  300
16  2  3  7  2531  2248  1363  714  225
16  2  1  3  2585  1970  1790  757  237
14  0  2  4  2724  1259  2775  784  310
23  0  2  4  2499  892  2868  772  188
14  3  1  3  2379  2820  765  640  322
21  1  0  1  2676  1868  2128  680  338
16  3  3  6  2504  2531  1218  734  359
16  2  3  6  2677  2163  1663  772  345
16  2  2  5  2579  1800  1789  727  233
15  2  1  2  2639  2125  1670  673  344
22  3  2  5  2333  2698  1025  733  287
14  0  2  4  2766  881  3230  849  301
21  0  0  0  2567  941  3031  770  174
14  0  0  1  2695  1106  2798  790  284
16  1  0  0  2618  1662  2422  714  332
14  0  0  1  2741  1109  2867  745  304
14  0  3  6  2669  907  3179  897  253
14  0  3  6  2669  907  3179  897  253
16  1  3  6  2617  1660  2239  812  347
15  2  0  1  2682  1949  1924  722  347
16  1  3  7  2531  1812  1957  734  290
16  3  2  5  2402  2386  1080  711  262
16  2  1  2  2649  2411  1454  700  345
21  0  1  2  2586  794  3326  786  195
16  1  1  3  2525  1752  2079  726  268
21  0  2  4  2721  1336  2725  719  333
15  1  1  2  2608  1510  2436  735  327
21  1  0  1  2673  1893  2098  671  347
16  2  3  6  2544  1888  1744  815  191
21  1  0  0  2558  1756  2064  715  190
16  3  0  0  2420  2800  945  677  341
14  3  0  0  2413  2389  1161  627  266
16  1  2  5  2593  1306  2509  780  309
20  0  1  3  2612  940  3085  851  280
22  1  1  2  3021  1938  2505  662  320
21  1  3  6  2623  1400  2516  850  267
14  0  2  4  2705  1238  2759  821  304
15  2  0  1  2583  1881  1849  761  252
14  3  0  0  2404  2713  813  651  350
20  1  1  2  2658  1449  2618  842  331
15  1  2  4  2577  1834  2219  657  335
23  0  2  5  2664  1250  2727  649  323
14  3  0  1  2393  2738  769  646  348
15  1  0  0  2490  1772  1965  781  232
23  1  1  2  2464  1448  2243  694  311
23  0  2  5  2539  779  3063  707  180
23  3  2  5  2198  2420  958  614  331
20  1  2  5  2640  1609  2413  708  327
15  1  2  4  2471  1657  2242  730  200
16  3  0  1  2479  2439  1401  702  334
15  1  2  5  2590  1691  2389  708  337
16  3  2  4  2455  2511  1028  689  346
15  2  0  0  2570  1986  1725  735  225
20  1  1  2  2475  1757  2031  786  165
22  0  0  1  2733  1085  3161  781  148
23  1  3  7  2297  1191  2242  702  261
16  1  3  7  2510  1682  2056  739  235
15  1  2  4  2487  1707  2209  688  217
14  2  2  4  2632  2041  1871  700  348
16  1  1  2  2635  1501  2503  772  345
16  3  0  1  2381  2745  943  728  282
17  2  0  0  2768  2256  1771  695  324
20  0  0  0  2649  1237  2767  819  327
16  2  3  7  2575  2219  1453  692  264
15  0  2  5  2533  1250  2780  727  212
16  1  0  0  2622  1381  2738  759  316
15  3  1  2  2570  2502  1345  664  299
16  0  0  0  2648  1229  2889  774  311
20  1  1  2  2626  1867  2150  751  324
14  0  0  0  2726  921  3052  849  317
15  0  3  6  2704  920  3415  780  354
15  2  3  7  2660  2100  1952  696  332
20  0  3  7  2481  1228  2534  796  163
17  2  0  0  2678  2398  1495  677  241
16  2  2  5  2648  2114  1542  687  318
17  0  1  3  2621  907  3350  778  332
23  2  2  4  2352  1803  1679  639  335
22  1  3  6  3007  1702  2554  678  306
20  1  0  0  2559  1718  2076  753  247
15  1  1  2  2609  1381  2580  748  308
21  1  1  3  2602  1684  2366  786  253
14  1  0  0  2529  1614  2213  690  331
15  1  1  2  2459  1499  2215  730  150
21  0  3  7  2558  1172  2685  849  181
20  0  0  1  2607  892  3086  898  283
14  1  3  6  2547  1455  2590  779  330
15  1  1  3  2546  1763  2054  729  291
16  2  3  7  2545  2046  1598  720  222
15  2  3  6  2443  2227  1478  704  159
15  2  3  6  2443  2227  1478  704  159
14  1  1  3  2558  1531  2321  715  318
20  1  2  5  2644  1400  2637  692  325
16  2  0  1  2665  2060  1875  730  346
20  1  0  1  2621  1440  2478  852  319
16  3  3  7  2369  2747  821  722  276
17  0  2  4  2570  1257  2757  678  273
20  1  0  1  2633  1642  2273  779  328
15  0  1  3  2615  963  3026  834  290
21  1  0  0  2605  1675  2232  728  262
16  3  3  6  2407  2853  778  793  348
15  1  3  6  2586  1644  2464  701  309
20  0  2  4  2685  1015  3144  786  334
21  1  0  1  2581  1693  2179  697  225
15  1  0  0  2523  1603  2197  789  255
21  0  1  3  2698  1248  2971  802  326
15  1  3  7  2560  1854  2194  727  303
23  3  1  3  2088  2233  1015  635  232
23  1  3  7  2301  1211  2228  737  298
21  0  3  6  2706  1485  2805  815  328
21  0  0  0  2718  818  3404  805  333
23  3  1  2  2060  2433  775  656  253
16  2  0  1  2603  2407  1445  709  292
15  3  3  6  2544  2633  1407  658  263
16  2  0  1  2584  1896  1952  739  215
15  2  3  7  2617  2231  1733  699  307
21  0  1  2  2700  808  3485  772  316
21  0  1  2  2700  808  3485  772  316
15  1  0  1  2548  1718  2121  770  283
22  3  3  6  2351  2569  1017  660  248
16  3  2  4  2355  2414  980  725  210
20  1  0  0  2637  1597  2333  743  310
16  2  1  3  2533  2336  1352  712  234
17  3  2  4  2516  2862  928  619  222
21  2  0  0  2649  2117  1701  715  350
16  2  3  7  2491  1904  1652  721  145
20  2  1  3  2663  2540  1428  764  333
23  1  0  0  2479  1364  2414  675  306
20  1  0  0  2664  1488  2481  768  333
14  0  1  3  2773  1251  2675  749  337
17  0  1  3  2420  820  3120  817  150
16  3  2  4  2449  2647  880  685  341
16  1  2  5  2586  1479  2301  765  294
21  1  0  0  2535  1709  2073  740  199
15  2  2  5  2671  1942  2084  664  326
23  0  0  1  2661  1258  2824  730  314
15  1  0  0  2476  1817  1891  774  240
23  3  2  5  2144  2309  991  652  298
16  1  1  2  2551  1837  2034  743  278
15  1  2  5  2544  1729  2287  692  277
16  1  3  7  2541  1455  2334  770  248
22  0  0  0  2898  1534  2974  786  302
20  0  2  4  2587  1045  2952  789  252
16  2  1  3  2632  1935  1857  731  312
16  1  3  6  2584  1794  2047  773  316
16  2  3  6  2575  2117  1553  797  254
15  2  3  7  2635  2289  1708  673  353
14  1  1  2  2523  1823  1975  687  333
23  0  1  3  2538  754  3097  821  229
16  1  3  6  2573  1867  1970  767  327
16  2  2  5  2549  2109  1407  704  241
20  0  0  1  2568  992  2912  907  205
21  1  0  1  2637  1815  2128  651  302
23  3  1  3  2156  2320  1039  632  341
21  1  2  5  2574  1665  2118  744  190
14  0  1  2  2656  816  2953  855  253
21  0  0  0  2660  973  3146  786  260
20  1  2  4  2511  1437  2397  747  188
16  2  1  3  2627  2413  1410  679  349
17  1  1  3  2750  1449  2809  731  273
15  2  0  1  2622  2014  1770  737  292
21  0  1  3  2613  1108  2986  852  257
16  3  0  0  2388  2565  1130  686  249
14  3  0  0  2339  2564  867  649  247
14  1  1  2  2548  1366  2462  751  342
21  1  1  2  2565  1463  2484  703  191
20  1  0  0  2653  1440  2519  760  307
20  1  2  4  2619  1522  2476  743  334
16  1  2  4  2579  1284  2511  780  306
21  1  3  6  2705  1505  2527  844  334
16  2  3  7  2598  2375  1329  693  318
14  0  2  4  2689  1222  2757  800  275
16  3  2  4  2425  2707  782  675  339
15  1  1  3  2560  1786  2050  739  309
15  2  3  6  2662  2157  1881  662  349
20  1  0  0  2607  1373  2524  756  276
21  1  1  3  2712  1564  2581  766  322
15  1  3  7  2476  1884  2024  759  242
15  1  2  5  2558  1688  2342  679  306
16  3  3  6  2335  2426  1074  820  203
20  1  0  1  2637  1401  2553  861  333
20  1  3  6  2597  1721  2143  654  292
20  1  3  6  2597  1721  2143  654  292
16  2  0  1  2675  2125  1838  728  333
17  2  0  1  2695  2221  1703  771  269
21  1  3  7  2629  1523  2390  829  273
16  2  0  1  2667  2348  1597  686  347
16  2  0  1  2667  2348  1597  686  347
22  3  1  3  2381  2940  935  633  322
20  1  2  4  2632  1734  2267  709  328
14  0  2  4  2659  1073  2876  790  226
15  0  1  3  2611  811  3176  851  280
16  1  2  5  2528  1219  2478  827  236
16  1  3  6  2546  1518  2276  845  256
20  1  0  0  2654  1414  2545  789  339
23  2  0  0  2226  1895  1470  650  290
15  0  2  5  2580  1087  3042  745  247
20  1  3  6  2643  1756  2175  638  339
15  2  3  7  2637  2233  1767  699  326
20  1  3  7  2616  1732  2162  799  322
16  3  2  4  2382  2694  731  712  328
23  2  2  5  2320  1708  1743  639  333
22  1  0  1  3066  1640  2902  699  350
21  1  0  1  2616  1876  2027  676  267
16  1  1  2  2573  1819  2088  754  320
23  3  1  3  2045  2436  750  675  275
16  1  2  4  2551  1584  2129  731  271
22  0  1  3  2937  1123  3409  742  335
23  0  0  1  2570  781  3217  824  239
23  0  1  2  2580  965  2935  760  281
20  1  3  6  2656  1595  2384  665  329
21  1  3  7  2644  1734  2188  768  298
20  0  1  3  2488  771  3080  918  164
23  1  0  1  2359  1210  2405  771  148
16  2  2  5  2690  1898  1829  710  340
16  1  0  0  2627  1720  2364  719  348
22  0  3  6  2889  1011  3360  795  292
20  1  2  4  2524  1836  1994  710  234
17  2  2  4  2653  2397  1517  608  298
21  1  2  4  2695  1637  2319  721  341
21  0  1  3  2640  1046  3109  873  262
16  2  0  0  2627  2426  1446  688  341
14  0  1  2  2660  780  3000  846  253
14  0  2  4  2737  1334  2709  742  316
16  0  0  0  2706  817  3443  851  359
20  1  2  5  2636  1718  2291  679  344
14  3  0  1  2288  2633  726  683  216
15  0  1  2  2621  845  3147  838  296
20  1  3  6  2633  1709  2218  646  322
16  2  1  3  2545  2219  1487  697  219
20  1  1  2  2653  1620  2436  787  333
14  2  2  4  2556  2004  1792  709  268
17  2  1  2  2613  2053  1930  664  183
20  1  2  4  2622  1840  2135  718  349
20  1  1  3  2634  1961  2067  728  334
14  2  1  3  2629  1892  1868  651  310
15  2  2  4  2674  1914  2119  678  335
21  0  3  7  2754  920  3265  811  344
15  2  3  6  2635  2219  1784  694  343
16  0  2  4  2550  910  2838  836  167
20  1  0  1  2623  1703  2185  785  341
16  3  0  0  2354  2783  852  714  299
21  0  3  7  2686  1331  2716  791  313
21  1  2  4  2600  1700  2102  712  258
16  3  3  6  2468  2530  1171  810  335
14  1  2  4  2539  1770  2202  701  342
16  1  1  2  2558  1401  2491  788  272
14  1  3  6  2527  1879  2084  769  357
21  0  0  1  2638  1121  2930  713  235
20  0  1  2  2662  861  3243  916  337
16  0  0  1  2635  1282  2790  781  287
23  3  2  5  2119  2269  1002  591  219
20  1  1  3  2508  1823  2015  793  228
20  1  3  7  2620  1745  2152  766  345
20  1  0  0  2491  1573  2138  761  181
15  2  2  5  2494  1925  1808  677  216
20  1  2  5  2505  1838  1977  677  247
14  3  0  1  2436  2565  1011  663  360
20  1  0  0  2594  1843  1990  740  313
14  1  0  1  2554  1454  2432  723  324
23  0  0  0  2630  817  3260  736  300
16  1  0  0  2631  1562  2550  730  334
23  2  2  4  2248  1857  1468  652  287
16  2  0  1  2603  2083  1777  755  281
20  1  1  3  2593  1545  2423  795  262
15  0  2  4  2569  769  3404  799  191
23  3  2  4  2175  2327  1035  651  305
20  1  3  6  2475  1790  1889  673  189
15  1  3  6  2605  1838  2275  691  354
23  3  2  4  2012  2329  776  689  185
16  1  0  0  2608  1545  2522  748  317
20  1  3  6  2598  1384  2516  712  277
23  0  0  1  2683  1276  2829  705  343
20  1  3  6  2661  1603  2371  658  352
20  1  0  0  2599  1812  2030  736  313
20  0  2  4  2638  1088  3004  809  299
16  2  0  1  2631  2396  1490  700  329
16  1  3  7  2630  1386  2539  740  341
16  2  2  5  2640  2053  1587  697  319
20  0  0  1  2531  1036  2804  896  217
16  3  1  3  2328  2771  798  712  263
16  1  2  4  2590  1739  2021  712  323
15  0  2  4  2645  900  3338  766  287
16  2  1  2  2701  1952  1983  730  339
20  0  0  1  2652  1218  2788  836  323
16  3  1  2  2472  2744  1034  694  354
14  2  1  3  2647  1973  1811  643  339
15  1  2  4  2453  1671  2194  689  175
21  1  3  6  2653  1523  2425  865  315
20  1  1  2  2541  1761  2126  800  268
21  1  2  5  2675  1594  2347  755  312
21  1  0  0  2633  1707  2241  732  287
14  0  1  3  2742  857  3039  812  323
15  1  0  1  2528  1603  2200  761  250
20  1  0  1  2662  1569  2398  767  339
15  2  1  3  2646  1823  1998  738  308
22  3  1  2  2312  2924  848  663  294
14  1  3  6  2522  1358  2653  796  307
16  3  3  7  2448  2574  1098  700  310
14  1  1  3  2549  1389  2444  705  311
15  0  3  6  2689  1109  3183  752  343
21  0  1  3  2614  794  3381  899  227
15  2  3  6  2635  2217  1782  683  329
20  1  2  4  2594  1703  2227  736  314
21  1  0  1  2660  1892  2080  681  330
22  3  2  5  2414  2665  1164  701  344
15  2  2  4  2674  1896  2137  645  338
22  3  1  2  2391  2864  1025  661  335
15  1  3  7  2540  1700  2330  755  287
15  2  2  5  2601  2233  1643  651  325
15  1  1  2  2527  1580  2238  741  260
15  1  1  2  2527  1580  2238  741  260
21  1  1  3  2616  1761  2211  796  272
20  1  0  1  2653  1353  2625  845  334
16  3  0  1  2433  2772  986  711  336
21  0  2  4  2700  1184  2846  813  332
16  3  0  0  2445  2762  1014  722  358
23  3  2  4  2115  2521  738  651  283
16  3  0  0  2479  2407  1437  692  320
23  2  0  1  2198  1789  1538  711  243
14  1  1  3  2393  1508  2094  720  183
15  1  0  1  2648  1515  2470  751  346
15  1  2  4  2520  1518  2485  704  269
16  2  2  4  2607  2238  1347  684  307
14  1  2  4  2508  1633  2294  719  316
15  1  2  5  2575  1682  2372  682  314
22  0  1  3  2900  1031  3437  759  299
21  1  2  4  2623  1488  2360  763  267
21  1  2  5  2592  1414  2410  769  222
16  2  0  0  2596  2305  1531  694  285
23  0  1  2  2502  917  2873  781  228
20  1  2  5  2636  1849  2164  652  338
20  1  1  2  2577  1522  2422  817  271
20  0  3  7  2626  1006  3005  821  289
23  2  2  5  2300  1746  1669  620  330
15  1  3  7  2564  1719  2338  767  286
16  3  2  4  2460  2448  1093  699  328
14  0  1  2  2758  1109  2805  793  343
20  0  1  2  2614  1336  2692  865  308
20  1  0  1  2537  1759  1990  842  277
15  2  2  4  2589  2267  1589  620  328
21  1  3  6  2682  1550  2442  773  303
20  1  3  6  2638  1612  2324  683  324
20  1  2  4  2625  1595  2406  732  329
20  2  3  6  2706  2258  1623  658  319
16  3  2  4  2464  2615  927  695  361
22  3  2  5  2379  2545  1233  725  303
20  1  0  1  2539  1308  2491  855  216
14  3  1  3  2416  2640  984  618  330
15  1  1  2  2584  1481  2431  719  294
23  1  2  5  2499  1426  2292  622  292
14  1  2  4  2431  1640  2173  800  266
15  1  3  7  2591  1520  2588  771  318
21  1  3  7  2544  1520  2263  833  220
20  1  2  5  2458  1607  2134  706  150
15  2  2  5  2578  2069  1791  677  271
14  0  1  2  2731  962  2907  837  328
21  0  0  1  2648  1047  3039  733  256
14  0  0  1  2735  1165  2794  776  319
20  2  2  5  2565  2376  1392  655  244
21  0  1  2  2690  808  3472  772  279
21  1  0  1  2715  1410  2692  692  321
16  2  1  2  2712  1948  1996  751  344
15  2  0  0  2552  2380  1312  696  292
16  0  3  6  2689  1204  2775  846  344
16  3  0  1  2464  2491  1320  705  310
16  2  1  3  2593  2229  1554  690  288
16  1  0  0  2602  1766  2278  726  322
15  1  3  6  2491  1774  2173  726  235
15  1  0  0  2623  1513  2431  763  334
17  2  0  0  2642  2371  1471  687  238
15  2  0  1  2584  2247  1459  740  323
16  1  3  7  2585  1367  2496  782  313
15  0  0  0  2698  830  3265  833  342
23  0  0  1  2606  857  3182  802  248
23  0  1  2  2528  937  2888  758  229
16  1  0  1  2604  1708  2351  740  332
16  2  3  6  2604  2354  1361  763  316
17  0  1  3  2562  1304  2812  749  303
20  1  2  4  2606  1613  2354  743  309
22  2  1  2  2674  2319  1896  690  285
22  0  3  7  2957  1162  3297  710  330
22  3  3  6  2298  2240  1264  702  211
22  0  2  4  2930  1060  3541  799  293
14  1  1  3  2516  1488  2305  708  313
15  2  2  4  2505  1956  1796  650  236
22  3  3  7  2407  2325  1347  672  299
14  3  0  0  2385  2387  1118  656  263
20  1  3  6  2567  1740  2082  667  295
14  0  3  6  2564  885  3028  925  150
14  0  3  6  2564  885  3028  925  150
20  0  2  4  2650  1270  2809  802  328
15  1  3  6  2543  1794  2235  708  258
16  2  3  6  2672  1914  1905  788  321
23  3  0  1  1905  2152  839  704  208
14  0  2  4  2643  1314  2599  766  239
21  1  2  4  2639  1562  2305  714  278
21  1  2  4  2639  1562  2305  714  278
20  1  0  1  2557  1608  2201  813  266
21  1  0  0  2553  1672  2149  674  192
14  1  0  1  2542  1558  2302  709  322
21  1  0  0  2544  1778  2028  731  227
16  3  3  6  2400  2454  1142  788  275
16  2  1  2  2601  2106  1682  743  247
16  3  1  2  2489  2628  1170  703  350
21  1  3  6  2648  1744  2180  797  313
20  1  3  7  2573  1865  1955  725  291
16  1  0  0  2586  1608  2425  727  294
20  0  2  4  2670  1137  2987  811  338
20  0  2  4  2670  1137  2987  811  338
16  0  0  1  2547  1080  2886  808  177
14  1  1  2  2503  1479  2293  720  283
21  0  0  1  2730  1069  3131  724  332
23  2  0  1  2220  1914  1437  692  298
16  2  0  1  2542  2098  1671  726  216
15  1  1  2  2576  1371  2534  757  242
16  2  3  7  2714  1929  1948  703  350
23  3  1  2  2118  2166  1146  655  262
14  1  1  3  2497  1726  2028  678  292
16  1  2  4  2595  1641  2136  727  330
16  1  0  1  2639  1559  2566  743  351
17  3  0  0  2590  2573  1273  690  245
23  0  1  3  2612  1031  2904  708  269
16  3  3  7  2416  2392  1227  723  265
23  2  1  2  2243  1766  1595  658  303
15  2  3  7  2586  2241  1678  684  269
16  3  3  6  2459  2710  980  735  345
16  1  1  2  2575  1891  2014  740  325
23  0  1  3  2645  1243  2723  720  339
15  2  0  0  2563  2037  1656  753  265
15  2  0  0  2563  2037  1656  753  265
20  1  3  6  2643  1647  2288  670  325
20  1  3  6  2643  1647  2288  670  325
15  1  3  6  2587  1489  2632  710  294
20  1  2  4  2534  1405  2456  762  210
20  1  2  4  2562  1544  2356  754  249
21  0  0  0  2619  934  3118  749  222
14  2  3  6  2616  2019  1855  733  306
21  0  2  5  2687  895  3131  850  302
20  0  1  2  2565  849  3118  908  229
16  3  2  5  2489  2449  1132  681  356
21  1  2  4  2648  1668  2214  730  301
21  1  0  0  2707  1629  2442  678  332
23  0  1  3  2559  771  3116  767  224
20  1  1  2  2605  1912  2078  754  322
23  0  3  7  2463  946  2780  735  247
23  0  0  0  2596  801  3230  776  290
21  0  2  5  2706  1327  2711  800  336
21  0  2  5  2706  1327  2711  800  336
16  2  1  3  2710  2083  1864  693  348
17  0  1  2  2521  807  3298  743  209
16  2  2  5  2619  2273  1326  691  327
16  3  2  4  2394  2633  798  700  288
16  3  0  0  2433  2453  1309  692  299
16  3  0  0  2433  2453  1309  692  299
21  0  3  7  2676  1344  2681  771  314
23  1  1  2  2381  1478  2085  717  223
14  2  2  5  2628  2123  1775  614  340
23  0  0  0  2531  792  3129  770  212
20  0  0  1  2657  1182  2843  837  341
14  0  0  0  2592  1089  2661  793  169
22  3  3  6  2357  2733  841  690  326
16  3  0  1  2429  2441  1320  696  255
16  0  1  2  2557  857  3001  867  240
20  1  2  4  2613  1507  2486  748  296
16  2  2  5  2646  2273  1369  685  349
22  3  2  4  2354  2736  998  680  308
15  2  3  6  2687  2129  1951  661  338
21  0  1  3  2718  1274  2965  793  341
16  2  3  7  2702  1960  1896  698  351
16  2  3  6  2623  2368  1368  781  358
17  1  2  4  2708  1479  2552  668  252
20  0  0  0  2653  1281  2721  792  338
22  1  1  2  2951  1727  2616  706  237
20  1  0  1  2654  1484  2478  806  326
21  0  2  4  2678  1158  2856  805  284
21  0  0  0  2716  1358  2780  693  336
16  3  1  2  2401  2683  990  711  280
15  2  0  0  2681  1945  1920  760  343
17  3  1  3  2503  2913  955  683  249
21  1  3  6  2674  1717  2253  806  335
20  1  3  7  2652  1661  2298  738  337
14  0  0  0  2630  1069  2739  747  207
16  0  2  5  2687  833  3140  823  330
14  1  0  0  2527  1663  2163  708  354
20  1  3  7  2455  1605  2053  783  184
15  1  2  4  2599  1773  2313  656  328
21  0  1  2  2681  860  3394  790  302
14  1  0  1  2568  1343  2584  733  341
16  1  3  6  2606  1874  2003  791  356
21  0  1  3  2729  1035  3270  829  333
15  2  3  6  2610  2499  1453  679  355
20  1  3  6  2568  1566  2272  696  279
14  0  1  2  2765  1243  2677  755  346
16  3  1  2  2351  2344  1250  763  213
16  3  0  0  2509  2564  1318  676  341
16  3  2  5  2460  2372  1175  697  316
22  1  1  2  3009  1753  2674  724  330
21  1  1  2  2674  1779  2280  696  317
16  2  3  7  2673  2191  1621  692  341
15  2  0  1  2548  2290  1370  696  262
21  0  3  7  2735  1091  3057  790  341
17  2  0  1  2701  2035  1913  770  249
21  1  2  4  2653  1444  2460  760  289
16  3  2  5  2433  2313  1205  687  298
17  3  0  0  2501  2812  900  700  224
20  1  1  2  2569  1543  2383  805  271
16  3  2  4  2451  2428  1102  697  330
17  0  1  2  2623  860  3397  744  340
14  1  2  4  2500  1381  2543  741  277
22  1  0  1  3033  1964  2529  648  351
21  0  3  6  2669  1227  2799  846  299
23  2  2  4  2338  1720  1751  676  322
15  1  0  1  2546  1528  2303  752  270
22  3  3  7  2296  2479  1020  666  228
14  0  3  6  2779  867  3397  903  352
21  1  0  0  2678  1817  2191  673  339
14  3  1  3  2371  2786  799  627  316
21  1  1  2  2726  1602  2570  695  344
16  1  3  6  2542  1312  2479  865  237
20  0  1  2  2584  836  3155  929  266
15  2  3  6  2497  2190  1588  686  225
14  2  2  4  2667  2034  1930  701  351
20  1  0  1  2681  1395  2614  786  349
14  1  1  2  2564  1455  2408  739  350
22  3  3  6  2415  2673  986  662  351
16  1  1  2  2639  1629  2381  746  355
16  0  2  5  2633  1045  2813  794  298
14  1  1  2  2439  1778  1899  718  266
14  3  1  2  2408  2697  921  659  349
20  1  3  6  2616  1623  2280  670  322
15  1  1  2  2495  1697  2054  728  240
14  3  1  3  2379  2745  843  645  338
16  3  0  1  2294  2660  887  750  189
21  0  2  4  2627  854  3102  827  215
16  3  3  6  2449  2701  973  766  344
20  1  2  5  2656  1413  2630  697  337
20  1  0  1  2500  1588  2126  804  201
20  1  0  1  2500  1588  2126  804  201
23  0  0  1  2683  851  3300  766  346
16  3  2  5  2424  2396  1094  719  283
23  0  2  4  2657  866  3043  771  310
16  1  0  1  2542  1649  2314  743  250
21  1  0  0  2652  1728  2246  708  300
14  3  0  1  2436  2468  1113  660  342
15  0  1  2  2564  800  3115  831  243
23  2  0  1  2235  2071  1302  696  294
23  1  3  7  2306  1554  1862  643  312
14  0  1  2  2726  882  2986  847  316
15  2  1  2  2561  1955  1736  746  245
21  0  2  4  2754  855  3306  806  354
16  1  3  6  2600  1476  2395  818  316
17  0  0  1  2605  842  3175  875  282
15  0  3  6  2652  1387  2807  764  336
14  2  2  5  2564  2139  1673  590  297
20  1  2  4  2599  1825  2121  711  318
23  2  2  4  2277  2074  1285  636  315
16  3  2  4  2455  2578  955  696  347
16  1  0  0  2616  1613  2469  746  350
17  2  1  2  2781  2276  1965  645  347
23  1  3  7  2400  1275  2315  651  330
20  1  1  3  2561  1436  2485  804  256
15  2  2  4  2632  2271  1641  634  346
20  1  0  1  2509  1402  2350  859  194
20  1  0  0  2657  1370  2610  760  301
20  1  1  3  2625  1602  2411  803  318
16  1  0  0  2599  1767  2278  710  345
14  3  2  4  2402  2892  861  672  340
14  1  2  5  2570  1486  2542  640  365
14  3  0  0  2460  2545  1075  637  366
23  1  0  1  2476  1305  2488  737  260
16  1  3  6  2518  1686  2062  815  244
14  1  3  6  2496  1529  2436  755  257
20  1  3  6  2565  1848  1967  666  303
22  0  2  4  2927  1250  3324  786  340
16  1  1  2  2573  1436  2475  786  276
15  2  3  7  2629  1999  2008  713  294
16  2  0  0  2630  1919  2001  730  267
14  3  0  1  2477  2364  1291  662  348
23  0  3  7  2566  1076  2796  691  325
15  0  1  2  2673  1273  2748  750  363
15  0  1  2  2673  1273  2748  750  363
20  0  0  0  2658  1260  2761  783  338
15  1  3  6  2612  1575  2575  728  331
23  0  3  7  2492  791  2990  757  255
16  1  1  3  2652  1492  2537  734  359
15  2  3  6  2694  2083  2024  660  364
15  1  0  1  2596  1521  2389  764  304
23  2  1  3  2282  1952  1469  666  341
15  2  3  6  2684  2019  2069  679  346
16  1  0  0  2566  1425  2592  744  265
15  0  0  0  2669  1048  2977  854  336
21  0  1  3  2669  1174  2998  810  283
16  3  2  5  2417  2662  811  688  333
20  2  1  3  2678  2255  1726  710  284
20  1  0  0  2619  1809  2072  714  331
20  0  0  0  2656  996  3049  818  321
15  2  3  7  2656  2007  2042  691  319
22  0  3  6  2936  1416  2982  714  346
14  0  1  2  2741  1280  2604  759  334
16  2  0  1  2655  2376  1550  685  362
15  2  0  1  2676  1935  1938  734  327
23  0  0  0  2605  938  3086  719  265
20  0  0  0  2657  1300  2713  829  350
16  2  0  0  2598  1906  1955  720  231
22  0  1  2  2931  936  3580  795  340
16  1  3  6  2627  1640  2272  805  362
14  1  0  0  2543  1761  2069  685  359
15  0  3  7  2658  1374  2841  764  314
16  0  2  5  2531  1220  2466  783  182
14  0  3  6  2755  1077  3123  855  337
22  1  1  2  2955  1901  2455  677  243
15  0  0  0  2631  835  3154  889  284
16  2  0  0  2694  2169  1826  681  350
15  1  3  6  2524  1761  2236  700  274
14  2  2  5  2629  2032  1870  615  353
14  2  2  5  2629  2032  1870  615  353
14  0  2  4  2633  1007  2904  840  224
20  1  0  0  2645  1669  2260  724  318
17  0  0  0  2549  920  3005  785  238
16  1  3  6  2615  1349  2558  810  323
21  3  1  2  2415  2740  954  729  334
14  1  2  5  2588  1421  2635  647  354
23  0  0  0  2701  1325  2803  627  343
23  0  0  0  2701  1325  2803  627  343
23  0  1  3  2660  986  3038  720  336
14  0  3  6  2772  862  3411  930  357
14  1  0  0  2571  1433  2488  696  360
16  3  1  2  2393  2568  1086  703  247
20  1  2  5  2643  1489  2534  703  324
14  1  1  3  2560  1586  2268  727  348
16  3  2  4  2442  2499  1014  688  323
14  1  3  6  2560  1675  2348  745  357
20  0  2  4  2672  822  3335  847  327
20  0  2  4  2672  822  3335  847  327
22  3  2  5  2348  2710  1012  715  308
14  0  1  3  2752  1229  2668  733  339
22  3  3  6  2423  2544  1136  658  311
15  1  3  7  2593  1885  2212  704  333
23  0  2  4  2470  916  2799  817  178
20  0  1  2  2621  1218  2815  820  274
17  0  1  2  2567  820  3355  758  257
21  1  2  4  2715  1383  2617  737  336
16  3  1  2  2398  2690  972  738  313
21  0  1  3  2735  949  3364  853  354
21  1  2  4  2668  1690  2218  757  329
15  2  3  7  2686  2083  2009  714  354
16  1  1  2  2480  1521  2253  790  196
23  0  3  7  2498  1204  2543  680  261
14  0  3  6  2767  1049  3167  854  348
15  0  2  4  2681  1067  3242  735  308
14  1  0  0  2497  1564  2223  691  286
21  0  2  4  2566  859  2998  843  174
23  3  0  1  1970  2187  904  671  276
14  0  2  4  2755  907  3188  863  338
16  0  3  6  2683  1162  2813  837  321
15  2  0  0  2640  2253  1538  702  350
14  1  3  7  2504  1734  2207  707  335
16  0  1  3  2679  1010  3026  833  325
16  2  3  6  2684  2059  1762  800  339
16  2  3  6  2677  2200  1617  761  349
21  0  3  6  2736  1286  2844  792  344
23  1  0  1  2399  1256  2409  769  204
15  2  3  6  2623  2080  1902  664  298
16  0  2  5  2533  780  2966  847  162
20  1  3  6  2507  1706  2027  661  214
15  0  1  3  2686  1040  3028  829  359
20  1  1  2  2628  1827  2182  796  337
20  1  1  2  2628  1827  2182  796  337
14  1  0  0  2553  1347  2552  726  328
16  3  2  4  2443  2749  756  683  376
23  1  0  0  2517  1497  2330  682  329
15  1  3  6  2566  1909  2145  692  330
21  1  1  3  2738  1541  2658  771  338
15  1  0  1  2422  1728  1907  794  172
21  0  2  4  2751  1337  2762  736  326
15  2  0  1  2579  2007  1713  735  281
20  1  0  1  2609  1368  2533  847  276
16  2  2  5  2653  2152  1504  700  352
16  3  2  4  2353  2194  1196  721  195
16  3  3  7  2401  2433  1164  729  295
16  3  3  7  2450  2533  1140  692  309
16  3  3  7  2450  2533  1140  692  309
20  1  1  3  2624  1902  2110  740  344
15  2  2  4  2663  2144  1851  638  346
16  1  2  5  2611  1507  2305  733  318
20  1  2  4  2653  1488  2556  716  322
14  3  0  1  2389  2624  882  668  314
17  3  2  4  2593  2735  1175  585  271
16  2  1  2  2544  1890  1815  757  201
21  1  0  1  2710  1545  2538  676  333
15  1  3  6  2598  1853  2258  677  343
15  2  2  4  2620  2245  1652  635  337
16  2  1  3  2616  2146  1655  721  287
16  3  1  3  2501  2511  1304  665  363
20  0  0  0  2664  1048  3000  818  330
20  0  3  6  2602  1213  2746  694  279
15  0  1  3  2535  979  2869  813  206
17  0  3  6  2629  1264  2840  780  308
20  1  0  0  2487  1614  2078  783  191
15  0  2  5  2591  858  3344  790  246
22  0  1  2  2792  1205  3091  764  215
23  0  0  1  2473  879  2935  858  141
21  1  0  0  2587  1758  2087  693  243
15  2  1  3  2615  1839  1939  758  269
20  0  1  2  2481  1242  2580  876  180
23  0  0  0  2598  891  3137  726  277
15  1  2  4  2597  1506  2618  706  321
20  0  1  2  2641  1093  2977  896  326
16  2  3  6  2634  2269  1496  758  311
16  0  0  0  2649  1084  3052  812  293
21  1  0  0  2630  1635  2321  693  267
16  3  1  3  2324  2647  904  747  238
21  1  0  1  2705  1577  2494  661  329
14  1  2  5  2506  1611  2318  625  287
20  0  2  5  2609  1259  2770  732  283
20  0  3  7  2625  864  3159  841  290
16  2  2  4  2687  2043  1671  717  349
14  1  1  3  2546  1783  2047  681  360
14  3  1  2  2325  2679  819  666  270
14  0  0  1  2678  845  3071  827  259
17  3  0  0  2619  2849  1035  686  349
15  2  1  3  2680  2028  1825  686  339
15  2  2  4  2636  1957  2013  643  312
16  1  0  1  2469  1756  2083  770  223
16  2  3  7  2624  2266  1474  692  294
23  0  3  7  2573  852  3055  723  312
16  0  1  2  2563  1107  2746  811  210
14  1  3  6  2531  1708  2279  778  355
14  0  1  2  2660  1086  2689  790  275
15  2  0  0  2565  2350  1340  719  290
20  0  0  1  2636  1261  2720  805  317
15  1  2  5  2614  1605  2532  704  351
15  1  3  6  2582  1804  2283  722  341
20  0  3  6  2565  854  3078  760  232
20  0  3  6  2565  854  3078  760  232
14  0  2  5  2706  1382  2628  684  293
22  3  2  5  2355  2642  1093  716  284
15  1  3  7  2632  1468  2729  766  361
23  0  1  2  2642  818  3197  769  336
23  0  1  2  2642  818  3197  769  336
20  0  3  6  2643  902  3154  757  314
16  2  2  4  2593  2250  1314  708  342
16  2  1  2  2686  2111  1802  726  354
20  1  2  4  2634  1530  2488  740  319
23  2  0  1  2290  2076  1382  655  324
20  1  0  1  2549  1650  2133  762  234
16  1  3  6  2531  1556  2205  813  281
21  1  2  4  2631  1551  2307  705  268
15  2  2  5  2461  2168  1497  692  196
20  0  1  2  2500  857  3004  950  166
16  0  1  2  2680  843  3208  849  330
20  1  0  1  2570  1391  2447  839  264
20  1  0  1  2570  1391  2447  839  264
23  0  3  7  2576  828  3086  702  333
15  2  2  5  2602  2127  1764  672  303
23  0  0  1  2671  904  3232  755  298
16  0  0  0  2668  1322  2823  777  342
16  0  0  0  2668  1322  2823  777  342
16  1  2  5  2511  1505  2161  787  242
14  0  1  2  2656  940  2831  847  244
16  2  0  1  2686  1928  2068  742  348
15  2  1  3  2679  1939  1928  725  363
21  1  1  3  2520  1754  2054  789  173
16  0  2  4  2671  1062  2855  795  302
20  1  3  6  2639  1821  2107  639  368
16  2  1  2  2642  2011  1837  731  301
20  0  3  7  2582  786  3182  848  202
21  0  1  2  2666  1257  2896  711  257
16  0  3  7  2694  1233  2756  781  343
17  2  3  6  2640  2285  1611  745  226
20  1  3  7  2650  1742  2208  775  352
22  3  3  7  2366  2691  900  621  286
16  1  3  6  2639  1471  2461  811  352
16  2  0  0  2585  2267  1559  687  288
15  1  2  5  2634  1554  2632  700  350
16  2  3  7  2527  2079  1527  714  195
14  1  0  1  2524  1405  2443  738  318
14  3  0  1  2353  2634  819  663  280
14  1  2  4  2536  1915  2056  739  373
16  2  0  1  2698  2174  1828  721  361
16  3  1  2  2470  2576  1194  698  348
20  1  0  0  2530  1828  1924  749  266
23  0  0  1  2685  823  3342  846  353
14  0  1  2  2740  806  3092  812  311
20  1  2  5  2589  1590  2343  694  300
14  1  2  5  2579  1602  2441  665  360
15  2  1  2  2674  2048  1797  678  361
14  0  0  1  2762  848  3197  854  347
23  1  2  4  2487  1381  2323  687  321
20  1  3  6  2488  1564  2152  687  187
16  3  2  4  2420  2377  1101  706  284
16  3  0  0  2451  2640  1154  680  333
23  0  1  2  2592  1134  2767  717  312
21  1  2  4  2706  1412  2570  738  315
21  1  2  4  2706  1412  2570  738  315
15  1  0  1  2472  1420  2307  813  196
23  3  2  4  2194  2297  1089  624  339
23  0  1  3  2574  924  2964  779  274
22  1  2  4  3018  1901  2532  716  315
23  1  3  7  2299  1252  2192  725  267
20  0  0  1  2636  960  3063  880  310
14  0  3  7  2670  1094  2970  776  254
20  0  0  1  2671  1288  2744  799  330
15  1  0  0  2598  1579  2331  773  317
16  1  3  7  2660  1468  2503  729  368
16  1  3  7  2660  1468  2503  729  368
22  0  0  0  2872  1406  3078  788  284
23  2  1  2  2198  2070  1213  650  315
15  1  0  0  2635  1609  2371  751  357
22  3  3  7  2365  2338  1268  675  257
15  1  0  1  2575  1733  2133  750  311
17  0  3  6  2562  932  3102  893  275
14  1  2  4  2596  1509  2565  729  374
21  1  1  3  2724  1638  2526  787  353
20  1  3  7  2472  1480  2224  820  184
14  3  1  3  2440  2686  978  618  351
17  0  1  3  2558  1362  2731  719  267
21  1  0  1  2728  1505  2609  692  347
22  0  1  3  2882  1023  3419  763  310
16  2  0  1  2657  2109  1836  741  302
15  1  3  7  2555  1567  2497  729  284
20  1  2  5  2656  1714  2323  687  347
21  0  1  2  2702  907  3369  773  326
20  1  3  6  2658  1633  2340  673  350
15  2  3  7  2632  2340  1655  693  328
23  3  2  4  2195  2330  1055  663  339
14  1  3  6  2552  1367  2705  842  371
17  0  3  6  2626  1340  2745  805  333
16  2  3  6  2644  2049  1720  768  297
14  1  2  5  2516  1711  2226  630  303
16  1  2  4  2526  1289  2414  768  211
16  1  3  6  2506  1723  2006  798  235
15  1  2  5  2600  1457  2680  718  315
20  1  3  7  2689  1399  2634  802  362
21  1  1  3  2700  1815  2287  812  350
16  1  2  4  2460  1618  1958  737  183
15  1  2  5  2624  1775  2352  660  366
14  1  3  6  2557  1739  2286  756  364
20  1  0  0  2598  1771  2080  772  304
16  1  0  1  2633  1605  2507  743  352
16  0  3  6  2714  1092  2931  862  355
23  0  1  2  2551  907  2923  725  258
16  3  2  4  2502  2566  1034  667  372
15  1  2  4  2643  1692  2484  654  349
21  1  0  0  2575  1487  2399  701  193
16  1  2  5  2454  1622  1943  755  196
16  1  1  3  2638  1582  2429  744  363
17  0  1  3  2640  1272  2964  716  344
17  0  1  3  2640  1272  2964  716  344
14  1  2  5  2553  1709  2290  649  368
15  0  2  4  2618  811  3441  753  269
14  0  2  5  2702  1125  2874  694  265
16  2  2  4  2580  2261  1289  707  289
23  3  1  3  2083  2248  997  684  246
15  0  2  4  2604  1214  2938  743  265
16  1  3  7  2618  1687  2210  744  349
20  1  3  6  2660  1415  2576  667  353
15  1  1  2  2621  1566  2399  742  345
14  1  2  5  2540  1623  2357  640  323
15  2  1  2  2564  1780  1934  741  234
21  0  3  7  2727  1405  2693  750  353
15  1  2  5  2602  1382  2772  732  320
20  1  0  1  2516  1799  1918  779  237
16  2  3  7  2576  2269  1406  739  297
23  0  3  7  2596  1049  2864  701  334
20  1  1  2  2637  1613  2420  795  311
15  2  1  2  2640  2127  1667  699  353
15  2  2  4  2678  2001  2034  649  345
20  0  1  2  2649  1292  2784  855  354
16  3  0  1  2428  2715  1035  719  328
21  1  2  4  2667  1361  2566  716  281
23  0  0  1  2659  1148  2931  728  330
17  3  3  6  2554  2903  913  743  316
14  1  3  6  2469  1691  2200  820  318
15  0  1  2  2508  1186  2609  781  199
15  1  3  6  2551  1944  2083  695  305
14  0  1  2  2724  1239  2620  774  328
20  1  3  6  2610  1769  2123  682  347
14  3  0  0  2392  2456  1066  666  278
15  0  3  7  2703  1177  3120  775  357
20  0  0  1  2661  1332  2680  797  336
15  1  3  6  2490  1798  2141  736  234
22  1  0  1  2906  2130  2185  663  263
22  3  2  5  2298  2838  807  763  295
23  1  3  7  2206  1262  2040  718  192
17  0  3  6  2629  915  3225  843  312
23  1  3  7  2283  1196  2223  698  245
22  1  3  6  3062  1515  2845  693  328
15  2  3  6  2663  2039  2017  668  335
20  0  0  1  2659  1314  2690  826  351
20  1  1  3  2620  1439  2575  799  301
20  1  3  7  2481  1629  2073  754  201
21  1  2  4  2725  1516  2496  714  353
17  1  2  4  2826  1529  2686  643  337
15  0  0  1  2674  1188  2833  820  347
17  3  0  0  2621  2796  1090  692  318
16  1  2  4  2629  1535  2301  735  347
21  0  1  3  2680  860  3393  936  304
16  2  3  7  2613  2345  1368  715  310
15  2  2  5  2636  1953  2014  696  308
15  2  3  7  2608  2487  1465  698  332
22  3  2  5  2427  2724  1121  721  343
15  2  3  7  2545  2382  1470  693  266
23  1  2  4  2488  1402  2299  708  310
20  1  0  0  2571  1732  2083  766  280
16  0  3  6  2576  1018  2809  896  241
23  3  2  4  2103  2126  1129  649  210
23  0  0  1  2653  933  3162  774  311
16  1  3  6  2593  1819  2038  803  329
14  0  2  5  2663  1344  2587  659  249
21  0  1  2  2723  1128  3142  721  318
23  3  2  4  2062  2282  901  671  201
16  1  0  0  2603  1469  2606  789  337
14  0  1  2  2746  883  3014  876  342
16  1  0  0  2550  1757  2213  714  278
15  2  0  1  2675  2113  1734  700  344
20  1  2  4  2620  1551  2441  733  283
22  1  0  1  2918  1936  2396  684  230
23  3  0  0  2058  2301  927  591  409
15  2  1  3  2570  1927  1773  742  265
14  1  1  2  2549  1769  2071  705  349
15  1  2  5  2604  1465  2681  705  321
20  1  0  1  2546  1741  2030  805  270
17  3  0  0  2558  2877  917  686  277
21  1  3  7  2658  1581  2374  817  325
16  3  3  6  2425  2812  824  795  338
14  1  0  1  2535  1637  2199  693  341
16  3  3  6  2406  2422  1182  812  252
15  2  2  4  2590  2007  1886  655  301
20  0  0  1  2646  986  3043  861  317
14  0  1  3  2739  866  3027  776  314
15  2  1  3  2591  2313  1398  677  313
17  3  1  2  2440  2705  1019  695  325
20  1  1  3  2531  1376  2501  840  202
21  0  2  4  2694  852  3213  844  296
16  1  0  0  2614  1788  2278  703  333
22  1  2  5  2989  1613  2798  763  270
17  0  2  4  2554  808  3221  723  243
16  3  3  7  2442  2788  873  689  335
20  0  0  1  2645  998  3029  897  319
21  2  3  7  2648  2054  1716  730  312
16  3  1  2  2439  2658  1068  721  320
21  0  2  5  2711  899  3184  830  312
21  0  2  5  2711  899  3184  830  312
16  0  0  1  2692  1050  3158  824  324
17  3  1  2  2470  2597  1220  643  212
16  3  0  1  2504  2581  1299  681  351
17  0  3  6  2623  918  3211  850  308
17  0  3  6  2623  918  3211  850  308
20  1  2  4  2635  1599  2404  744  322
15  1  2  4  2627  1469  2710  706  335
14  0  2  4  2723  1353  2672  779  306
17  0  1  2  2624  1229  2998  694  324
14  1  2  4  2553  1591  2408  709  324
15  1  1  3  2621  1561  2395  731  328
16  3  3  7  2436  2864  793  718  360
16  1  2  4  2605  1586  2208  776  331
20  1  1  2  2546  1379  2517  843  224
23  3  2  4  2045  2306  847  675  160
14  1  1  3  2532  1629  2186  686  316
16  1  1  3  2619  1748  2225  737  334
20  1  3  6  2552  1838  1957  663  269
21  1  2  5  2619  1676  2159  740  280
20  1  2  4  2648  1557  2471  749  324
15  0  3  7  2584  1251  2859  791  246
15  1  0  1  2563  1632  2224  784  285
14  1  3  6  2409  1642  2159  771  211
21  0  2  4  2681  1309  2685  727  297
15  2  2  4  2558  1872  1985  663  228
21  0  3  7  2652  1022  3003  855  269
21  1  0  1  2714  1422  2697  670  326
16  1  2  4  2539  1663  2024  725  273
16  3  1  2  2407  2868  817  749  355
22  1  1  2  3004  2159  2264  669  312
16  0  1  3  2619  846  3111  830  275
14  3  0  1  2372  2454  1034  686  266
16  1  0  1  2475  1780  2064  746  185
16  2  2  5  2628  2224  1385  716  332
20  1  2  5  2473  1674  2079  731  181
20  1  2  5  2473  1674  2079  731  181
15  2  2  5  2607  1914  2012  668  271
16  0  0  1  2669  881  3309  829  292
22  3  2  4  2344  2801  911  704  321
16  3  2  5  2410  2501  963  719  278
15  2  3  6  2659  2110  1938  685  327
14  1  0  1  2575  1355  2576  711  336
17  0  3  6  2604  1338  2717  775  300
16  0  1  2  2633  1167  2793  832  305
21  1  2  5  2599  1577  2242  761  251
20  0  2  4  2616  798  3266  844  283
15  2  0  1  2675  1952  1906  725  344
16  1  3  7  2542  1657  2121  742  303
16  2  0  0  2658  2262  1674  695  336
21  1  0  1  2700  1752  2293  671  339
15  2  3  7  2509  2352  1426  703  255
16  1  2  5  2576  1605  2149  754  304
23  0  3  7  2531  1179  2620  657  288
23  1  2  4  2363  1354  2155  718  184
15  0  2  5  2652  1054  3205  755  300
16  2  1  2  2502  2014  1627  741  154
16  1  3  7  2538  1595  2179  741  256
21  0  3  6  2632  1068  2910  911  270
21  1  1  2  2707  1620  2517  713  322
16  2  1  3  2580  2342  1417  695  294
14  3  1  2  2359  2796  762  661  303
20  0  1  2  2666  825  3296  920  327
15  1  0  1  2587  1581  2316  792  315
21  1  2  4  2702  1341  2641  791  322
16  3  3  6  2419  2525  1100  783  293
16  1  1  3  2558  1717  2167  747  299
16  3  3  6  2356  2519  1009  776  221
14  0  1  2  2587  775  2913  895  154
16  3  2  5  2376  2636  771  694  267
21  1  3  7  2612  1476  2417  772  257
20  0  1  3  2579  1362  2614  784  275
21  1  2  5  2662  1381  2545  766  292
15  2  0  1  2562  1840  1851  772  221
15  2  0  1  2562  1840  1851  772  221
15  1  2  4  2491  1605  2327  683  201
16  0  3  7  2546  1124  2642  817  208
20  0  0  1  2537  944  2924  866  200
22  0  0  1  2835  1284  3123  745  236
15  1  2  5  2536  1760  2223  693  284
16  3  2  5  2474  2530  1032  695  353
23  0  1  3  2525  1139  2659  759  250
20  0  2  5  2593  1158  2840  731  258
20  1  0  1  2593  1775  2059  798  320
17  0  3  6  2507  1025  2871  844  200
20  1  0  0  2654  1440  2527  776  316
15  1  2  4  2588  1863  2198  656  322
14  0  2  5  2737  1369  2674  660  332
14  3  1  2  2448  2675  997  649  361
14  3  1  2  2448  2675  997  649  361
16  3  1  2  2478  2440  1339  712  350
16  2  1  2  2698  2033  1892  714  336
16  2  2  5  2624  1994  1636  706  294
14  0  1  2  2654  982  2782  833  232
20  1  2  5  2634  1756  2243  667  336
23  3  1  3  2037  2270  914  651  218
21  0  0  0  2698  1259  2862  727  320
17  0  3  6  2564  1136  2874  808  229
17  0  3  6  2564  1136  2874  808  229
15  0  1  3  2568  751  3172  882  253
15  1  2  4  2635  1334  2876  689  334
22  1  2  5  2957  1796  2548  748  260
23  2  2  4  2202  1995  1260  655  228
16  3  1  2  2451  2610  1131  699  346
23  0  1  2  2509  755  3056  770  217
21  1  3  6  2579  1592  2238  888  246
14  1  3  6  2538  1600  2418  805  339
23  1  3  6  2501  1407  2311  838  247
20  1  0  0  2604  1726  2137  712  303
15  1  1  2  2610  1361  2607  740  317
15  1  2  5  2560  1313  2780  760  291
17  0  0  0  2619  1013  3009  763  296
14  1  2  4  2498  1507  2407  743  268
17  0  0  0  2601  930  3078  800  281
15  2  2  5  2629  1953  2005  675  304
15  2  1  2  2666  1870  1988  698  334
14  0  3  6  2751  1299  2852  804  312
20  1  1  3  2577  1829  2109  754  267
14  1  0  0  2499  1488  2314  699  282
14  3  1  2  2349  2565  965  682  290
14  1  2  5  2488  1514  2386  634  270
23  1  0  0  2343  1544  2007  673  206
15  2  2  4  2585  2138  1728  653  306
15  2  2  4  2585  2138  1728  653  306
15  0  2  5  2597  887  3307  777  229
15  2  0  0  2612  2203  1553  725  317
16  0  0  0  2545  1078  2889  807  190
16  0  0  0  2545  1078  2889  807  190
16  3  3  7  2421  2771  865  754  350
16  3  3  7  2421  2771  865  754  350
23  3  2  4  2187  2323  1051  660  316
16  2  3  6  2575  2019  1650  779  226
21  1  3  7  2649  1553  2386  767  302
14  1  2  4  2515  1470  2469  736  310
15  0  0  1  2645  1073  2906  829  296
15  2  1  3  2584  2151  1553  709  290
22  3  3  7  2302  2267  1239  656  214
16  1  0  1  2509  1412  2513  788  194
21  1  2  5  2544  1546  2189  790  186
16  3  0  0  2398  2646  1059  721  305
20  1  0  1  2518  1583  2163  803  200
21  0  3  7  2593  1150  2770  849  234
20  1  0  1  2669  1380  2610  796  328
15  1  2  4  2631  1819  2314  640  337
17  0  0  1  2600  1240  2737  830  291
14  1  0  1  2538  1802  2024  667  339
21  1  3  6  2582  1544  2298  768  224
17  0  1  3  2460  853  3138  773  176
21  0  0  0  2689  910  3255  739  282
17  3  0  0  2621  2851  1033  664  313
14  3  0  0  2336  2365  1068  681  265
20  1  3  7  2523  1383  2396  791  200
14  1  0  1  2550  1489  2388  738  344
17  0  2  4  2585  1340  2680  671  281
17  0  2  4  2585  1340  2680  671  281
16  1  0  1  2620  1700  2378  731  343
20  0  0  1  2581  764  3194  878  244
23  3  2  4  2113  2327  933  672  280
23  3  2  4  2113  2327  933  672  280
16  2  0  1  2622  2206  1683  717  298
16  3  3  6  2381  2717  854  774  277
16  3  3  6  2508  2448  1308  741  350
23  3  1  3  2106  2444  850  644  324
16  0  0  0  2664  1134  3014  810  310
21  0  3  7  2635  836  3177  893  242
21  0  3  7  2635  836  3177  893  242
16  2  3  6  2598  2229  1466  762  287
16  2  3  7  2592  1915  1769  723  235
20  0  2  4  2499  776  3105  861  156
14  1  1  2  2396  1568  2037  751  206
20  1  2  5  2534  1732  2113  685  237
23  2  2  4  2265  2017  1330  651  303
22  3  2  5  2367  2632  1116  731  291
15  1  2  5  2623  1601  2548  684  331
14  3  1  3  2426  2614  1022  630  331
21  1  3  6  2614  1519  2368  840  275
15  2  0  1  2581  1856  1869  771  257
20  0  3  6  2611  1113  2866  700  268
21  2  2  5  2477  1999  1710  676  165
20  1  0  1  2624  1430  2496  835  301
17  0  1  3  2531  1029  3056  779  250
16  2  3  6  2594  1965  1729  788  268
15  1  2  5  2544  1426  2620  745  251
17  0  1  3  2489  1233  2764  743  197
23  2  2  4  2224  1920  1365  671  262
15  2  3  6  2614  2002  1976  685  263
15  2  3  6  2614  2002  1976  685  263
16  2  3  6  2544  2082  1542  771  206
16  2  3  6  2544  2082  1542  771  206
15  1  3  7  2493  1907  2034  747  242
14  0  2  5  2711  1268  2743  686  270
16  1  2  4  2615  1616  2171  723  334
20  1  0  1  2460  1653  1991  785  185
21  1  0  1  2673  1907  2075  648  329
21  1  3  7  2693  1548  2462  783  326
23  1  1  2  2423  1516  2116  646  250
23  2  2  4  2204  1712  1557  666  219
21  1  2  4  2591  1280  2550  774  209
14  1  0  1  2409  1401  2265  748  212
22  3  3  6  2372  2586  1013  691  315
20  1  3  7  2652  1468  2507  757  329
21  1  3  7  2551  1578  2216  775  179
15  1  2  4  2579  1555  2527  689  318
15  2  2  5  2536  2287  1487  640  272
14  0  1  2  2579  995  2655  801  182
16  1  3  6  2622  1659  2239  784  330
16  1  3  7  2621  1628  2270  716  329
20  1  3  7  2617  1631  2273  745  312
14  3  2  5  2373  2771  930  572  308
14  1  0  0  2499  1368  2447  701  277
17  0  1  3  2581  868  3326  793  308
20  1  0  1  2599  1693  2161  812  298
15  0  1  2  2610  1263  2677  753  296
16  0  1  3  2612  979  2961  803  250
16  2  0  0  2575  1961  1862  755  229
16  2  2  5  2540  2227  1264  696  266
20  1  3  7  2555  1552  2265  773  240
17  2  1  3  2604  2375  1576  680  186
20  1  0  1  2638  1673  2249  786  338
21  0  2  5  2576  917  2950  904  212
20  1  2  4  2587  1541  2399  730  251
15  2  0  0  2613  1936  1831  730  286
20  1  2  4  2557  1331  2571  780  229
15  0  2  4  2628  930  3297  731  274
21  1  3  6  2658  1709  2241  801  305
15  2  3  6  2642  2247  1731  659  322
21  1  3  6  2630  1828  2061  819  271
22  3  1  3  2369  2761  1085  647  301
22  0  2  4  2664  1089  2850  825  255
21  0  0  0  2566  845  3130  756  162
14  1  3  6  2569  1412  2677  772  339
16  2  3  6  2524  2286  1302  777  215
16  3  1  3  2471  2588  1181  673  338
16  0  2  5  2510  1206  2448  783  149
16  3  3  6  2444  2728  934  782  350
15  2  2  4  2617  1984  1957  649  313
23  3  1  3  2195  2231  1202  619  355
20  0  3  7  2676  864  3239  824  314
20  0  3  7  2676  864  3239  824  314
20  0  2  4  2674  1334  2773  751  305
21  1  0  1  2606  1424  2506  695  220
16  3  3  7  2418  2446  1170  701  291
21  1  1  3  2596  1448  2541  807  219
23  0  0  0  2678  1004  3128  716  324
20  1  0  1  2472  1723  1938  819  219
20  1  2  5  2610  1832  2139  654  311
14  1  2  5  2500  1741  2174  629  303
16  1  3  6  2522  1399  2352  820  240
21  1  2  4  2507  1706  1953  760  193
17  0  3  6  2621  1019  3100  847  311
20  0  3  6  2573  1311  2583  699  238
20  0  1  2  2606  1189  2827  902  314
21  0  0  0  2687  1262  2849  705  289
16  3  1  3  2317  2652  891  688  227
17  0  1  2  2576  1100  3057  726  304
20  1  0  0  2608  1685  2198  746  310
15  2  1  3  2559  2162  1508  689  273
15  3  3  7  2541  3001  1027  660  332
16  0  3  7  2688  1136  2846  809  334
14  3  0  0  2452  2411  1199  640  336
16  3  1  2  2455  2520  1228  721  320
15  2  2  5  2625  2209  1715  644  331
21  1  1  2  2571  1363  2601  720  172
16  3  3  6  2502  2452  1293  744  352
20  1  2  5  2579  1667  2249  669  258
15  1  2  5  2613  1709  2416  671  340
15  1  2  5  2613  1709  2416  671  340
22  0  1  2  2854  1188  3219  734  255
16  3  3  6  2376  2650  870  784  276
21  0  2  5  2650  894  3105  821  249
15  2  3  6  2660  2256  1788  680  346
21  1  2  4  2700  1598  2355  717  324
23  2  2  5  2219  1872  1417  625  255
14  0  1  2  2717  808  3061  854  316
23  3  1  3  2150  2271  1092  628  302
23  2  2  5  2220  1712  1579  621  235
20  1  1  3  2640  1609  2436  765  336
16  1  0  1  2539  1443  2529  778  251
14  3  0  0  2419  2621  928  644  334
15  1  1  3  2632  1440  2552  792  344
16  2  0  0  2643  2206  1707  689  296
16  2  0  0  2613  2029  1849  718  284
17  0  0  1  2617  1330  2665  815  302
16  3  0  0  2463  2654  1155  685  342
16  3  0  1  2455  2738  1050  717  336
15  1  3  7  2601  1906  2198  704  351
20  1  0  0  2602  1641  2232  728  270
21  0  3  6  2722  1178  2939  845  337
15  0  2  4  2525  989  3059  753  187
23  0  3  7  2566  1249  2591  660  307
20  0  1  3  2648  1121  2959  874  322
16  0  0  0  2672  1359  2779  760  341
14  1  3  6  2485  1693  2212  787  321
16  2  3  6  2641  2117  1643  768  296
16  0  2  5  2603  1207  2591  775  273
16  1  3  6  2557  1708  2098  794  277
14  2  1  2  2617  1862  1878  697  265
16  3  3  7  2476  2589  1119  703  346
23  2  1  3  2137  1934  1256  641  212
20  0  3  7  2494  1251  2527  816  190
16  3  2  4  2276  2324  948  736  167
17  0  0  1  2688  1165  3025  820  323
16  1  0  0  2607  1491  2581  741  333
23  3  2  4  2053  2439  734  681  235
21  0  2  4  2740  985  3139  786  330
15  2  3  7  2576  2111  1804  742  278
20  1  3  6  2511  1767  1963  677  224
20  1  1  3  2560  1537  2376  788  214
16  2  1  3  2535  2329  1352  689  234
16  2  2  5  2630  2293  1319  675  338
15  1  1  2  2608  1338  2626  740  303
16  1  1  3  2606  1857  2104  716  350
23  1  2  4  2472  1343  2333  692  310
16  1  0  1  2505  1599  2303  782  215
20  1  3  7  2484  1725  1966  759  187
23  3  2  4  2175  2144  1217  645  251
17  0  1  2  2625  1098  3139  718  322
15  0  2  4  2573  1274  2819  732  254
17  2  1  2  2697  2511  1587  618  271
15  1  0  0  2665  1443  2578  763  354
23  2  0  0  2285  2012  1431  614  326
16  1  0  0  2598  1745  2296  713  325
21  1  2  5  2580  1646  2132  723  203
15  0  1  2  2643  758  3295  816  296
15  2  3  6  2580  2066  1863  696  265
23  2  1  2  2238  1782  1575  682  286
16  0  3  7  2549  1276  2487  781  228
15  0  1  3  2559  771  3146  843  203
14  1  1  3  2532  1589  2217  702  346
23  3  1  3  2117  2222  1087  623  283
20  1  1  2  2480  1366  2433  882  178
20  1  3  7  2627  1570  2353  744  302
16  2  0  1  2514  1923  1812  757  197
21  1  0  1  2567  1637  2221  676  213
23  3  1  3  2017  2222  922  659  154
14  0  0  0  2781  886  3180  801  347
14  1  0  0  2525  1489  2350  678  325
15  1  2  5  2487  1786  2123  674  214
23  0  3  7  2431  859  2830  730  218
20  1  1  2  2647  1777  2271  772  316
20  1  3  7  2607  1866  2008  738  334
20  1  3  6  2511  1367  2403  726  217
22  0  1  2  2817  1494  2843  714  265
14  0  3  6  2762  832  3421  928  343
20  1  3  7  2546  1805  1986  791  289
16  2  3  7  2717  1924  1943  715  339
20  1  3  6  2577  1801  2031  649  293
17  3  2  4  2636  2716  1263  594  323
16  3  3  6  2380  2797  774  809  323
16  0  1  2  2579  785  3117  853  211
15  1  1  2  2581  1606  2276  715  297
16  1  1  3  2553  1795  2072  728  300
20  1  2  4  2483  1641  2125  751  199
15  0  2  5  2653  1163  3076  728  317
20  1  1  3  2562  1593  2324  826  266
22  3  1  2  2323  2834  946  675  257
14  3  1  3  2294  2616  835  649  238
14  0  3  6  2739  1260  2882  821  329
15  1  2  4  2586  1552  2547  690  295
21  0  3  6  2518  1312  2469  823  124
22  0  0  0  2933  1027  3547  829  335
14  3  0  0  2431  2513  1064  620  353
16  1  2  4  2629  1414  2423  746  325
16  3  0  0  2497  2496  1366  697  330
15  1  0  0  2478  1711  2005  784  217
17  1  0  0  2845  1609  2557  707  343
14  2  3  6  2658  1896  2051  742  342
14  1  1  3  2426  1762  1894  723  233
16  1  2  5  2590  1673  2085  748  335
15  1  3  6  2634  1579  2608  729  354
16  2  1  2  2536  2032  1658  754  194
15  1  1  2  2547  1553  2294  765  271
20  1  0  0  2604  1485  2393  767  314
21  1  2  4  2663  1701  2204  734  332
14  1  3  6  2539  1653  2361  775  348
23  2  2  5  2333  1683  1793  629  343
16  1  0  1  2661  1416  2748  768  342
23  3  2  4  2218  2317  1107  612  358
14  0  0  1  2683  835  3097  809  260
20  1  0  1  2600  1465  2409  795  291
23  2  3  7  2131  1760  1400  664  191
14  1  1  2  2419  1502  2133  756  228
23  1  3  7  2219  1239  2075  700  173
15  2  2  5  2588  2253  1599  646  318
15  2  2  5  2561  2103  1716  653  288
20  1  1  2  2613  1466  2534  797  281
16  3  3  7  2421  2817  814  738  358
21  1  2  4  2688  1400  2561  739  303
21  1  0  0  2560  1620  2220  675  174
21  1  2  4  2634  1749  2105  696  290
22  0  1  2  2837  1337  3044  736  291
14  0  0  1  2623  1039  2765  769  215
16  3  3  6  2424  2874  771  770  356
15  1  1  2  2551  1513  2342  760  277
20  1  0  1  2499  1676  2038  760  180
16  0  1  3  2515  777  3023  880  174
14  1  2  5  2550  1537  2461  660  333
14  0  2  4  2650  1103  2819  787  225
16  2  3  7  2710  1923  1938  704  335
16  3  0  0  2392  2488  1215  689  243
15  2  1  2  2659  1998  1823  689  344
14  1  3  6  2518  1761  2197  785  335
14  1  1  3  2515  1624  2170  679  296
20  1  0  0  2641  1641  2287  729  327
23  1  2  4  2480  1483  2201  706  292
16  1  1  2  2558  1410  2480  786  249
15  1  2  4  2610  1569  2569  685  341
15  1  3  6  2359  1599  2135  752  108
20  1  2  5  2629  1615  2390  669  338
20  0  1  3  2607  1330  2687  785  289
14  3  0  0  2455  2399  1214  648  331
15  0  2  5  2702  1086  3246  728  329
16  3  0  1  2445  2689  1088  729  324
23  2  1  2  2203  1799  1503  665  240
15  1  3  7  2474  1819  2087  778  225
20  0  0  1  2619  1282  2674  849  312
14  0  3  6  2757  1344  2809  793  338
15  2  0  1  2681  1982  1882  710  351
16  1  0  1  2485  1607  2264  799  215
14  0  1  3  2661  1032  2737  812  262
15  1  0  0  2614  1531  2399  762  337
21  0  2  5  2548  1198  2591  796  159
16  3  1  3  2495  2532  1269  697  360
16  1  2  4  2523  1308  2389  781  214
16  0  0  1  2672  915  3273  838  305
16  0  0  1  2672  915  3273  838  305
23  0  1  2  2617  1209  2719  693  327
16  2  1  3  2715  1979  1965  694  349
16  2  1  3  2715  1979  1965  694  349
20  1  1  3  2534  1783  2089  788  249
21  0  3  6  2718  1288  2809  812  326
16  1  0  1  2525  1683  2246  740  245
16  1  0  1  2525  1683  2246  740  245
21  0  3  7  2693  1057  3027  893  330
16  3  2  5  2504  2371  1240  692  354
20  0  3  6  2565  1048  2873  734  227
14  0  0  1  2761  1099  2905  770  310
15  2  0  1  2574  2049  1650  720  244
14  0  1  2  2629  831  2915  884  228
14  3  1  2  2433  2842  818  650  357
20  0  0  1  2513  861  2975  954  192
21  0  0  1  2692  1242  2879  717  328
16  0  0  0  2676  1340  2814  746  346
14  2  3  6  2634  2154  1723  756  338
21  1  0  0  2733  1714  2386  656  326
22  1  3  6  2410  1779  1861  690  138
21  0  3  7  2731  1296  2830  769  330
21  0  3  7  2731  1296  2830  769  330
20  0  1  3  2645  1389  2679  812  331
20  0  1  3  2645  1389  2679  812  331
15  1  2  5  2611  1334  2834  698  295
14  3  0  0  2433  2328  1260  651  316
20  0  0  0  2575  945  2982  803  237
16  3  1  2  2436  2835  887  704  353
15  1  3  7  2615  1668  2455  758  348
16  1  3  6  2613  1572  2316  810  324
21  0  1  3  2623  974  3159  849  221
15  1  2  5  2481  1524  2399  701  190
20  1  1  3  2580  1734  2212  772  279
14  1  2  5  2495  1590  2326  658  311
20  1  0  0  2549  1420  2387  772  221
16  3  3  7  2343  2311  1195  717  185
22  1  2  5  3009  1972  2440  735  308
16  0  1  2  2534  786  3041  921  187
23  3  0  1  1950  1983  1084  685  204
16  2  3  7  2530  2021  1579  733  212
14  1  3  6  2553  1405  2681  802  340
22  3  2  4  2406  2881  923  689  340
15  2  0  1  2675  2056  1796  708  350
23  1  1  3  2645  1760  2289  777  342
20  1  3  6  2579  1819  2015  636  280
16  3  0  1  2440  2412  1367  706  273
23  2  2  4  2312  1930  1490  625  334
20  1  0  0  2498  1439  2280  797  161
14  0  2  4  2721  1204  2827  776  300
22  0  2  4  2931  1314  3252  787  321
15  2  1  3  2545  2151  1495  690  257
14  2  3  6  2632  1997  1899  711  340
20  1  1  3  2658  1696  2364  756  336
21  0  1  3  2727  1087  3205  855  324
21  0  0  0  2742  956  3275  753  331
14  1  2  5  2468  1380  2490  653  268
16  3  1  3  2388  2646  1002  695  260
20  1  1  2  2592  1525  2440  826  267
15  2  3  6  2568  2094  1809  695  255
15  1  3  6  2621  1685  2476  700  349
15  1  1  2  2668  1455  2591  733  352
20  1  1  2  2518  1701  2147  804  206
22  3  1  3  2289  2740  973  646  230
16  2  3  6  2509  1913  1666  838  152
15  1  1  2  2630  1352  2644  773  330
15  2  1  3  2521  2091  1533  749  245
15  2  1  3  2521  2091  1533  749  245
23  1  0  1  2445  1608  2094  686  265
15  2  1  2  2643  2152  1640  687  341
20  1  3  6  2620  1882  2014  669  339
21  0  2  4  2641  1134  2813  794  263
21  1  1  3  2652  1606  2450  786  293
14  0  3  6  2750  1166  2997  862  331
20  1  3  6  2538  1834  1937  665  255
14  3  1  3  2392  2661  927  646  346
23  3  2  5  2117  2192  1079  613  246
22  2  0  0  2659  2297  1911  765  275
16  2  3  6  2694  2070  1772  779  327
15  2  1  2  2662  1966  1875  678  327
15  1  3  6  2614  1500  2658  717  335
20  1  1  3  2453  1737  2013  819  149
14  1  1  3  2501  1487  2277  704  256
16  2  1  3  2718  1976  1980  708  347
15  0  2  5  2620  1213  2952  716  270
20  1  2  5  2653  1412  2620  685  329
16  1  3  7  2624  1479  2433  724  320
16  1  0  1  2570  1564  2445  753  270
16  3  1  3  2435  2549  1163  693  326
14  1  3  6  2528  1718  2268  757  342
21  1  3  6  2587  1900  1923  807  249
15  1  3  6  2562  1684  2373  718  264
15  2  0  1  2629  2176  1608  736  350
15  2  0  1  2629  2176  1608  736  350
23  1  0  0  2372  1290  2337  706  184
23  0  1  2  2569  974  2910  718  266
15  1  3  6  2609  1532  2617  709  329
15  1  3  6  2609  1532  2617  709  329
14  1  2  5  2489  1719  2174  648  320
22  2  0  1  2683  2237  2011  644  290
23  1  0  0  2513  1302  2534  666  309
23  1  0  0  2513  1302  2534  666  309
21  1  2  4  2650  1409  2495  741  281
20  1  2  5  2629  1651  2338  704  338
15  1  3  7  2519  1836  2145  774  293
21  1  2  4  2655  1724  2166  767  332
17  0  3  6  2621  996  3125  808  312
16  2  0  0  2638  2121  1790  710  295
16  2  0  0  2638  2121  1790  710  295
16  2  1  2  2635  2429  1401  705  333
16  2  1  2  2635  2429  1401  705  333
20  1  3  6  2584  1513  2352  666  302
14  1  0  1  2556  1421  2481  713  338
14  1  0  1  2556  1421  2481  713  338
20  1  2  5  2500  1724  2058  694  213
16  3  3  7  2436  2439  1201  713  281
15  2  1  2  2660  2069  1758  675  325
17  0  3  6  2532  1256  2694  820  252
23  2  2  5  2251  1884  1451  623  308
20  0  2  4  2587  1315  2662  804  272
14  3  0  0  2382  2437  1061  672  280
16  1  0  0  2503  1756  2135  726  245
21  1  2  4  2640  1696  2173  703  275
15  2  2  4  2676  2002  2024  634  341
15  2  2  4  2676  2002  2024  634  341
14  1  2  5  2493  1852  2055  635  311
16  2  0  1  2618  2356  1516  709  312
16  2  0  1  2618  2356  1516  709  312
16  3  2  5  2433  2397  1102  697  284
21  1  0  1  2560  1602  2246  715  215
15  1  1  3  2637  1550  2432  725  347
21  1  2  5  2530  1517  2203  773  176
14  0  0  1  2760  990  3036  779  328
23  3  2  4  2093  2488  741  684  274
15  1  2  4  2602  1806  2279  664  338
16  3  2  4  2487  2509  1066  674  354
15  1  2  4  2537  1579  2445  692  270
20  1  3  7  2626  1521  2416  753  343
16  3  1  3  2425  2783  926  693  315
20  1  1  3  2594  1830  2143  744  304
15  0  3  7  2693  1204  3078  776  342
16  2  0  1  2705  2129  1879  729  354
21  1  1  2  2703  1670  2458  678  333
15  1  0  1  2528  1475  2325  827  253
21  1  3  7  2594  1585  2268  793  249
21  1  3  6  2680  1880  2081  802  342
14  0  2  5  2725  1284  2746  687  290
21  1  1  3  2518  1606  2233  823  176
17  0  3  6  2579  812  3261  836  257
16  3  3  6  2498  2490  1252  740  345
21  1  1  3  2726  1490  2703  771  334
20  0  0  1  2676  797  3295  880  336
21  1  3  6  2470  1471  2204  872  111
15  0  2  4  2732  842  3589  746  356
20  0  2  4  2654  1266  2824  748  295
20  1  2  4  2593  1738  2208  730  327
16  1  1  2  2622  1543  2447  775  321
23  1  1  3  2425  1333  2310  701  243
22  3  2  5  2342  2875  827  685  298
21  0  2  4  2742  1230  2879  736  343
20  1  2  5  2664  1363  2704  738  339
14  2  2  4  2610  1989  1878  713  290
23  3  2  4  2141  2235  1072  647  244
16  3  2  4  2454  2447  1080  687  335
16  3  2  4  2454  2447  1080  687  335
16  0  3  7  2549  758  3051  866  224
23  2  2  4  2345  1769  1716  677  344
21  1  2  5  2709  1384  2609  767  333
22  0  0  0  2911  1022  3513  868  293
23  3  2  4  2042  2202  952  686  157
16  1  2  5  2666  1344  2562  771  356
15  1  3  6  2543  1673  2358  715  282
15  0  3  6  2696  1234  3050  744  358
15  0  3  6  2696  1234  3050  744  358
21  1  0  1  2631  1753  2181  667  278
16  2  1  3  2612  2279  1514  688  305
20  1  2  5  2593  1324  2628  702  234
20  1  2  5  2593  1324  2628  702  234
21  0  2  5  2678  1161  2836  805  289
17  0  1  3  2625  1266  2952  706  349
17  0  1  2  2643  1040  3235  734  334
14  1  0  0  2453  1561  2161  720  277
21  1  1  2  2725  1474  2718  687  335
15  1  3  7  2510  1802  2163  724  259
15  1  2  4  2633  1404  2791  715  347
15  2  2  4  2603  2000  1917  654  283
20  1  2  4  2580  1743  2169  731  302
15  1  2  5  2636  1654  2509  679  347
14  1  0  0  2512  1480  2344  692  276
23  2  1  2  2238  1971  1373  652  330
16  3  2  4  2369  2638  756  711  296
16  2  1  2  2590  1924  1845  750  222
15  2  1  3  2656  2196  1620  705  353
15  2  3  7  2682  2174  1898  691  347
16  3  1  2  2352  2500  1093  724  205
17  0  2  4  2580  1295  2725  660  285
20  0  2  5  2658  1346  2741  712  333
20  0  0  1  2695  876  3239  884  353
16  1  0  1  2641  1833  2275  730  357
14  3  0  0  2347  2642  798  643  257
20  1  2  4  2643  1639  2380  760  351
14  0  1  2  2617  770  2951  922  221
15  0  3  6  2567  1341  2721  740  229
16  1  2  5  2608  1754  2028  719  355
23  0  2  5  2654  803  3205  692  298
23  0  1  3  2618  1110  2833  726  314
15  1  0  1  2532  1814  1976  757  293
17  2  3  6  2769  2403  1678  720  322
23  2  0  1  2158  2016  1236  721  210
21  1  3  7  2632  1821  2082  739  279
21  1  3  7  2666  1636  2327  764  311
17  0  2  4  2586  1242  2798  719  309
20  1  3  6  2661  1812  2153  637  359
16  1  2  4  2634  1367  2458  759  319
16  2  0  1  2610  2142  1720  718  271
16  3  3  7  2464  2488  1197  736  350
14  1  0  1  2565  1536  2369  719  330
17  2  2  4  2786  2311  1812  591  368
21  0  1  3  2672  796  3463  860  255
16  2  2  5  2595  2121  1456  696  290
21  0  1  2  2679  1139  3056  723  303
20  1  2  5  2622  1455  2554  702  295
14  0  3  6  2629  1287  2681  795  226
21  1  3  6  2587  1833  1996  783  264
21  1  3  6  2587  1833  1996  783  264
16  3  0  1  2388  2846  843  757  326
23  1  0  0  2369  1565  2028  642  181
20  0  1  2  2610  1025  3006  911  309
15  2  2  4  2639  1972  1890  653  343
15  1  3  7  2647  1528  2682  762  345
20  1  2  5  2669  1661  2392  660  338
15  2  2  5  2578  1868  2022  672  227
16  1  3  7  2664  1381  2588  758  352
21  1  2  5  2678  1332  2626  814  314
15  1  3  7  2638  1477  2727  783  341
21  1  0  0  2667  1632  2375  688  296
15  2  1  2  2658  2078  1745  681  346
16  1  1  3  2447  1775  1938  724  187
20  0  0  0  2654  1337  2668  765  324
22  3  1  2  2315  2938  841  724  299
15  1  3  6  2514  1648  2336  728  258
20  0  0  1  2669  1255  2780  824  331
21  1  1  2  2701  1856  2233  653  348
15  2  1  3  2621  1867  1924  722  276
15  2  2  4  2580  2059  1805  636  270
16  2  2  4  2588  2008  1560  700  275
17  2  0  0  2754  2177  1843  686  312
20  1  1  2  2659  1522  2552  819  343
20  0  2  4  2572  1269  2687  782  242
21  1  0  0  2684  1796  2222  655  315
15  1  3  6  2618  1622  2534  720  340
14  1  1  2  2584  1527  2356  731  345
15  1  3  7  2646  1629  2578  741  357
15  1  2  4  2595  1376  2764  691  289
15  0  0  1  2561  883  2990  836  213
15  1  3  7  2609  1799  2336  708  347
17  2  3  6  2652  1982  1949  742  187
14  2  3  6  2566  2033  1755  762  284
16  1  1  3  2534  1875  1973  713  260
14  2  3  6  2540  1845  1926  774  231
23  1  0  0  2449  1412  2324  685  296
16  2  0  0  2647  1900  2036  705  296
14  1  0  1  2558  1333  2585  759  328
23  2  0  1  2186  1882  1425  692  250
16  2  3  7  2682  1900  1928  696  295
15  2  2  4  2606  2204  1678  642  322
16  3  2  4  2460  2406  1130  701  322
16  3  2  5  2417  2398  1081  692  282
16  1  3  6  2613  1644  2239  782  338
21  0  1  2  2711  788  3539  763  309
21  1  0  0  2645  1762  2194  677  281
16  3  3  7  2464  2498  1192  693  302
14  1  1  2  2411  1622  2007  738  232
15  2  1  3  2621  1919  1856  720  298
17  0  3  6  2629  932  3214  849  304
22  3  3  6  2373  2517  1084  680  294
23  3  1  2  2043  2305  883  634  200
21  0  0  1  2671  1358  2714  673  303
14  1  2  5  2553  1500  2502  639  326
23  0  0  1  2665  1004  3107  748  318
15  1  3  7  2609  1464  2699  749  310
22  0  1  2  2805  1414  2909  715  259
17  0  3  6  2638  994  3151  803  302
23  0  0  1  2538  916  2982  897  228
17  0  1  3  2639  1167  3078  741  343
17  3  0  0  2650  2693  1244  674  325
16  1  2  4  2579  1754  1989  742  308
16  2  0  1  2696  2043  1959  713  346
21  0  0  1  2668  1181  2909  721  272
16  2  1  2  2656  2108  1755  730  333
15  0  0  0  2677  1230  2780  812  356
20  1  0  0  2606  1911  1985  768  355
14  2  2  4  2637  1970  1951  758  337
21  1  1  3  2544  1772  2080  783  212
20  1  2  4  2634  1672  2326  715  321
16  2  3  6  2614  2036  1680  793  288
22  0  0  1  2855  961  3488  790  280
15  2  1  2  2671  1942  1918  690  345
16  2  1  3  2691  2093  1819  726  338
15  1  2  5  2618  1326  2864  737  313
16  1  1  3  2526  1432  2408  765  223
16  1  3  7  2606  1899  1968  725  347
16  1  2  5  2568  1602  2133  744  279
14  0  0  1  2734  832  3170  867  324
15  2  3  6  2617  2433  1541  651  336
16  3  3  6  2501  2592  1151  750  351
14  3  2  5  2398  2926  819  593  367
21  1  3  7  2614  1832  2036  795  272
16  2  2  5  2651  2214  1430  693  343
21  0  0  1  2721  883  3324  726  317
23  0  2  4  2538  940  2877  779  212
14  1  1  3  2542  1780  2043  661  350
15  2  3  7  2681  2071  2005  701  335
20  1  2  4  2512  1502  2330  759  198
15  0  0  1  2649  1256  2714  786  308
14  1  2  5  2459  1709  2152  688  296
21  0  1  2  2731  1073  3213  731  324
16  1  1  2  2478  1830  1928  746  241
14  3  0  0  2260  2395  920  677  148
17  0  1  2  2607  1356  2826  679  346
23  3  2  5  2051  2359  807  645  212
20  1  3  7  2569  1630  2194  765  305
15  1  3  6  2580  1416  2699  741  268
20  1  3  6  2622  1664  2245  680  335
20  1  3  6  2622  1664  2245  680  335
16  2  1  3  2676  2306  1581  679  341
16  2  0  0  2551  1896  1891  750  188
20  1  3  6  2637  1681  2250  671  346
14  2  2  5  2642  2196  1734  583  337
16  2  0  0  2652  1894  2053  716  294
20  0  1  3  2644  1381  2693  780  323
20  0  0  0  2657  1105  2893  802  325
16  2  0  0  2554  2290  1487  708  254
16  0  3  7  2703  1170  2829  770  341
20  0  0  0  2652  1173  2841  826  330
16  3  2  4  2445  2587  924  705  327
16  3  1  3  2282  2707  783  722  203
14  3  0  1  2403  2684  841  645  337
16  2  0  0  2555  2157  1629  696  233
20  1  3  7  2574  1722  2113  784  280
23  0  0  1  2694  948  3221  770  342
14  1  2  5  2471  1709  2173  644  277
17  2  0  1  2743  2406  1585  766  310
15  1  0  1  2521  1630  2161  777  257
20  1  1  2  2549  1883  2017  799  265
20  1  0  0  2648  1644  2290  759  345
15  1  2  5  2578  1760  2296  691  313
23  1  0  1  2491  1499  2288  706  301
20  1  1  3  2469  1806  1974  808  185
20  1  1  3  2469  1806  1974  808  185
16  2  0  0  2540  1981  1790  715  198
17  0  3  6  2556  1057  2954  843  252
14  1  1  3  2411  1554  2085  747  206
23  1  1  3  2523  1328  2459  693  348
20  1  1  3  2550  1794  2111  756  262
20  1  1  3  2485  1680  2125  793  176
20  1  1  3  2485  1680  2125  793  176
15  2  2  4  2653  1924  2071  663  320
21  1  2  4  2551  1493  2262  759  184
21  1  2  4  2608  1479  2347  745  241
14  3  0  0  2435  2682  890  622  355
22  3  0  0  2336  2942  877  744  313
14  1  3  6  2545  1746  2256  791  345
14  1  0  0  2539  1757  2086  683  354
21  1  2  5  2731  1398  2631  728  344
21  1  2  4  2639  1298  2600  760  241
15  1  3  7  2542  1720  2303  764  279
20  0  1  3  2666  1182  2927  823  340
15  1  3  6  2647  1618  2597  695  352
14  0  2  5  2710  846  3181  714  288
16  2  2  5  2687  1872  1852  711  330
16  0  3  7  2658  1198  2731  756  298
16  3  1  2  2470  2462  1309  698  296
15  0  1  2  2646  782  3274  813  291
23  3  1  2  2002  2165  963  639  170
23  3  1  2  2156  2198  1163  669  323
22  1  0  0  2885  1735  2546  806  216
20  1  2  4  2625  1713  2283  704  312
21  0  2  4  2528  1152  2627  769  136
15  1  3  7  2611  1606  2538  758  320
14  3  0  0  2491  2458  1212  613  359
21  1  0  0  2536  1621  2192  722  198
15  1  1  2  2576  1765  2096  697  303
21  0  2  4  2739  1137  2968  741  332
15  2  1  2  2565  2257  1418  672  296
20  1  1  3  2609  1811  2187  757  327
23  0  1  3  2554  1163  2674  734  276
16  2  0  1  2695  2051  1946  721  340
15  0  1  3  2586  769  3178  844  232
23  0  0  1  2623  854  3212  794  259
23  0  0  1  2623  854  3212  794  259
23  0  1  2  2605  1132  2786  745  313
21  1  3  6  2691  1852  2135  788  337
23  0  1  3  2511  941  2832  814  185
14  1  0  1  2559  1589  2301  717  353
16  3  1  2  2325  2651  900  724  206
15  1  1  2  2512  1711  2069  707  250
22  3  1  2  2340  2960  855  681  313
16  3  1  2  2428  2550  1160  708  295
14  1  0  1  2567  1354  2576  733  364
16  3  2  5  2346  2593  769  713  266
16  3  2  5  2346  2593  769  713  266
20  1  3  7  2636  1516  2427  785  318
16  1  3  7  2641  1445  2492  730  347
20  0  1  3  2624  822  3230  934  303
22  0  0  1  2807  931  3446  746  216
14  1  2  5  2488  1521  2382  642  288
15  1  3  7  2433  1789  2056  732  175
15  2  1  3  2626  2154  1617  711  302
16  3  2  4  2353  2199  1193  746  201
14  3  0  1  2401  2275  1265  678  299
15  0  2  4  2641  968  3282  733  274
23  0  0  1  2746  784  3205  843  279
14  1  2  4  2563  1521  2501  721  341
16  3  2  4  2362  2505  890  709  255
22  2  2  5  2722  2143  2093  717  311
16  3  2  4  2464  2295  1254  685  326
15  0  0  0  2648  1181  2791  813  306
14  1  0  1  2543  1650  2206  735  348
17  0  0  0  2619  1025  3000  771  299
16  1  0  1  2590  1842  2184  723  312
15  2  1  2  2621  1946  1834  700  306
14  1  1  2  2556  1419  2429  750  318
21  1  3  7  2639  1443  2497  835  282
14  0  1  2  2730  1263  2602  774  331
16  1  1  3  2650  1577  2456  724  336
15  1  0  0  2488  1781  1949  761  210
15  1  0  0  2488  1781  1949  761  210
21  1  2  4  2591  1705  2092  741  241
17  0  2  4  2631  1249  2855  667  330
21  0  3  6  2704  1306  2771  834  319
16  2  1  3  2589  1938  1829  711  230
14  2  1  3  2561  1870  1791  750  279
23  0  3  7  2559  1107  2753  694  333
14  2  2  4  2654  2066  1878  691  344
14  1  2  5  2387  1524  2222  664  167
16  3  1  2  2347  2392  1186  742  196
16  3  3  6  2416  2416  1195  789  268
22  3  3  6  2437  2359  1348  693  332
17  0  1  3  2574  1208  2932  740  300
16  1  3  7  2633  1565  2357  767  346
14  1  1  3  2577  1617  2263  666  343
15  1  0  1  2643  1511  2471  788  348
15  1  1  3  2588  1506  2403  749  296
14  1  2  5  2533  1898  2077  603  347
22  0  3  7  2838  1191  3063  703  251
21  1  0  1  2653  1473  2531  706  282
21  1  3  6  2620  1642  2244  856  270
15  2  1  3  2636  2291  1479  680  336
20  2  2  4  2671  2077  1850  701  266
20  1  1  3  2613  1761  2238  780  321
14  1  1  3  2561  1598  2262  679  333
15  1  3  6  2502  1373  2611  758  189
23  0  0  0  2526  1019  2869  743  180
16  2  1  2  2662  2137  1737  736  333
14  1  1  2  2541  1405  2426  732  306
16  1  2  4  2617  1757  2042  713  354
16  3  2  5  2448  2365  1168  703  308
20  1  2  4  2607  1879  2081  711  326
16  2  2  4  2566  1967  1575  726  250
16  2  2  4  2566  1967  1575  726  250
15  2  2  4  2503  2108  1620  653  213
15  0  2  5  2669  1225  3048  710  306
17  0  1  2  2579  1376  2752  739  323
21  0  2  4  2622  839  3114  880  236
15  0  0  1  2674  1228  2789  789  336
17  3  3  6  2613  2500  1434  750  283
15  2  2  4  2627  1905  2060  659  304
20  1  1  2  2633  1476  2559  812  305
14  1  0  1  2516  1423  2420  717  291
23  3  1  3  2095  2407  872  677  304
14  1  0  1  2493  1756  2017  717  283
20  1  0  1  2627  1742  2160  765  327
16  2  3  6  2644  1880  1890  776  265
14  1  0  0  2493  1313  2500  727  247
16  3  3  6  2492  2697  1038  759  362
14  1  3  6  2489  1818  2086  764  316
16  2  0  0  2671  1909  2064  717  302
16  2  0  1  2584  2147  1680  717  270
21  1  3  6  2704  1542  2486  842  329
16  2  0  1  2434  2124  1481  749  125
16  2  0  0  2516  2208  1511  707  211
16  2  3  6  2530  2255  1344  759  229
15  1  3  6  2601  1909  2206  715  360
14  0  0  1  2699  819  3140  868  286
21  0  2  5  2713  934  3146  859  325
20  1  2  5  2504  1750  2043  671  193
20  1  2  5  2504  1750  2043  671  193
20  1  0  1  2675  1451  2543  801  335
20  0  1  3  2661  1033  3076  849  337
20  1  1  3  2612  1451  2548  827  313
17  2  0  0  2810  2060  2040  711  327
20  0  0  0  2487  963  2823  874  154
21  0  1  3  2680  1055  3158  837  283
20  1  2  4  2607  1865  2079  723  335
22  0  3  7  2913  940  3464  729  294
20  1  2  5  2627  1467  2528  688  279
14  1  2  4  2421  1671  2122  757  249
15  1  0  1  2495  1787  1948  769  245
14  0  2  5  2685  1043  2940  737  276
16  1  2  4  2612  1632  2174  729  335
20  0  2  5  2648  1152  2935  726  297
14  0  2  4  2738  1025  3034  847  334
15  0  2  4  2588  1267  2851  735  271
16  1  0  1  2491  1711  2169  772  243
14  1  0  1  2592  1340  2624  733  343
21  1  2  4  2644  1468  2431  731  269
21  0  0  0  2748  1239  2973  698  335
21  0  2  4  2694  1176  2858  800  305
16  0  0  1  2662  1178  2970  815  327
22  0  3  6  2841  1388  2865  733  271
15  2  3  7  2571  2444  1448  704  323
23  1  2  4  2508  1391  2341  711  323
15  0  1  2  2679  1049  3013  805  344
14  1  3  6  2542  1847  2136  742  358
21  1  1  3  2604  1662  2303  803  252
23  2  3  7  2212  1624  1672  670  248
14  3  0  0  2441  2701  883  661  375
15  2  3  6  2664  2311  1735  658  352
20  1  1  3  2573  1832  2102  755  259
20  0  3  6  2675  1227  2837  685  320
20  1  2  4  2645  1563  2462  737  315
22  1  3  6  2977  1719  2489  727  321
15  1  3  6  2606  1760  2378  717  330
15  1  3  6  2606  1760  2378  717  330
14  1  2  5  2470  1908  1965  637  303
16  3  1  2  2448  2716  1026  710  337
15  1  3  6  2526  1577  2430  748  251
17  0  2  4  2498  1006  2906  752  204
16  2  3  7  2650  2069  1702  692  294
16  2  2  5  2609  1863  1744  709  288
15  0  2  4  2657  803  3505  775  303
16  3  1  2  2496  2585  1223  709  359
15  2  2  4  2608  2157  1738  669  326
16  1  2  4  2573  1750  1982  719  322
14  1  3  6  2536  1684  2314  773  340
21  1  1  3  2713  1448  2733  809  298
14  0  1  3  2741  1294  2583  719  337
23  3  1  3  2169  2319  1074  618  337
16  0  0  0  2581  1005  3034  799  219
15  2  3  6  2615  2151  1827  673  277
20  0  1  2  2628  1240  2808  858  315
20  0  1  2  2635  1378  2678  842  312
14  2  3  6  2608  2015  1854  753  306
16  2  3  7  2696  2118  1727  695  341
15  1  2  4  2647  1346  2907  715  322
15  0  2  5  2638  1300  2905  706  294
16  2  3  6  2714  2084  1790  756  343
21  0  2  4  2727  1329  2729  777  314
16  3  2  5  2365  2365  1040  708  264
21  1  1  3  2639  1748  2260  797  282
21  1  0  0  2701  1879  2159  645  332
23  2  2  5  2300  1943  1463  600  323
14  3  0  1  2377  2459  1031  659  265
16  3  3  6  2391  2465  1117  804  284
15  0  3  7  2592  984  3165  799  252
16  2  2  5  2605  2222  1362  701  333
17  0  1  3  2568  883  3291  772  246
20  1  0  0  2506  1716  1995  736  237
21  1  1  3  2620  1418  2616  842  230
16  0  3  7  2597  1049  2802  803  252
15  1  2  5  2606  1443  2713  699  297
21  1  0  0  2711  1509  2580  706  333
16  0  1  3  2609  1048  2886  804  289
15  2  1  2  2645  2073  1731  677  331
16  2  1  2  2631  2176  1654  716  284
16  2  2  4  2592  2188  1383  715  288
15  1  2  4  2593  1636  2467  666  299
20  0  3  6  2527  908  2960  762  171
17  0  3  6  2522  848  3127  867  222
16  3  1  2  2469  2579  1186  701  313
21  1  2  5  2642  1814  2031  770  309
15  0  1  2  2686  1229  2834  767  353
15  1  1  2  2622  1726  2222  697  346
14  1  0  0  2568  1580  2326  681  344
15  2  3  7  2548  2415  1433  687  298
16  2  3  6  2673  2004  1804  767  332
20  0  0  1  2624  822  3200  909  283
22  3  1  2  2283  2720  982  682  215
20  0  1  2  2590  1173  2818  865  277
21  1  0  1  2677  1528  2510  688  294
16  1  1  2  2451  1808  1917  760  191
21  1  0  1  2597  1823  2054  710  264
14  1  2  4  2526  1916  2053  685  352
22  3  1  2  2306  2899  857  696  287
16  2  2  4  2553  2203  1304  701  291
17  0  0  0  2639  1144  2903  768  341
21  1  2  4  2622  1801  2029  700  294
15  2  0  0  2583  2099  1616  744  275
16  1  0  0  2604  1782  2271  711  331
20  0  0  0  2607  992  2979  844  276
16  2  0  0  2693  2145  1854  694  353
21  0  2  5  2591  1219  2638  798  213
16  1  2  5  2580  1275  2514  790  281
15  2  1  3  2609  2087  1670  718  311
20  1  0  1  2682  1415  2597  803  332
21  1  2  5  2665  1574  2345  786  302
15  0  0  0  2657  1227  2763  831  328
14  0  2  5  2730  878  3180  755  315
16  3  2  4  2420  2347  1134  729  289
16  3  3  7  2412  2532  1086  727  289
14  1  2  4  2481  1914  1976  725  289
16  0  2  5  2680  916  3042  826  314
14  2  1  3  2666  2041  1779  650  337
15  1  3  7  2525  1738  2266  740  244
15  1  0  1  2638  1619  2353  764  343
23  2  3  7  2216  2048  1223  622  311
21  1  3  6  2551  1724  2061  805  210
15  0  2  4  2723  839  3580  778  355
16  3  3  6  2438  2874  794  767  359
20  1  0  1  2595  1371  2514  829  274
16  1  1  3  2565  1899  1989  709  317
16  1  3  6  2605  1490  2391  841  314
17  2  3  6  2668  1921  2047  766  184
16  1  0  1  2574  1354  2685  781  264
16  2  3  6  2695  2132  1706  769  342
14  1  3  6  2435  1755  2071  826  280
16  2  0  1  2649  2410  1500  688  347
14  1  3  6  2468  1617  2283  786  263
16  3  2  4  2429  2471  1021  679  300
15  2  2  5  2625  2191  1717  636  307
14  2  2  5  2651  2100  1879  661  343
21  0  0  0  2598  1261  2716  706  217
20  1  2  5  2598  1808  2132  695  321
16  1  0  1  2601  1704  2347  731  318
16  2  3  6  2592  2055  1637  809  251
21  0  3  7  2644  1238  2750  776  259
15  2  3  7  2617  1957  2032  704  297
16  3  2  4  2341  2615  746  759  259
16  3  3  6  2401  2578  1019  790  310
14  0  1  3  2624  1211  2504  782  230
15  2  1  3  2622  1998  1779  711  288
16  2  0  0  2573  2193  1614  695  264
23  0  0  0  2597  956  3046  738  271
17  3  0  0  2568  2908  900  692  331
16  3  2  4  2383  2445  980  740  251
16  3  3  6  2415  2526  1088  799  309
16  2  1  2  2573  2219  1525  711  231
20  1  3  6  2510  1484  2268  698  213
22  1  2  5  3067  1585  2930  765  340
23  3  2  5  2157  2322  1012  615  297
16  1  0  1  2650  1424  2730  776  342
16  1  0  1  2650  1424  2730  776  342
21  0  0  1  2572  1147  2795  709  189
16  2  0  0  2610  2331  1525  693  312
15  1  1  2  2516  1624  2174  756  258
14  1  3  6  2513  1792  2152  774  315
16  3  3  7  2431  2436  1203  725  273
14  0  0  1  2697  1249  2642  733  283
21  1  0  1  2671  1672  2333  730  327
16  3  3  6  2511  2542  1212  779  355
20  1  1  2  2617  1552  2456  783  298
16  1  3  7  2655  1401  2563  751  344
15  2  0  0  2661  2128  1696  710  347
16  3  3  7  2303  2466  987  773  193
14  3  0  0  2451  2545  1049  626  356
16  1  3  6  2622  1382  2530  806  314
21  1  2  4  2553  1761  1975  735  235
17  0  0  0  2611  1012  3009  763  285
15  0  0  0  2719  974  3127  816  358
20  0  2  5  2578  994  2991  757  245
20  1  0  1  2656  1506  2454  776  311
15  1  3  7  2626  1652  2516  748  353
20  1  0  1  2656  1375  2606  827  335
21  1  3  6  2621  1641  2252  782  254
20  0  1  2  2626  1318  2727  865  317
14  1  0  1  2488  1567  2210  749  306
16  2  2  5  2650  2173  1472  709  347
14  3  0  1  2304  2583  795  695  237
20  1  1  2  2629  1511  2510  849  300
23  2  0  1  2274  2008  1436  698  347
16  3  2  4  2472  2450  1104  680  330
20  1  0  0  2561  1450  2372  763  248
21  1  1  2  2512  1772  2039  729  181
14  1  1  2  2505  1425  2351  720  274
20  1  2  4  2634  1825  2186  694  334
21  1  2  5  2578  1444  2349  769  222
15  2  2  5  2504  2237  1485  653  252
14  1  3  6  2534  1384  2654  799  332
15  1  2  4  2646  1437  2782  708  347
20  0  1  3  2520  1295  2588  818  208
14  0  2  5  2735  959  3112  749  313
16  1  0  0  2622  1747  2332  707  333
20  1  2  4  2656  1588  2469  733  331
20  1  1  2  2538  1690  2187  824  245
14  3  1  2  2415  2668  959  662  356
16  2  2  4  2696  1939  1789  730  344
14  3  1  2  2286  2640  796  672  194
15  2  0  1  2547  2254  1399  730  263
15  2  0  0  2636  2339  1448  724  345
20  1  3  6  2491  1381  2345  725  214
20  1  3  6  2602  1616  2266  658  286
14  1  1  2  2474  1614  2107  722  273
21  0  0  0  2724  1056  3143  722  323
14  0  1  2  2742  1126  2762  767  307
15  1  3  6  2620  1802  2353  694  363
15  1  1  2  2574  1474  2421  725  284
23  2  2  4  2276  2098  1263  628  330
17  0  3  6  2576  974  3079  843  248
16  3  0  0  2398  2579  1129  682  263
16  1  0  0  2651  1478  2671  741  341
21  1  2  5  2593  1557  2248  747  214
16  3  1  3  2455  2450  1298  685  299
15  1  2  5  2604  1490  2614  696  318
16  1  2  5  2625  1664  2155  742  343
21  1  3  6  2626  1833  2053  792  304
14  1  3  6  2502  1772  2146  798  337
21  0  1  3  2573  805  3286  932  209
15  1  2  4  2489  1518  2429  707  215
15  1  2  4  2489  1518  2429  707  215
23  0  0  1  2571  862  3125  818  258
15  1  0  1  2650  1576  2406  746  354
16  1  3  6  2515  1545  2198  801  219
14  0  2  5  2656  983  2956  727  237
21  0  0  0  2718  1371  2774  684  315
20  0  0  1  2506  929  2888  919  162
16  2  3  6  2636  1970  1781  791  270
14  1  3  6  2445  1684  2178  824  262
21  0  0  1  2714  1208  2948  690  305
20  1  2  5  2645  1796  2219  654  349
14  2  2  5  2463  1970  1687  625  179
22  0  1  3  2784  897  3398  754  221
22  1  1  2  2924  2046  2266  713  240
21  0  1  3  2630  1257  2841  876  284
16  3  3  7  2394  2574  1012  718  256
15  0  1  3  2676  927  3149  830  324
16  3  1  2  2409  2666  1017  700  293
15  1  0  1  2576  1761  2099  742  306
20  1  0  1  2522  1493  2247  777  217
20  1  2  4  2516  1595  2225  751  208
16  1  3  6  2623  1752  2144  767  349
21  1  1  3  2628  1518  2510  812  270
16  0  3  6  2599  874  2988  906  233
20  0  0  0  2662  1299  2722  764  340
16  2  0  0  2622  2225  1657  685  305
15  2  0  1  2549  2272  1388  704  264
17  3  0  0  2512  2653  1088  685  226
15  2  1  2  2628  2194  1576  668  349
20  1  3  6  2512  1446  2310  681  199
16  3  3  7  2444  2502  1155  717  337
20  1  1  2  2623  1896  2115  768  332
17  0  0  0  2491  834  3013  800  179
15  2  2  5  2573  2154  1688  658  297
15  0  1  3  2666  1267  2746  811  345
16  2  1  2  2592  2150  1617  737  269
20  0  3  7  2665  857  3230  857  318
20  1  3  7  2487  1658  2048  765  223
15  2  3  6  2591  2258  1678  677  274
15  1  3  7  2524  1667  2337  737  267
17  0  1  3  2564  1344  2773  731  267
16  2  3  7  2687  1939  1894  700  308
23  0  2  4  2641  829  3164  763  303
22  1  1  2  2971  1721  2654  697  245
16  2  1  2  2653  2101  1754  720  315
21  1  0  0  2691  1766  2263  671  314
21  0  1  3  2689  1291  2896  802  330
15  1  0  0  2578  1850  2016  756  330
15  1  3  7  2603  1679  2446  756  339
23  3  2  5  2177  2246  1120  615  308
16  3  2  5  2432  2704  784  684  351
21  0  0  0  2632  1152  2886  734  245
20  1  1  3  2602  1853  2129  750  309
15  1  0  1  2510  1443  2333  814  219
22  3  3  7  2333  2479  1055  652  271
16  2  1  3  2596  2216  1561  719  283
21  1  0  0  2674  1777  2223  669  304
21  1  2  5  2668  1570  2346  739  310
14  0  1  3  2570  1160  2484  802  199
16  2  2  4  2628  1772  1871  723  257
16  2  2  4  2628  1772  1871  723  257
21  0  1  3  2563  772  3307  910  165
23  0  0  0  2521  911  2987  765  210
23  0  0  0  2637  1136  2914  687  281
14  0  3  6  2755  1310  2847  781  340
16  0  3  6  2676  1079  2888  854  328
15  0  3  6  2662  984  3269  763  297
14  1  3  6  2560  1618  2432  773  349
16  1  2  5  2430  1615  1905  791  176
20  1  1  3  2585  1705  2250  781  261
14  3  2  5  2355  2780  894  593  294
21  0  0  0  2644  811  3300  811  247
20  1  3  6  2640  1461  2493  689  314
16  0  0  0  2689  1094  3092  781  317
21  0  2  4  2704  784  3335  835  316
15  2  3  7  2632  2195  1802  693  309
15  1  2  4  2558  1540  2514  677  290
14  3  1  2  2372  2599  953  711  295
16  0  0  0  2700  976  3253  811  331
15  1  2  4  2673  1365  2908  682  339
21  1  2  4  2657  1678  2207  715  289
16  1  2  5  2628  1562  2273  729  329
16  2  0  0  2696  2097  1902  683  334
17  0  0  1  2508  826  3041  882  160
14  1  2  4  2532  1461  2512  735  299
20  1  1  3  2599  1677  2300  785  307
15  1  0  0  2615  1825  2095  735  354
23  1  3  7  2296  1618  1784  632  300
15  0  2  4  2634  1127  3085  721  303
23  3  2  5  2192  2204  1185  599  306
16  2  3  6  2555  2127  1507  792  222
17  0  1  3  2542  1331  2737  742  284
20  0  1  3  2544  1315  2601  834  254
22  3  3  7  2435  2467  1219  651  349
20  1  1  2  2517  1642  2206  808  200
20  1  0  0  2629  1611  2310  729  313
16  2  0  1  2539  2119  1642  723  226
15  2  1  2  2650  2069  1743  740  347
15  2  2  4  2606  2149  1738  653  315
16  1  1  3  2620  1635  2346  726  345
21  1  0  0  2703  1649  2417  695  334
16  1  1  3  2639  1559  2451  724  332
15  2  1  2  2593  2276  1440  683  328
14  0  2  5  2733  839  3224  717  294
16  2  3  7  2631  2225  1522  705  305
20  0  1  3  2591  1095  2902  857  279
20  0  1  3  2591  1095  2902  857  279
21  0  2  5  2721  1151  2922  806  341
17  0  1  3  2551  877  3257  781  250
16  1  3  6  2487  1558  2139  826  216
14  1  0  0  2472  1518  2240  697  247
14  3  0  0  2342  2339  1103  685  258
14  2  2  5  2512  1969  1768  616  228
16  3  0  0  2409  2619  1104  716  281
23  0  1  3  2571  849  3048  753  263
15  1  1  3  2598  1617  2305  761  327
22  3  2  5  2373  2691  1047  707  311
23  0  0  0  2553  806  3155  767  228
20  0  2  4  2588  810  3212  821  250
17  0  0  1  2580  790  3202  889  257
15  0  1  2  2530  970  2869  809  182
21  1  1  2  2676  1780  2283  707  328
14  2  2  5  2536  2048  1726  617  234
21  1  2  5  2692  1629  2313  750  322
20  1  3  7  2599  1551  2319  742  313
22  3  3  6  2414  2513  1158  669  323
14  1  0  1  2411  1745  1890  699  242
23  3  0  1  2010  2289  870  687  336
22  3  1  2  2236  2759  877  707  196
23  0  1  3  2654  922  3097  750  317
21  0  0  0  2591  1308  2648  716  236
20  1  1  2  2579  1478  2466  822  244
15  1  1  2  2639  1683  2293  707  354
15  2  0  0  2690  2056  1815  741  361
14  1  3  6  2520  1628  2368  787  348
21  1  2  5  2645  1720  2157  749  291
17  0  1  2  2558  1052  3085  733  265
14  3  3  6  2418  2683  961  721  342
21  0  2  4  2665  1113  2866  798  271
21  0  2  4  2665  1113  2866  798  271
22  0  2  5  2821  1419  2952  787  216
23  1  1  2  2444  1387  2278  668  243
16  3  1  2  2490  2491  1301  714  350
17  0  3  6  2541  1079  2898  830  239
16  1  3  6  2588  1522  2325  795  288
16  3  0  1  2478  2745  1077  708  361
23  3  1  3  2123  2437  877  650  345
15  1  2  5  2608  1803  2296  685  343
16  3  2  4  2339  2583  771  699  227
16  2  3  7  2617  2158  1564  719  305
16  1  2  4  2510  1687  1951  735  241
16  3  2  4  2451  2524  1000  691  324
14  0  2  5  2743  1261  2796  696  332
15  1  3  6  2553  1577  2472  721  278
15  2  1  2  2615  2083  1676  682  299
23  0  2  4  2521  1053  2724  738  177
22  1  0  1  2983  1881  2538  658  301
16  3  3  7  2368  2431  1110  726  232
20  0  2  5  2604  1156  2869  719  263
20  1  2  4  2601  1748  2208  730  302
15  2  2  4  2478  2004  1691  663  173
16  3  3  6  2350  2653  876  751  230
14  3  0  0  2303  2534  845  668  240
15  2  1  3  2526  2116  1504  727  243
21  0  3  7  2667  1315  2704  834  297
21  1  2  5  2589  1567  2229  756  238
17  0  1  3  2623  1258  2958  717  349
15  1  0  1  2599  1925  1967  757  335
22  3  3  7  2461  2366  1369  656  323
23  0  1  2  2600  1289  2618  677  311
20  0  1  3  2626  1280  2764  821  310
21  0  3  6  2552  1138  2719  904  171
21  0  3  6  2552  1138  2719  904  171
17  0  1  2  2535  1068  3027  751  256
20  1  1  3  2614  1863  2142  779  330
17  0  3  6  2625  948  3181  859  310
14  0  3  6  2766  918  3330  904  338
14  1  2  4  2456  1649  2205  775  287
20  0  1  2  2660  1092  3011  828  312
17  2  1  3  2673  2512  1540  669  265
21  0  3  6  2620  1257  2696  858  255
14  1  0  1  2421  1568  2101  726  235
16  1  0  0  2651  1578  2563  725  344
15  1  0  0  2558  1661  2180  776  286
20  1  1  3  2654  1546  2518  775  307
21  0  3  7  2664  1360  2645  808  286
15  1  1  2  2625  1544  2427  717  324
17  0  1  2  2529  1314  2738  700  250
15  1  2  5  2612  1637  2494  679  317
14  0  1  3  2612  973  2726  749  166
14  1  3  6  2479  1680  2220  799  300
23  3  1  2  2160  2279  1091  597  333
22  0  0  1  2908  1039  3498  765  283
17  3  0  0  2531  2474  1286  695  181
14  3  0  1  2461  2338  1293  646  330
16  0  3  6  2562  798  3014  949  238
15  1  3  7  2523  1687  2315  731  252
14  2  3  6  2487  1833  1862  807  215
21  0  3  6  2711  845  3284  872  316
16  2  0  0  2635  1876  2038  743  275
16  0  1  3  2605  1193  2725  772  264
20  1  3  6  2555  1485  2330  678  236
15  0  1  2  2658  1282  2725  747  340
14  1  1  3  2374  1677  1897  709  158
23  0  0  1  2702  1046  3118  752  330
23  0  1  3  2627  1166  2785  698  320
21  0  3  7  2722  1130  2978  833  337
21  1  2  4  2664  1555  2353  709  273
15  2  0  0  2676  1984  1880  736  353
16  2  3  7  2678  2229  1582  691  340
20  1  3  6  2458  1727  1930  668  197
16  2  0  0  2684  1968  2028  705  312
16  3  2  4  2426  2551  936  718  343
22  1  2  5  2990  1521  2886  812  287
14  1  2  4  2546  1667  2324  721  336
15  0  2  5  2607  792  3450  764  239
20  0  2  4  2652  1288  2799  759  327
14  1  1  3  2483  1459  2279  737  269
14  0  1  2  2607  880  2820  830  165
15  0  0  1  2676  926  3118  879  341
15  0  2  5  2640  1235  2964  711  280
20  0  3  7  2647  1212  2805  799  314
20  1  1  3  2552  1491  2414  818  249
20  1  2  4  2609  1831  2120  710  330
14  3  0  1  2431  2455  1123  648  313
16  2  0  0  2643  1963  1964  725  272
21  0  2  4  2622  818  3131  821  226
21  0  3  6  2679  1199  2851  869  313
16  0  3  6  2613  915  2975  906  269
15  2  0  1  2662  1916  1919  734  335
16  3  0  1  2460  2649  1151  697  350
20  2  1  3  2686  2064  1931  775  279
17  2  0  0  2684  2139  1783  710  228
16  1  0  1  2640  1512  2614  761  351
15  1  2  4  2546  1609  2417  694  272
16  0  3  7  2503  955  2755  813  156
17  3  1  2  2506  2556  1328  664  224
16  1  3  6  2615  1779  2096  780  340
23  1  0  1  2451  1481  2246  751  286
14  0  3  6  2774  866  3398  892  346
16  1  0  0  2607  1705  2351  740  345
16  3  0  0  2344  2412  1215  731  189
22  1  0  0  3027  1966  2520  727  320
20  1  3  7  2641  1449  2506  766  318
16  2  3  7  2554  2202  1434  709  277
20  0  2  5  2676  1007  3140  732  307
16  3  3  6  2375  2722  845  815  292
20  0  0  0  2642  1050  2968  845  310
17  2  3  6  2667  2396  1529  724  255
21  1  1  3  2574  1789  2110  789  231
20  1  1  2  2647  1637  2412  790  328
16  2  1  3  2614  2026  1772  702  274
15  1  0  1  2598  1651  2251  741  313
16  3  0  1  2379  2519  1158  701  247
15  2  2  4  2671  1907  2121  637  333
21  1  3  6  2702  1596  2428  785  326
15  2  1  2  2640  2170  1615  671  332
14  1  1  3  2569  1356  2512  714  335
20  0  0  1  2686  895  3217  868  345
21  1  3  7  2593  1586  2265  771  213
20  1  1  3  2625  1829  2193  742  309
20  1  3  6  2645  1700  2246  644  334
20  1  3  6  2645  1700  2246  644  334
21  1  1  2  2595  1517  2461  699  211
20  0  0  1  2677  807  3300  873  307
17  2  1  2  2604  1998  1983  663  163
22  3  3  6  2251  2207  1202  717  165
22  3  2  4  2382  2610  1156  700  320
14  0  3  6  2654  858  3217  891  241
15  1  0  0  2580  1731  2141  761  309
16  3  1  2  2397  2655  1003  728  319
23  3  1  2  2005  2332  794  618  195
20  1  0  1  2630  1556  2362  816  345
14  3  0  1  2472  2453  1195  661  358
21  1  3  7  2707  1652  2371  732  322
15  1  2  5  2585  1747  2315  672  327
14  1  1  2  2545  1373  2463  731  330
21  1  1  3  2696  1564  2578  801  311
20  0  0  0  2546  801  3094  916  223
20  1  0  0  2544  1478  2315  798  256
21  1  2  4  2675  1618  2310  708  305
14  1  1  3  2458  1746  1963  687  266
20  1  2  5  2662  1387  2666  698  345
14  1  3  6  2337  1356  2358  849  162
15  1  1  2  2623  1356  2625  768  321
21  1  3  6  2627  1396  2532  843  274
14  0  1  2  2748  1164  2729  746  331
14  1  2  4  2530  1733  2238  737  351
21  0  3  7  2586  855  3075  861  185
21  1  2  5  2637  1829  2031  753  317
20  1  3  6  2677  1403  2618  675  352
20  1  0  1  2578  1802  2016  781  280
16  2  1  3  2611  2046  1751  706  270
22  3  2  5  2419  2798  1010  692  351
23  0  2  4  2562  1068  2767  756  242
16  2  2  5  2611  1875  1736  724  278
20  1  1  3  2532  1769  2106  767  235
23  0  0  1  2681  1005  3131  760  344
21  0  1  2  2622  1255  2824  711  248
14  1  2  5  2539  1737  2245  620  349
16  0  3  7  2693  1277  2696  760  349
15  1  3  7  2534  1830  2173  738  293
20  1  3  7  2623  1655  2254  779  313
23  0  3  7  2545  1176  2649  667  302
16  1  2  5  2513  1485  2179  748  225
16  1  2  5  2513  1485  2179  748  225
14  3  3  6  2390  2796  810  707  345
17  2  1  3  2759  2217  2000  649  311
20  0  2  4  2615  1043  3000  792  276
22  0  3  7  2898  908  3473  723  268
15  2  2  5  2630  2130  1806  678  332
20  1  3  6  2605  1838  2030  678  343
16  2  1  2  2643  2344  1506  709  331
16  2  1  2  2643  2344  1506  709  331
15  1  3  7  2593  1969  2127  743  358
21  2  1  3  2680  2309  1772  660  229
21  0  0  0  2664  1241  2841  722  274
21  1  3  7  2652  1516  2429  778  279
23  3  1  2  2091  2518  738  644  315
22  1  2  5  3020  1643  2795  760  315
21  0  1  3  2643  1121  3024  820  270
14  1  2  5  2468  1797  2068  673  319
15  0  1  3  2509  728  3119  868  195
14  0  1  2  2665  827  2961  854  258
23  1  0  1  2476  1465  2313  692  281
20  1  2  4  2573  1716  2188  734  265
15  2  1  2  2606  1969  1783  727  289
16  2  3  6  2617  1915  1808  782  252
21  1  1  3  2687  1779  2314  752  328
16  2  0  0  2660  1941  2016  724  323
21  0  1  3  2698  1118  3115  865  336
21  0  2  5  2760  893  3275  826  350
15  1  1  2  2605  1605  2328  756  333
20  1  1  2  2672  1626  2463  784  334
15  1  1  3  2636  1689  2274  736  353
21  0  1  3  2723  1029  3271  854  344
15  0  1  2  2579  1141  2753  808  264
16  0  3  6  2626  801  3107  926  260
14  0  3  6  2733  1162  2968  871  339
16  3  3  6  2494  2530  1206  755  356
14  0  2  5  2651  821  3116  733  231
23  2  1  3  2690  2488  1598  700  284
20  1  0  1  2618  1869  2006  731  337
21  1  2  5  2479  1652  1968  779  147
22  1  3  6  2900  1785  2293  716  264
15  1  0  0  2641  1544  2426  777  346
15  1  0  0  2610  1720  2211  763  349
15  2  3  7  2591  2110  1821  707  261
20  0  1  3  2645  1309  2770  794  339
14  3  0  0  2412  2393  1156  651  272
14  1  1  3  2509  1725  2061  713  330
23  2  3  7  2277  1664  1727  627  327
15  1  2  5  2601  1739  2366  693  341
21  0  2  4  2717  1114  2959  785  335
14  1  3  6  2557  1771  2246  738  345
16  3  0  0  2334  2563  1038  711  210
16  3  3  6  2442  2418  1234  759  316
20  1  3  6  2629  1432  2511  693  312
15  0  2  4  2688  1175  3117  724  340
17  0  3  6  2621  992  3135  799  279
20  0  0  1  2637  1325  2651  811  310
21  1  0  0  2639  1480  2510  698  262
14  0  2  4  2709  882  3142  858  289
15  2  1  3  2612  2331  1403  693  330
21  1  0  1  2695  1601  2461  675  330
23  0  2  4  2572  925  2944  783  223
15  1  2  5  2505  1653  2294  745  252
20  1  3  7  2564  1490  2344  771  238
16  3  2  5  2448  2509  1013  712  330
16  3  0  1  2398  2546  1159  749  266
20  1  0  1  2566  1585  2225  791  262
14  0  2  5  2747  1314  2753  677  332
20  1  3  6  2640  1594  2347  693  337
16  2  3  6  2638  2196  1557  766  343
16  1  1  3  2544  1745  2112  721  273
16  3  3  7  2506  2555  1191  695  353
15  0  0  1  2493  1109  2638  851  181
22  0  3  7  2921  1357  3016  667  298
15  1  1  2  2522  1620  2172  752  248
21  0  1  2  2709  1202  3030  716  339
20  1  2  4  2600  1589  2366  751  288
14  1  1  2  2536  1885  1938  680  346
20  1  0  1  2498  1621  2092  777  195
15  2  2  5  2581  1977  1894  674  254
21  1  3  6  2673  1417  2572  859  302
16  2  3  7  2706  1936  1916  695  337
16  3  1  3  2416  2856  844  720  364
15  1  3  6  2633  1710  2454  711  356
15  1  3  6  2586  1865  2224  695  341
21  0  1  2  2645  773  3295  860  293
17  0  2  4  2534  972  3005  699  212
23  1  2  4  2389  1315  2238  694  203
14  0  2  4  2750  985  3100  874  341
20  1  1  2  2533  1830  2053  820  253
15  1  3  6  2644  1625  2579  711  349
17  2  1  3  2718  2369  1770  651  284
21  0  1  3  2636  781  3420  905  235
15  2  0  1  2578  1904  1814  752  242
23  0  0  1  2642  958  3124  789  326
15  2  3  7  2667  2081  1977  691  337
16  2  3  7  2607  1970  1739  737  249
15  1  2  4  2512  1607  2366  730  253
15  2  2  4  2490  2071  1649  670  195
15  0  0  1  2637  917  3066  867  307
21  1  3  6  2680  1844  2128  733  291
22  1  1  3  2988  2117  2290  673  323
21  0  2  4  2628  1110  2832  769  235
14  1  2  5  2532  1738  2225  623  322
21  1  3  7  2507  1754  1977  815  173
17  0  1  3  2621  1354  2853  704  343
14  1  2  5  2502  1446  2477  642  296
20  1  0  0  2643  1582  2356  732  323
14  1  2  5  2547  1775  2215  614  336
22  3  2  4  2329  2692  982  732  296
16  1  3  7  2449  1569  2072  763  212
17  0  1  3  2548  1205  2895  730  282
16  3  2  4  2495  2374  1217  704  356
14  1  2  4  2509  1702  2232  723  313
14  1  2  4  2509  1702  2232  723  313
16  1  3  7  2641  1542  2388  747  345
21  1  1  2  2716  1391  2807  697  318
21  1  1  2  2716  1391  2807  697  318
15  1  0  1  2596  1916  1972  741  352
14  3  0  0  2392  2482  1027  640  262
23  0  1  3  2568  847  3040  769  268
14  1  1  2  2483  1611  2133  729  273
16  2  0  0  2619  2360  1508  700  328
20  2  1  3  2751  2359  1737  703  332
17  0  0  1  2611  1006  3008  841  271
14  1  1  3  2568  1458  2415  698  348
16  2  3  6  2551  2006  1618  777  214
14  3  0  0  2441  2603  985  633  341
20  1  1  3  2608  1883  2109  727  294
15  1  2  4  2547  1397  2667  693  262
16  3  0  1  2429  2900  845  712  364
20  1  3  6  2524  1554  2202  673  216
15  0  1  3  2707  842  3307  833  362
20  1  2  5  2626  1670  2335  713  333
16  1  3  7  2548  1780  2005  753  323
23  0  1  2  2627  1112  2831  727  344
14  3  1  2  2339  2411  1090  677  242
16  3  3  6  2373  2341  1217  788  195
20  0  3  6  2645  1324  2686  697  324
21  1  2  4  2657  1402  2522  722  271
20  1  3  6  2647  1602  2350  673  338
21  1  1  3  2548  1510  2395  808  170
15  2  2  5  2664  2105  1884  657  351
14  1  0  1  2450  1278  2473  768  242
16  3  1  2  2284  2747  753  731  188
17  0  0  1  2624  1190  2825  820  310
16  3  2  4  2402  2441  1009  705  267
20  1  0  0  2436  1264  2383  783  119
15  2  3  6  2604  2059  1904  681  298
14  3  0  0  2355  2232  1246  645  202
21  0  3  6  2674  1062  2991  896  272
15  1  3  6  2646  1541  2680  740  353
16  2  2  5  2545  2187  1310  701  250
20  1  1  2  2546  1618  2222  756  333
20  1  0  0  2643  1388  2566  784  318
21  1  0  1  2664  1838  2141  666  319
17  0  0  0  2592  840  3169  802  278
23  2  2  5  2176  1868  1351  648  201
23  1  0  0  2491  1283  2526  679  298
15  1  0  0  2516  1809  1962  764  263
23  1  2  5  2586  1452  2608  633  354
21  0  1  2  2705  828  3472  812  330
15  0  2  5  2604  1225  2916  750  269
15  1  2  4  2601  1553  2579  673  313
15  1  2  4  2601  1553  2579  673  313
20  0  0  1  2653  1164  2857  832  332
20  1  0  1  2658  1397  2581  842  322
21  1  2  4  2560  1361  2406  736  191
21  1  1  2  2593  1370  2631  714  197
21  1  1  2  2593  1370  2631  714  197
15  0  3  6  2679  1155  3019  771  305
15  0  1  3  2614  1138  2823  786  290
20  1  1  2  2675  1685  2405  761  352
15  0  0  0  2549  855  3008  881  225
20  1  2  4  2520  1843  1988  710  236
20  0  0  1  2572  908  3013  919  235
15  2  1  2  2677  1998  1862  689  355
16  3  2  5  2475  2418  1141  687  318
14  0  0  1  2671  1098  2777  762  252
23  1  1  2  2542  1424  2390  645  348
16  2  3  6  2692  1976  1922  770  348
20  1  2  4  2563  1593  2312  728  253
16  0  3  7  2606  1304  2549  760  273
23  0  0  1  2602  1055  2938  756  283
16  0  3  6  2668  934  3029  886  299
16  2  3  7  2685  1961  1861  695  318
16  3  1  3  2529  2476  1379  664  343
21  0  0  0  2665  1069  3035  736  281
23  2  2  5  2199  2016  1234  621  249
23  1  0  1  2496  1587  2202  698  325
15  2  1  3  2609  2007  1745  717  306
20  0  0  0  2677  957  3123  846  338
16  0  2  5  2685  1241  2669  785  345
16  2  2  4  2403  2077  1225  727  130
14  1  3  6  2520  1627  2357  777  352
23  0  2  5  2639  988  2974  691  328
14  0  3  6  2569  881  3050  952  160
20  1  1  3  2503  1349  2485  863  184
16  0  3  6  2695  1264  2718  824  346
22  0  2  5  2836  1466  2939  777  233
20  0  3  7  2526  896  2973  891  199
16  3  2  4  2373  2340  1076  727  261
16  3  2  4  2373  2340  1076  727  261
16  2  2  5  2632  1930  1708  717  295
14  3  0  1  2382  2567  929  681  308
15  2  3  7  2682  2031  2061  704  349
17  2  0  1  2757  2184  1838  753  310
23  2  2  5  2187  1745  1506  638  201
15  2  0  0  2614  2211  1537  730  315
20  1  0  0  2599  1658  2189  761  304
20  1  1  3  2593  1632  2336  778  270
16  1  3  6  2624  1511  2397  813  347
20  1  0  1  2527  1555  2202  829  216
23  2  2  4  2306  1942  1474  641  317
23  3  0  1  1945  1950  1119  728  223
17  2  0  1  2760  2043  1990  757  289
23  2  2  4  2164  1906  1295  676  169
16  1  2  5  2554  1761  1936  736  297
20  1  1  3  2661  1547  2526  802  336
17  0  1  2  2585  1349  2803  736  335
14  1  2  5  2453  1584  2261  656  262
14  1  3  6  2543  1505  2528  789  343
20  0  3  6  2599  1277  2668  686  275
16  0  3  7  2633  1325  2561  752  303
15  2  3  6  2605  2276  1681  674  304
14  1  2  5  2517  1881  2060  627  355
22  0  2  5  2932  1314  3252  854  332
14  1  0  1  2521  1725  2089  688  335
16  1  0  1  2608  1807  2248  720  346
15  0  1  3  2619  825  3174  847  273
16  1  0  1  2591  1580  2462  749  293
20  1  2  4  2498  1530  2262  744  179
16  0  1  2  2654  1070  2925  812  289
21  1  2  4  2699  1652  2311  708  329
21  1  0  1  2631  1810  2115  688  301
22  1  3  6  2972  1723  2469  697  279
22  3  3  6  2397  2427  1208  691  322
14  0  1  2  2701  1126  2709  805  312
15  2  3  6  2575  2183  1723  678  263
20  1  0  0  2595  1379  2505  775  264
15  1  1  2  2626  1625  2334  701  343
20  1  1  3  2653  1813  2249  738  337
20  1  3  6  2583  1807  2028  682  319
20  0  0  1  2575  1305  2584  804  251
15  1  2  4  2652  1511  2703  687  348
15  1  2  4  2652  1511  2703  687  348
14  2  3  6  2579  1845  1985  794  270
21  1  2  5  2627  1357  2535  774  252
14  1  2  4  2497  1706  2209  729  322
20  0  1  2  2556  806  3148  946  213
16  2  2  4  2568  2027  1504  716  260
16  2  2  5  2553  2115  1401  713  238
16  2  2  5  2553  2115  1401  713  238
15  1  1  2  2602  1783  2133  699  334
16  3  0  0  2347  2663  962  733  228
16  1  2  4  2608  1292  2534  765  295
15  2  0  0  2598  2209  1541  735  318
20  1  2  5  2567  1378  2546  743  239
20  1  3  7  2637  1780  2146  751  340
20  0  1  3  2653  1323  2758  799  348
14  1  3  6  2530  1489  2539  794  352
16  3  3  6  2374  2617  946  783  269
16  2  0  1  2615  2231  1634  723  294
16  2  1  3  2583  1959  1802  740  243
15  2  2  4  2487  1873  1865  676  208
23  0  1  2  2496  746  3044  773  172
16  2  0  0  2673  2182  1776  725  329
15  2  0  0  2670  2001  1854  727  353
21  1  0  1  2615  1680  2257  689  270
20  1  1  3  2648  1696  2359  790  334
16  2  0  1  2652  2422  1491  693  348
23  3  2  4  2036  2243  900  682  169
23  2  2  5  2089  1925  1161  625  149
20  1  3  6  2587  1559  2310  673  299
23  0  0  0  2649  1300  2755  689  321
15  1  2  4  2598  1638  2477  683  337
15  1  1  3  2646  1355  2667  756  342
21  0  1  3  2688  1195  3011  815  316
16  0  3  6  2610  1215  2643  852  275
14  1  2  4  2509  1788  2143  759  350
16  2  0  0  2548  2269  1495  696  217
21  1  1  3  2645  1799  2209  788  305
14  0  3  6  2557  1269  2596  858  170
23  2  2  4  2260  1954  1385  662  291
21  1  3  7  2576  1567  2268  816  243
17  0  2  4  2618  913  3200  708  274
17  0  2  4  2618  913  3200  708  274
16  0  2  5  2704  829  3165  833  340
20  2  1  2  2593  2281  1443  743  203
17  0  1  3  2372  923  2917  823  108
15  0  0  1  2662  1299  2695  810  345
16  3  0  0  2285  2640  892  737  198
23  0  2  5  2642  800  3197  705  322
16  3  1  2  2436  2636  1083  730  335
14  1  2  5  2422  1487  2313  690  225
16  3  3  6  2376  2651  912  753  266
22  3  2  4  2268  2648  932  688  175
22  3  2  4  2268  2648  932  688  175
16  2  3  6  2661  2005  1787  774  340
17  0  2  4  2501  1134  2769  695  206
21  1  1  2  2638  1681  2328  775  355
20  1  3  7  2607  1696  2193  746  294
14  3  1  3  2357  2584  957  636  273
16  2  3  7  2634  2352  1399  702  344
16  2  3  7  2634  2352  1399  702  344
14  1  0  1  2403  1299  2373  816  195
21  0  2  5  2738  852  3277  872  347
15  1  1  2  2646  1498  2507  714  347
15  2  3  6  2587  2212  1707  675  292
15  2  2  4  2518  1843  1951  698  237
21  0  1  2  2653  860  3350  787  265
16  2  1  2  2564  2375  1356  710  269
23  2  1  3  2292  1949  1486  647  352
17  0  0  0  2632  1016  3033  785  333
15  0  1  3  2575  1264  2617  810  271
17  0  2  4  2542  1269  2694  686  257
15  1  3  6  2517  1700  2284  737  236
15  0  3  7  2648  1115  3113  794  303
15  0  3  7  2648  1115  3113  794  303
16  3  3  6  2394  2815  776  770  294
15  0  1  3  2653  929  3125  807  308
20  0  1  2  2661  856  3255  882  309
23  3  2  5  2194  2290  1098  600  336
22  3  3  7  2368  2758  807  620  335
15  1  2  4  2626  1398  2797  706  332
14  2  2  5  2453  2003  1641  648  164
21  1  3  7  2574  1610  2215  795  224
21  1  1  3  2611  1811  2144  790  276
15  1  3  6  2644  1534  2657  704  349
20  1  0  1  2588  1338  2537  847  300
20  0  1  3  2646  1280  2795  818  339
23  2  3  7  2054  1892  1151  691  133
20  1  3  7  2574  1780  2046  825  309
16  2  1  3  2648  2246  1605  711  317
21  0  0  1  2735  1073  3130  733  305
21  1  3  7  2658  1750  2192  789  304
22  1  0  0  3011  1678  2784  767  290
21  1  0  0  2675  1654  2366  706  313
15  1  2  5  2516  1785  2160  673  260
15  1  0  0  2652  1399  2608  784  355
20  0  3  6  2616  1327  2642  715  300
20  0  3  6  2616  1327  2642  715  300
23  1  1  3  2426  1411  2227  693  237
17  0  1  3  2478  1303  2672  794  237
15  2  3  6  2621  2306  1666  680  325
14  0  1  3  2713  966  2887  752  301
15  2  0  0  2669  2103  1745  727  347
22  0  0  0  2927  1493  3060  799  332
16  3  0  1  2456  2430  1367  698  306
21  1  0  1  2629  1382  2601  680  247
16  2  3  6  2493  2190  1358  799  190
15  0  1  3  2609  1151  2787  779  258
14  0  2  4  2743  1183  2876  808  329
14  0  2  4  2746  1184  2881  779  327
16  1  3  7  2613  1817  2067  715  344
14  0  2  4  2772  926  3190  843  342
23  0  1  3  2553  1139  2700  761  254
16  0  3  7  2639  1036  2879  779  271
14  1  1  3  2570  1518  2352  699  341
15  2  1  3  2659  1956  1877  717  347
16  3  3  7  2367  2544  1006  710  237
16  2  3  6  2478  2177  1362  855  182
17  0  1  2  2590  1211  2957  746  315
21  1  1  3  2706  1622  2514  802  332
16  1  3  6  2519  1774  1970  831  273
14  1  0  1  2508  1498  2320  715  310
15  1  1  2  2577  1586  2309  732  305
23  3  2  4  2096  2273  968  663  224
21  1  3  6  2484  1683  2001  827  144
15  2  0  1  2628  2232  1547  740  326
21  0  2  5  2735  1027  3086  775  316
16  1  3  6  2606  1803  2073  780  341
14  1  3  6  2421  1742  2057  809  270
16  1  2  5  2568  1528  2210  733  315
15  2  1  3  2578  1957  1757  701  242
16  3  3  7  2416  2466  1154  707  279
20  0  3  7  2633  1208  2797  810  310
14  3  1  2  2452  2635  1043  643  365
17  2  3  6  2746  2264  1792  733  290
16  2  3  7  2483  2225  1313  747  212
15  1  0  1  2608  1521  2414  812  341
15  2  3  7  2594  2401  1532  716  319
15  2  2  4  2485  2094  1618  647  211
22  3  3  7  2333  2312  1238  641  220
20  1  2  4  2638  1366  2657  732  293
20  1  2  4  2638  1366  2657  732  293
23  3  1  3  2132  2379  945  650  330
16  3  1  3  2403  2585  1085  678  268
23  3  2  4  2134  2464  839  659  297
23  0  1  2  2548  1177  2659  726  269
21  0  2  5  2728  823  3298  823  333
14  1  1  3  2473  1770  1957  691  297
15  2  2  5  2668  1994  2028  663  333
15  2  2  5  2668  1994  2028  663  333
21  0  1  3  2691  1315  2873  797  318
15  1  0  0  2540  1754  2049  752  277
15  1  3  7  2500  1891  2053  727  247
21  0  3  6  2652  1133  2886  841  265
16  1  3  7  2592  1696  2163  740  340
15  2  0  1  2620  2183  1586  732  325
15  1  1  2  2607  1662  2268  726  327
21  1  2  4  2649  1745  2140  699  308
20  1  1  2  2670  1709  2373  781  335
21  0  2  5  2653  985  3000  865  283
20  1  1  3  2610  1453  2543  825  282
14  3  0  1  2340  2504  933  668  243
16  2  3  7  2602  2341  1359  727  314
15  1  1  2  2629  1432  2550  736  338
23  2  1  2  2243  2053  1298  635  309
23  1  0  1  2525  1308  2552  705  304
16  0  3  7  2714  1072  2949  778  346
16  3  2  5  2471  2619  926  677  358
21  0  2  4  2687  1093  2932  804  303
20  0  3  6  2666  1293  2757  709  349
16  2  3  7  2665  2347  1443  700  349
15  1  3  6  2440  1648  2227  722  176
22  3  2  4  2372  2829  904  697  336
20  1  1  2  2647  1440  2614  807  327
16  3  1  2  2379  2610  1019  725  284
16  1  3  6  2651  1557  2389  807  351
16  1  0  0  2561  1679  2307  729  298
16  1  0  0  2561  1679  2307  729  298
23  0  0  1  2607  830  3201  843  286
23  0  0  0  2577  1025  2945  743  264
21  1  2  5  2652  1619  2278  753  296
21  1  3  7  2647  1679  2249  754  276
21  1  2  5  2611  1789  2028  708  273
15  2  2  5  2593  2330  1519  635  341
16  3  1  3  2431  2832  883  690  333
21  1  0  1  2607  1505  2428  694  235
21  1  0  1  2607  1505  2428  694  235
16  2  3  7  2707  1938  1918  712  348
15  2  2  4  2478  2117  1577  667  217
16  2  0  0  2558  2108  1678  747  240
20  1  1  3  2635  1774  2257  752  345
15  2  2  4  2543  2266  1516  640  295
16  2  3  6  2544  1954  1669  777  199
16  3  3  6  2381  2399  1164  763  248
14  0  1  3  2677  838  2963  835  263
15  1  2  4  2648  1474  2741  669  339
14  1  1  3  2344  1735  1805  714  169
16  2  3  7  2650  2297  1478  674  327
16  2  3  7  2577  1963  1710  725  217
20  1  2  5  2646  1461  2565  724  327
20  0  3  6  2644  965  3083  729  303
20  1  0  0  2518  1666  2072  792  242
15  0  1  2  2558  992  2885  782  240
16  2  0  1  2602  2131  1724  722  268
20  1  0  0  2633  1875  2023  697  340
20  1  0  0  2633  1875  2023  697  340
22  3  3  6  2412  2639  1008  692  342
20  0  1  2  2607  1352  2662  873  307
20  1  1  3  2545  1563  2332  796  247
17  2  1  3  2675  2080  2007  664  241
20  1  1  3  2523  1899  1962  774  231
20  1  0  1  2649  1468  2481  810  340
20  1  0  1  2649  1468  2481  810  340
22  3  1  2  2276  2862  850  671  240
15  1  3  6  2566  1889  2168  730  342
16  3  3  6  2451  2808  869  775  365
21  0  1  3  2673  777  3483  926  276
20  1  2  5  2508  1627  2187  690  223
21  0  1  3  2703  1283  2919  801  325
15  2  3  6  2633  2471  1516  660  358
15  2  2  4  2570  1793  2085  674  267
21  1  3  7  2711  1434  2619  763  332
14  1  0  0  2557  1551  2338  681  332
15  2  3  6  2516  1956  1867  712  197
16  0  0  0  2652  1189  2939  772  308
16  1  3  6  2576  1849  1979  777  354
20  1  0  1  2664  1487  2484  785  347
15  2  1  3  2653  2040  1772  742  352
23  1  0  0  2523  1459  2382  682  325
17  0  0  1  2581  1024  2938  873  269
14  0  2  5  2595  805  3055  752  158
16  3  3  6  2353  2431  1089  770  229
15  0  1  2  2555  1183  2673  759  218
21  1  1  2  2697  1587  2551  704  330
22  1  1  2  3007  1982  2447  687  307
20  1  0  0  2627  1496  2408  734  304
16  3  0  1  2446  2786  989  740  362
14  1  3  6  2406  1534  2274  777  209
16  3  3  7  2317  2586  888  768  235
16  1  1  3  2633  1428  2573  763  350
16  2  3  6  2647  2025  1749  785  299
17  2  0  1  2690  2116  1810  796  227
17  3  1  3  2516  2987  907  652  254
20  1  1  3  2552  1859  2049  774  272
14  1  1  3  2431  1467  2200  718  206
14  0  1  2  2691  1070  2749  772  272
16  1  3  7  2484  1719  1982  725  211
16  2  1  2  2612  1961  1835  739  253
16  2  3  6  2629  2134  1606  775  314
21  1  3  7  2718  1664  2381  720  355
14  1  0  0  2499  1527  2279  700  278
15  1  0  1  2551  1345  2505  867  259
22  1  0  1  3025  2024  2462  644  333
23  3  1  3  2176  2430  963  616  378
15  2  1  2  2659  2232  1574  675  353
20  0  0  1  2641  888  3144  913  300
20  1  2  5  2482  1769  2005  688  225
21  1  0  0  2566  1807  2028  723  247
15  0  2  5  2658  1244  2990  742  319
15  0  2  5  2658  1244  2990  742  319
15  0  1  2  2524  728  3141  855  180
23  1  1  2  2498  1417  2334  678  327
15  2  1  2  2643  1932  1879  715  329
14  2  3  6  2651  1912  2020  764  350
21  1  3  6  2608  1646  2230  791  234
20  1  2  4  2601  1359  2622  769  268
22  1  3  6  3006  2000  2224  654  341
16  3  3  6  2428  2354  1276  782  298
16  1  2  4  2544  1253  2472  773  232
14  2  0  0  2539  2213  1380  637  246
16  3  3  6  2486  2386  1328  739  294
15  2  1  3  2661  2041  1783  691  317
16  1  0  1  2501  1807  2080  757  254
20  1  0  1  2504  1790  1914  775  202
20  1  3  7  2544  1607  2186  761  236
16  2  1  2  2523  2346  1330  725  251
20  0  0  0  2694  964  3145  825  342
17  2  3  6  2716  2426  1572  727  279
16  1  0  0  2506  1780  2113  749  264
15  2  2  4  2595  1843  2069  673  286
23  0  0  0  2681  848  3314  728  340
16  3  0  1  2363  2616  1037  722  235
14  2  1  2  2668  1931  1882  708  357
15  2  3  6  2635  1965  2044  697  265
20  1  0  0  2588  1816  2016  711  299
15  1  0  1  2639  1620  2350  767  357
23  0  1  2  2624  931  3033  705  296
20  0  3  6  2616  978  3020  734  272
20  0  3  7  2666  1220  2832  807  342
14  1  0  0  2533  1600  2249  689  346
14  1  1  2  2552  1651  2194  731  343
14  1  2  5  2469  1612  2266  626  270
14  3  0  1  2337  2446  992  680  241
21  0  3  7  2746  1212  2941  771  350
23  0  3  7  2569  1082  2790  700  329
16  1  3  7  2571  1471  2356  748  286
15  2  0  0  2573  1998  1713  745  264
21  1  0  1  2679  1815  2192  673  334
21  1  0  1  2679  1815  2192  673  334
16  2  0  1  2680  2117  1853  698  344
14  1  2  5  2496  1385  2530  659  294
22  3  3  6  2306  2642  837  659  268
21  0  2  5  2740  846  3292  838  342
21  1  1  3  2718  1597  2568  795  320
22  1  1  3  3032  1795  2661  658  332
21  0  3  6  2693  1329  2724  818  324
16  0  0  0  2642  1314  2788  785  317
14  0  2  5  2566  1004  2803  783  144
17  0  1  3  2533  802  3318  785  250
22  3  3  6  2449  2403  1309  649  345
15  0  2  5  2575  872  3299  762  224
16  2  0  0  2732  1952  2109  694  347
16  1  1  3  2385  1769  1831  669  190
14  3  1  3  2416  2515  1105  661  319
16  3  1  3  2483  2557  1229  675  362
14  0  2  5  2831  1132  3058  685  352
23  2  3  7  2304  1702  1738  652  368
15  1  3  6  2545  1721  2316  720  296
22  3  3  6  2329  2660  849  666  296
15  1  1  2  2560  1571  2303  732  283
20  1  0  1  2506  1742  1965  782  204
22  0  1  2  2908  927  3555  761  289
17  0  0  1  2539  1308  2568  843  248
15  2  0  1  2599  2242  1490  715  302
23  0  0  1  2664  1236  2846  731  319
21  0  2  5  2676  1057  2956  803  280
16  1  3  7  2633  1525  2397  726  345
14  3  1  2  2316  2398  1074  684  230
14  3  1  2  2470  2526  1177  666  360
21  0  3  6  2747  872  3313  884  340
20  1  3  7  2526  1765  1988  784  262
16  3  0  1  2428  2697  1052  724  343
21  1  3  6  2680  1439  2562  801  303
21  0  3  6  2644  1312  2671  887  297
20  0  0  1  2611  930  3058  906  281
16  2  0  1  2671  2075  1889  703  330
16  2  0  1  2671  2075  1889  703  330
15  0  2  4  2704  1270  3040  701  348
15  0  2  4  2704  1270  3040  701  348
15  2  0  1  2679  1963  1908  768  344
15  1  1  2  2491  1518  2248  746  223
16  1  2  4  2552  1469  2259  775  260
14  0  0  1  2738  1320  2627  742  330
15  1  2  5  2607  1466  2692  687  301
20  0  1  2  2544  796  3136  913  208
15  1  1  3  2610  1445  2508  751  287
16  0  3  7  2674  1169  2789  801  319
16  3  1  2  2480  2487  1293  696  328
22  0  3  6  2881  1297  3027  739  279
17  2  0  0  2496  2260  1371  766  92
16  0  3  7  2666  1253  2693  804  339
20  1  1  3  2629  1527  2498  812  302
15  0  2  5  2573  756  3439  790  199
14  3  2  4  2410  2887  879  658  339
14  1  3  6  2522  1806  2158  764  358
15  2  1  3  2547  2034  1633  707  237
16  1  1  2  2546  1698  2165  766  274
15  1  2  4  2600  1409  2730  679  282
22  1  3  6  2957  1495  2698  703  248
15  2  2  5  2599  1955  1956  675  307
15  1  3  6  2535  1638  2383  707  251
23  2  2  5  2241  1843  1475  629  283
21  0  2  4  2668  1229  2749  740  279
16  1  1  3  2585  1770  2146  726  301
15  1  2  4  2432  1409  2465  715  167
16  2  0  0  2675  2108  1862  687  319
15  1  1  3  2485  1683  2057  757  216
16  3  0  0  2445  2689  1090  725  334
14  1  2  4  2560  1471  2546  722  318
20  0  1  3  2668  1104  3010  821  329
15  1  3  7  2598  1895  2214  709  338
14  3  1  3  2302  2675  793  656  227
16  2  0  1  2662  2310  1623  698  334
16  1  1  2  2629  1672  2322  746  339
20  1  3  7  2627  1653  2268  798  341
15  1  3  7  2538  1552  2474  766  231
15  0  0  0  2641  905  3095  857  289
15  2  1  3  2536  1811  1860  742  206
23  1  1  2  2532  1395  2409  656  333
17  0  3  6  2636  957  3198  827  320
14  0  0  1  2781  1148  2884  740  341
23  3  1  3  2130  2256  1075  618  308
21  0  0  1  2614  826  3238  761  205
16  0  3  6  2704  984  3021  869  347
21  0  0  1  2641  1250  2787  710  251
17  0  3  6  2619  1358  2722  807  340
21  0  1  3  2732  1046  3258  845  331
16  3  3  6  2518  2448  1322  760  359
22  3  0  1  2276  2839  879  674  202
21  1  0  1  2704  1655  2407  665  329
21  0  1  3  2655  894  3331  886  257
21  1  3  7  2615  1396  2512  840  245
15  2  0  1  2630  2201  1578  766  340
16  1  1  2  2543  1385  2479  782  229
16  3  2  4  2503  2355  1248  676  354
23  2  0  0  2179  2032  1253  613  243
14  0  0  1  2753  1213  2769  767  337
14  1  1  2  2478  1606  2125  737  281
16  3  1  2  2411  2489  1190  755  267
16  0  2  4  2621  1171  2650  814  285
15  2  1  3  2631  2010  1783  736  323
20  1  1  3  2562  1695  2222  793  245
16  3  0  1  2419  2845  885  732  365
21  1  3  6  2587  1660  2178  786  208
20  1  3  6  2642  1700  2237  685  343
16  3  2  5  2437  2529  972  739  342
14  1  1  2  2432  1795  1873  714  267
16  3  2  4  2298  2513  785  759  197
16  1  0  1  2609  1690  2366  748  342
14  1  0  0  2513  1755  2038  678  309
16  3  3  6  2360  2763  783  815  285
20  0  2  5  2677  1301  2823  702  340
15  2  3  7  2599  2028  1929  694  281
15  1  1  3  2622  1659  2293  752  356
22  1  1  2  3082  1636  2891  705  336
15  0  0  1  2617  1210  2714  839  294
17  3  3  6  2526  2682  1127  765  258
14  1  1  3  2596  1445  2469  693  360
14  3  2  5  2296  2725  864  608  224
14  0  3  6  2611  1240  2700  866  181
14  1  3  6  2402  1696  2086  794  225
15  0  1  2  2518  755  3110  824  177
16  1  1  2  2591  1510  2426  764  293
16  1  1  2  2591  1510  2426  764  293
16  3  3  6  2294  2613  826  790  212
21  1  0  1  2665  1913  2063  637  313
21  1  0  1  2665  1913  2063  637  313
15  0  0  1  2656  1236  2758  823  327
15  1  0  0  2635  1629  2343  735  342
20  1  1  2  2471  1749  2037  816  173
21  0  3  6  2725  1194  2922  844  338
15  2  2  4  2586  2210  1651  639  311
20  1  2  4  2564  1524  2384  774  256
17  3  2  4  2350  2692  972  671  289
14  3  1  3  2422  2537  1097  645  310
14  3  1  3  2422  2537  1097  645  310
23  0  2  4  2622  811  3152  750  292
23  1  1  2  2435  1476  2170  694  288
21  1  3  6  2687  1546  2459  879  333
15  1  1  2  2604  1847  2058  707  345
15  0  2  4  2630  829  3432  767  268
20  0  3  7  2581  868  3090  857  231
21  1  0  1  2611  1827  2073  676  268
23  0  0  1  2548  943  2991  852  217
14  1  2  5  2470  1801  2069  628  279
15  2  1  3  2670  1963  1898  707  340
14  1  3  6  2546  1629  2396  778  346
14  1  3  6  2546  1629  2396  778  346
23  2  1  3  2259  1794  1593  677  328
16  3  0  1  2395  2722  976  713  293
14  0  2  4  2756  1135  2950  805  340
14  1  0  0  2416  1589  2072  714  240
16  2  3  6  2657  1893  1921  828  303
15  2  3  6  2590  2396  1532  672  306
16  1  0  0  2595  1732  2304  735  348
23  0  0  0  2456  799  3008  761  137
16  2  2  4  2653  2202  1446  690  352
16  3  2  4  2290  2440  849  756  191
16  3  2  4  2290  2440  849  756  191
15  2  2  4  2619  1951  1994  653  318
14  1  0  0  2589  1448  2511  683  349
21  1  0  0  2683  1930  2126  668  340
16  1  0  1  2520  1375  2569  786  208
21  1  0  0  2669  1768  2228  678  298
20  1  0  0  2606  1621  2255  734  295
16  2  3  7  2649  1984  1793  701  275
14  3  0  1  2292  2477  887  680  186
15  0  3  6  2654  1300  2918  731  320
16  0  3  7  2523  1168  2649  794  215
22  2  2  4  2568  2205  1771  699  168
23  1  1  2  2513  1441  2336  692  334
16  2  3  6  2613  2182  1536  792  286
16  2  3  6  2613  2182  1536  792  286
16  1  1  3  2631  1469  2533  749  323
16  1  1  3  2631  1469  2533  749  323
20  1  1  2  2640  1800  2239  789  344
17  3  0  1  2561  2443  1366  753  219
23  2  2  4  2162  1912  1283  663  187
15  2  3  6  2628  2185  1812  680  322
15  2  3  6  2628  2185  1812  680  322
14  0  2  4  2748  1225  2843  755  330
23  0  3  7  2374  758  2864  747  132
21  1  2  5  2615  1441  2415  791  244
23  1  1  2  2409  1324  2299  713  253
17  0  2  4  2624  855  3257  751  322
17  0  2  4  2624  855  3257  751  322
15  1  2  5  2530  1615  2389  714  254
23  2  0  0  2251  2048  1341  636  311
23  2  3  7  2266  1842  1524  636  339
16  2  2  5  2644  1956  1685  717  299
22  2  1  3  2848  2276  2214  646  415
14  0  2  4  2772  1225  2878  779  347
22  1  1  2  3048  2120  2367  655  337
16  0  3  6  2698  1233  2763  841  340
21  1  3  6  2686  1885  2094  732  342
21  1  3  7  2619  1498  2406  784  240
21  1  0  1  2553  1838  1974  681  220
16  3  0  0  2401  2425  1290  698  245
23  3  2  5  2181  2291  1079  604  330
20  0  1  2  2596  1368  2628  833  292
16  2  1  3  2562  2121  1602  702  203
16  1  1  3  2512  1774  2039  722  232
16  2  3  6  2514  2174  1412  818  206
16  1  3  6  2544  1352  2438  821  246
20  1  3  7  2570  1752  2080  735  292
17  0  0  1  2626  1322  2691  823  317
22  0  0  0  2902  1037  3487  863  285
16  3  1  2  2449  2650  1086  709  349
16  2  2  4  2546  1774  1759  730  224
15  2  0  1  2561  2031  1661  721  242
14  0  2  4  2702  1254  2742  769  265
15  1  1  2  2628  1563  2406  719  327
16  0  0  1  2696  1185  3012  784  340
16  3  3  6  2437  2723  929  783  362
14  0  2  4  2770  927  3186  831  341
22  3  3  6  2317  2231  1289  710  214
21  0  3  7  2677  1050  3005  827  287
21  1  0  0  2694  1789  2248  671  318
23  0  0  1  2609  855  3181  839  291
22  2  0  0  2746  2222  2126  723  308
20  1  1  3  2621  1811  2200  732  309
20  0  3  6  2675  1320  2733  673  348
15  1  1  3  2591  1649  2259  739  296
22  3  3  7  2295  2640  822  614  234
15  1  0  1  2641  1611  2370  739  354
15  2  3  6  2692  2022  2075  663  348
21  1  2  4  2650  1631  2256  691  274
20  1  2  4  2522  1601  2240  747  208
21  0  3  6  2681  928  3151  865  275
22  3  1  3  2349  2785  1028  640  262
15  1  0  0  2482  1724  2002  776  229
14  3  0  1  2309  2324  1079  724  203
16  2  3  6  2640  2247  1503  757  314
20  1  2  4  2627  1919  2062  687  349
15  1  3  7  2572  1620  2466  756  295
23  0  1  3  2612  880  3074  722  289
14  1  2  4  2458  1746  2114  758  277
14  1  2  4  2458  1746  2114  758  277
21  0  0  0  2738  900  3341  750  335
16  1  2  4  2490  1477  2158  754  229
21  0  2  5  2679  827  3209  809  280
15  0  1  2  2524  737  3122  904  190
22  3  2  4  2345  2696  995  698  254
16  3  0  1  2418  2537  1203  701  265
23  2  0  1  2240  1933  1451  683  316
16  2  0  1  2682  2191  1783  712  339
15  0  0  0  2618  957  3007  828  271
15  1  1  2  2541  1438  2406  754  236
21  1  2  5  2693  1458  2506  771  314
16  0  0  1  2581  817  3234  841  225
21  1  3  7  2591  1645  2204  779  252
14  1  0  1  2419  1653  2013  718  236
14  1  0  0  2498  1494  2309  718  291
20  0  1  3  2489  990  2840  850  145
17  2  0  1  2772  2071  1982  772  282
23  3  0  1  1904  2110  876  728  198
15  0  2  4  2636  880  3383  751  270
16  2  2  4  2637  1989  1655  735  298
20  1  3  7  2661  1592  2379  751  361
15  2  2  4  2644  2105  1850  637  324
20  1  0  1  2586  1696  2150  796  281
16  2  2  5  2658  1982  1692  693  306
15  1  2  4  2567  1405  2667  686  274
22  1  2  4  2901  1767  2487  737  248
16  1  0  0  2530  1834  2091  714  274
16  1  0  0  2530  1834  2091  714  274
16  3  0  1  2327  2589  1001  716  191
15  2  0  1  2691  1931  1947  712  334
16  2  0  1  2667  1951  2015  737  310
15  1  2  5  2585  1659  2430  706  300
17  3  1  2  2516  2871  1021  640  257
23  1  3  7  2354  1183  2353  697  317
16  3  3  6  2444  2802  860  753  363
21  0  2  4  2734  1027  3072  812  348
21  1  2  4  2608  1581  2249  774  274
16  2  2  4  2526  2013  1470  744  247
23  1  1  3  2388  1413  2168  693  221
23  1  1  3  2388  1413  2168  693  221
15  2  0  1  2618  2246  1521  742  313
16  2  0  0  2631  2239  1652  699  304
21  0  0  1  2611  1258  2744  694  237
20  1  3  6  2510  1504  2249  697  205
16  3  1  3  2369  2501  1115  731  227
23  2  3  7  2266  1661  1720  618  303
15  0  0  1  2584  910  2999  854  258
16  2  2  5  2493  2123  1308  731  199
16  2  2  5  2493  2123  1308  731  199
15  2  2  5  2552  1923  1907  661  250
14  0  2  4  2643  1260  2647  781  235
20  0  3  7  2549  1140  2737  817  205
15  1  3  7  2525  1771  2231  745  247
20  1  3  6  2558  1510  2320  680  265
20  1  1  3  2561  1916  2008  740  288
17  0  1  2  2609  1163  3036  710  334
15  1  3  7  2464  1589  2326  774  176
14  1  2  4  2436  1482  2332  742  187
14  3  0  0  2337  2559  870  640  228
23  3  2  4  2147  2132  1190  643  235
21  0  2  5  2736  822  3323  823  330
21  1  2  4  2555  1433  2329  751  168
16  0  1  2  2583  1076  2811  826  240
22  3  2  4  2298  2651  965  695  244
22  3  2  4  2298  2651  965  695  244
15  2  2  5  2458  2173  1474  658  175
15  1  2  5  2578  1483  2614  701  271
23  2  2  4  2227  1821  1480  672  262
16  2  1  3  2635  2384  1443  679  328
21  1  3  6  2716  1494  2555  800  342
14  0  0  0  2762  1058  2952  755  340
20  0  3  6  2623  856  3179  747  264
21  0  1  3  2525  873  3119  885  150
15  0  2  4  2569  988  3147  791  216
16  3  0  0  2385  2512  1173  733  275
20  1  1  3  2528  1494  2371  795  206
22  2  0  1  2587  2250  1849  658  178
15  0  0  0  2689  1302  2731  779  357
15  1  3  7  2489  1522  2431  804  207
16  1  3  6  2607  1439  2446  803  310
20  1  0  0  2659  1489  2483  771  324
16  3  1  3  2349  2676  916  722  278
23  2  2  4  2191  1962  1277  659  228
21  0  2  4  2557  1170  2654  796  194
21  1  2  5  2543  1678  2048  754  205
15  2  0  0  2570  2235  1466  761  298
14  1  0  0  2532  1440  2424  712  320
20  1  3  6  2576  1834  1990  679  312
16  0  1  2  2610  1072  2863  810  265
22  2  1  2  2637  2207  1947  675  222
14  3  0  0  2403  2593  930  620  309
21  1  0  1  2662  1678  2320  658  290
22  1  1  3  3072  1601  2913  673  333
21  0  1  3  2700  1321  2878  784  317
14  1  2  5  2496  1549  2365  621  271
17  0  2  4  2633  923  3222  711  300
23  1  0  0  2447  1387  2345  634  243
16  2  2  5  2636  2264  1356  684  338
14  3  0  0  2310  2412  985  642  193
15  2  0  0  2625  2403  1371  700  344
16  1  0  1  2460  1471  2279  758  275
15  0  0  1  2567  1229  2625  797  236
23  0  0  1  2534  869  3048  799  193
20  1  2  4  2558  1369  2541  775  220
20  1  1  3  2613  1932  2067  756  336
23  1  1  2  2438  1453  2204  692  271
15  2  2  4  2527  1932  1858  671  201
20  1  0  0  2646  1506  2445  790  320
20  0  1  2  2570  1038  2928  871  230
20  1  2  5  2661  1379  2678  724  341
16  3  3  6  2355  2550  977  767  218
16  0  0  1  2671  1231  2928  781  311
14  1  2  4  2405  1505  2273  740  212
20  1  3  7  2618  1509  2412  825  307
23  0  0  0  2653  973  3123  745  301
16  0  1  2  2558  1281  2561  815  231
16  3  1  2  2513  2457  1372  703  351
20  1  1  3  2549  1599  2307  794  229
17  0  1  2  2560  878  3281  770  276
20  1  2  5  2581  1505  2425  705  276
20  1  3  6  2567  1675  2151  687  283
15  1  3  6  2581  1905  2173  724  336
14  1  2  5  2548  1662  2339  629  340
16  3  1  3  2426  2526  1173  694  311
22  0  0  0  2919  1124  3421  892  307
20  1  2  4  2511  1343  2481  760  181
20  2  0  0  2591  2188  1512  722  220
20  1  2  5  2558  1833  2030  674  273
14  1  2  4  2418  1787  2001  728  205
16  2  2  5  2641  2130  1506  704  336
16  3  1  2  2477  2609  1171  687  338
23  2  1  3  2177  1983  1321  645  239
15  1  1  2  2514  1358  2449  781  206
15  1  1  2  2514  1358  2449  781  206
14  3  3  6  2393  2797  816  702  349
20  0  0  1  2674  1109  2947  857  353
20  0  1  3  2604  1256  2765  833  298
17  0  1  3  2584  878  3320  779  278
16  2  3  6  2641  2342  1416  783  323
15  0  3  6  2591  1256  2860  746  254
16  1  0  1  2492  1568  2310  765  216
14  1  3  6  2558  1554  2503  778  353
20  1  2  4  2538  1474  2390  760  217
14  0  0  1  2633  978  2848  794  215
20  1  3  6  2558  1759  2046  706  281
16  3  1  2  2314  2708  835  742  232
16  3  1  2  2314  2708  835  742  232
16  1  1  3  2572  1665  2241  771  285
16  3  1  2  2443  2698  1028  735  333
16  2  1  3  2587  2096  1660  717  249
15  2  0  0  2650  1963  1863  770  333
21  1  2  4  2615  1696  2129  746  267
21  1  3  7  2475  1691  1977  817  154
20  2  1  2  2621  2521  1391  734  237
15  1  2  4  2528  1566  2440  697  245
14  0  2  4  2750  887  3200  884  337
21  0  2  5  2726  974  3118  805  321
14  1  1  2  2586  1483  2410  735  349
15  1  2  4  2656  1402  2830  689  338
16  0  0  1  2605  1033  3031  812  251
14  3  0  0  2452  2696  900  630  365
21  0  0  1  2658  1142  2943  708  261
14  0  1  3  2618  871  2845  827  193
14  0  1  3  2618  871  2845  827  193
20  0  3  6  2651  1220  2810  699  305
22  1  0  1  2898  1738  2556  694  200
16  3  2  4  2488  2324  1270  715  335
15  2  2  5  2594  1982  1910  689  291
14  0  3  6  2591  957  3009  886  178
20  0  1  2  2544  1187  2734  888  236
17  0  1  3  2581  1139  3021  725  290
23  0  3  7  2573  873  3031  694  320
23  0  3  7  2441  947  2741  704  200
21  1  3  7  2680  1911  2059  744  338
16  0  3  7  2640  874  3047  844  281
14  0  2  5  2768  1100  2992  675  332
15  2  1  2  2642  1958  1859  711  327
16  1  3  7  2541  1510  2272  761  249
14  1  0  1  2424  1667  1999  737  233
23  2  1  2  2583  2220  1533  716  240
21  1  0  0  2546  1840  1961  700  189
20  1  1  2  2669  1433  2656  844  323
23  0  1  2  2614  839  3122  759  313
23  0  1  2  2614  839  3122  759  313
21  1  2  5  2683  1377  2590  765  302
16  3  3  7  2425  2650  983  679  309
15  2  2  5  2582  2045  1816  656  304
14  1  1  3  2539  1464  2370  717  322
16  3  3  7  2429  2561  1068  720  324
15  2  3  7  2435  2255  1430  712  171
15  2  0  0  2636  2173  1625  758  347
16  3  0  1  2348  2789  834  732  265
16  3  0  1  2348  2789  834  732  265
16  1  2  5  2598  1757  2010  748  339
20  1  3  6  2598  1470  2422  718  285
21  1  2  5  2661  1524  2389  740  295
23  0  2  4  2623  1009  2937  725  301
14  0  1  2  2608  1178  2524  781  222
23  1  2  4  2304  1262  2172  736  123
16  3  1  3  2399  2416  1241  705  234
16  3  1  3  2399  2416  1241  705  234
16  0  3  7  2665  935  3025  867  319
16  0  3  7  2665  935  3025  867  319
15  1  0  1  2505  1850  1904  751  254
20  1  0  0  2651  1625  2323  758  333
15  2  0  0  2608  2116  1639  740  282
21  0  2  5  2686  884  3181  815  288
21  1  3  7  2671  1468  2512  792  296
20  0  3  6  2490  1062  2729  727  150
21  1  2  4  2600  1754  2054  741  247
20  2  3  6  2686  2078  1787  654  284
17  3  1  2  2621  2879  1181  638  322
23  0  1  2  2614  926  3026  750  313
21  1  3  7  2570  1471  2357  802  202
15  1  3  6  2554  1684  2366  727  301
21  1  2  5  2685  1585  2369  739  312
16  3  2  5  2511  2412  1207  673  355
15  1  1  2  2613  1330  2651  800  324
15  1  0  1  2652  1495  2494  761  357
17  2  1  2  2686  2245  1849  637  230
16  1  0  0  2529  1626  2315  750  251
21  0  3  6  2638  1316  2625  832  241
17  0  1  2  2587  1381  2768  697  316
21  1  2  4  2532  1465  2264  804  193
15  1  1  3  2500  1466  2307  787  229
20  1  1  2  2604  1521  2469  810  283
16  1  1  3  2527  1724  2110  723  271
16  1  1  3  2527  1724  2110  723  271
16  1  3  7  2611  1492  2392  796  349
16  2  3  7  2536  2063  1541  751  208
14  2  1  2  2540  1833  1804  722  214
16  3  1  3  2386  2684  955  701  265
16  2  3  6  2517  2228  1355  802  209
15  0  3  7  2590  1061  3066  842  257
16  3  2  5  2384  2422  1006  724  256
15  2  0  0  2632  2297  1483  693  332
16  3  1  2  2435  2673  1046  697  316
14  0  2  5  2634  859  3057  719  221
20  0  0  0  2650  1003  3030  805  307
16  1  3  6  2563  1678  2126  828  289
16  2  3  6  2546  2329  1301  790  248
14  3  3  6  2437  2765  920  699  368
23  0  0  1  2616  1144  2866  748  278
15  1  1  2  2574  1523  2368  727  276
14  0  1  2  2707  1211  2624  759  284
21  1  2  4  2650  1556  2344  775  309
20  1  2  5  2566  1880  2016  663  295
20  1  2  5  2566  1880  2016  663  295
20  0  2  5  2604  915  3119  779  275
15  2  3  6  2573  2444  1459  683  320
21  0  3  7  2740  1078  3070  795  348
21  1  0  1  2555  1773  2056  690  207
20  0  2  4  2667  1290  2821  775  347
20  1  1  2  2564  1587  2338  797  246
14  0  3  6  2652  1083  2948  906  252
14  1  2  5  2521  1803  2150  630  346
15  1  2  4  2510  1418  2598  697  230
16  0  0  1  2710  812  3451  841  336
21  1  3  7  2681  1696  2285  769  319
16  2  3  6  2590  2225  1465  792  319
20  1  2  4  2585  1759  2167  752  299
20  0  1  2  2611  1212  2811  837  269
20  1  2  4  2568  1575  2331  718  259
14  1  2  4  2573  1418  2619  750  349
16  1  3  6  2614  1382  2515  848  310
20  1  2  5  2520  1721  2104  681  223
20  1  1  3  2597  1576  2404  795  279
20  1  3  6  2537  1728  2051  706  291
20  1  0  1  2536  1328  2472  856  228
23  1  0  1  2407  1458  2199  715  233
14  0  1  2  2693  915  2909  851  288
14  1  1  2  2495  1544  2215  717  278
15  1  3  7  2527  1401  2623  765  202
20  1  0  1  2688  1395  2633  799  342
15  1  2  5  2564  1741  2296  706  298
15  1  1  2  2611  1834  2087  686  346
14  1  2  4  2380  1755  1980  782  200
15  1  0  0  2492  1344  2417  816  218
16  2  2  5  2586  1888  1668  711  270
14  3  0  0  2459  2577  1039  620  348
17  3  1  2  2410  2487  1247  662  134
22  3  0  1  2328  2897  908  655  267
15  0  1  3  2621  791  3219  839  273
14  0  0  1  2735  1149  2817  745  305
14  3  1  2  2372  2719  856  692  297
16  1  0  0  2604  1614  2443  739  315
15  1  0  1  2612  1429  2510  786  324
20  1  2  5  2616  1909  2070  667  333
15  2  1  2  2576  2048  1649  698  246
21  1  1  3  2638  1422  2647  807  248
16  1  0  1  2581  1767  2244  738  296
14  1  2  4  2524  1833  2128  744  351
21  1  2  5  2550  1513  2232  775  202
14  1  0  1  2534  1634  2211  715  326
20  1  1  2  2608  1840  2144  769  302
14  1  3  6  2533  1663  2338  757  311
21  1  3  7  2658  1920  2019  764  335
15  0  2  4  2647  1204  3019  732  311
16  3  3  7  2446  2663  996  695  341
16  0  2  4  2613  1014  2819  815  247
14  1  2  5  2559  1685  2326  631  339
21  0  0  0  2601  971  3047  817  221
21  0  0  0  2601  971  3047  817  221
22  0  2  5  2918  1180  3381  836  320
20  1  0  0  2592  1319  2565  791  250
15  1  2  4  2551  1612  2420  666  257
15  2  0  0  2578  2140  1574  755  291
16  3  3  7  2486  2476  1234  712  355
21  1  3  7  2656  1777  2163  767  320
15  1  2  4  2567  1786  2250  666  321
15  0  3  6  2682  1293  2970  749  355
16  2  2  4  2643  2259  1373  678  347
20  0  1  2  2636  1154  2913  858  299
16  1  0  0  2642  1486  2647  769  344
14  0  3  6  2762  836  3423  905  333
15  2  2  5  2633  2033  1918  662  311
16  3  3  6  2455  2514  1157  750  335
15  1  1  2  2538  1351  2501  768  255
15  1  0  1  2631  1605  2352  753  345
16  1  0  1  2582  1786  2214  732  295
21  1  1  3  2582  1663  2280  814  219
16  2  3  7  2667  2047  1753  693  321
16  2  3  7  2667  2047  1753  693  321
21  1  3  6  2603  1562  2313  811  229
15  2  1  2  2610  2071  1685  681  291
22  1  0  1  2884  2101  2176  651  216
20  1  2  4  2525  1814  2016  745  260
20  1  0  0  2557  1470  2343  755  215
16  3  3  6  2463  2520  1166  791  345
14  1  2  4  2486  1603  2300  721  268
15  2  2  5  2643  1858  2134  721  345
21  1  0  1  2705  1579  2502  655  326
16  2  2  4  2669  1911  1778  703  346
23  0  2  4  2659  795  3226  749  292
20  1  0  1  2600  1609  2260  789  294
17  0  2  4  2550  965  3044  709  231
14  1  1  3  2558  1552  2300  673  343
15  1  0  1  2646  1460  2533  802  353
17  0  3  6  2630  1187  2925  795  311
16  2  3  6  2702  2052  1798  757  357
23  3  2  5  2197  2173  1233  582  312
20  1  0  0  2569  1450  2388  826  268
20  1  3  7  2605  1483  2413  781  280
20  0  2  4  2608  885  3167  833  273
15  2  1  2  2625  2221  1543  676  348
15  1  1  2  2597  1835  2058  685  345
23  0  3  7  2438  852  2851  744  193
15  2  2  4  2631  2241  1684  624  345
14  1  0  1  2471  1627  2125  723  295
15  2  0  0  2565  1886  1819  797  269
17  2  1  2  2756  2374  1823  630  308
14  1  3  6  2389  1623  2141  821  229
15  0  2  4  2691  1115  3198  723  334
16  3  2  5  2402  2598  852  703  327
20  1  3  7  2576  1833  2010  760  309
17  0  1  3  2454  943  3024  807  150
15  1  2  5  2542  1582  2438  688  256
20  1  1  2  2628  1899  2113  778  345
21  1  0  1  2611  1650  2420  751  311
22  2  0  1  2761  2207  2155  667  316
14  0  1  3  2729  1031  2840  755  326
15  2  3  7  2553  2011  1880  715  214
17  1  0  0  2427  1501  2200  738  213
17  0  3  6  2526  1192  2750  809  233
14  1  1  2  2408  1628  2003  789  249
14  1  3  6  2408  1724  2064  771  217
14  1  2  4  2414  1838  1952  727  248
15  0  3  7  2552  1206  2853  808  213
15  2  3  6  2547  2081  1796  691  247
20  0  1  2  2625  822  3242  934  291
16  2  0  0  2477  2027  1640  729  178
16  1  2  4  2565  1745  1970  733  335
20  1  0  1  2581  1536  2309  815  282
17  2  0  0  2698  2376  1556  704  274
20  0  0  1  2612  1082  2888  812  270
20  1  0  1  2590  1695  2143  777  281
20  1  3  7  2546  1732  2067  745  259
23  1  1  2  2447  1504  2162  730  301
15  2  2  4  2554  2239  1554  636  288
15  1  2  5  2538  1662  2341  689  253
23  3  2  5  2054  2121  1062  641  169
14  1  2  5  2422  1730  2071  668  245
15  1  0  0  2582  1393  2503  777  291
17  0  2  4  2555  1007  3004  696  224
21  0  1  3  2704  1069  3182  860  313
17  2  1  3  2764  2079  2152  652  301
17  3  3  6  2556  2723  1123  751  250
14  1  0  1  2440  1420  2300  723  216
16  2  0  1  2660  2238  1692  696  328
21  1  0  0  2650  1448  2571  690  251
17  0  2  4  2612  1307  2757  698  303
23  0  0  1  2536  896  3019  843  229
15  2  0  1  2597  2247  1482  713  323
16  2  0  0  2550  2212  1556  691  237
20  1  1  2  2609  1447  2550  838  287
21  1  3  6  2729  1500  2560  787  336
14  0  2  5  2745  1381  2678  651  330
14  1  2  5  2566  1706  2316  613  349
23  3  1  3  2104  2152  1138  622  260
23  3  2  5  2121  2388  886  618  277
17  2  1  2  2817  2176  2137  632  326
14  2  3  6  2602  2109  1723  779  306
15  1  2  5  2634  1624  2555  713  341
16  1  3  7  2593  1448  2422  775  321
16  3  2  5  2368  2520  881  709  283
23  0  1  3  2608  787  3192  747  294
16  2  2  5  2592  1943  1640  718  271
21  0  3  7  2742  1082  3069  815  338
15  2  3  7  2667  2293  1750  672  331
17  0  1  3  2600  1302  2871  717  328
20  0  1  2  2660  1000  3044  823  336
20  1  0  0  2504  1637  2082  774  212
17  0  3  6  2494  983  2931  838  172
15  0  2  4  2676  1309  2958  697  342
16  2  1  2  2588  2125  1638  730  257
16  1  3  7  2553  1830  1961  723  308
14  3  0  0  2434  2331  1259  663  318
23  3  2  4  2147  2460  856  672  309
15  0  1  2  2646  896  3131  801  308
20  1  1  3  2504  1724  2106  752  196
14  1  2  4  2476  1554  2336  725  266
15  2  2  4  2533  2244  1515  639  267
15  1  2  4  2619  1655  2488  689  351
16  1  2  4  2639  1581  2268  738  345
16  3  3  7  2423  2369  1250  703  269
21  0  3  7  2709  1403  2683  781  316
17  0  0  0  2559  820  3138  809  229
20  1  3  6  2542  1781  2001  677  297
21  1  2  4  2666  1626  2295  705  288
20  1  0  1  2628  1565  2351  801  311
16  1  3  6  2550  1661  2131  804  268
20  1  3  6  2587  1616  2244  686  310
20  0  0  0  2594  815  3156  885  269
15  2  1  3  2669  1846  2021  728  341
15  1  2  5  2554  1709  2298  708  313
14  3  0  0  2399  2770  752  628  366
16  0  3  7  2649  821  3130  841  301
16  0  0  1  2703  1263  2937  790  362
16  0  0  1  2703  1263  2937  790  362
21  1  2  5  2641  1812  2055  753  318
21  1  2  5  2539  1669  2043  767  221
21  1  0  0  2591  1731  2148  707  253
17  0  1  2  2560  963  3177  747  248
16  0  3  6  2566  1149  2649  849  209
20  0  3  6  2638  933  3111  747  293
16  1  2  4  2482  1709  1884  731  228
22  0  2  5  2935  1469  3086  782  340
14  1  0  0  2573  1476  2449  722  357
15  1  2  5  2636  1442  2759  704  340
23  0  1  2  2654  1056  2950  701  345
17  3  0  1  2587  2942  907  736  335
16  2  3  7  2644  1884  1884  723  256
23  0  0  1  2665  1346  2724  729  327
16  2  2  4  2607  1985  1611  701  292
16  3  1  3  2458  2908  842  662  374
15  1  2  4  2614  1504  2649  682  319
23  3  1  3  2117  2508  794  663  339
16  1  0  0  2504  1689  2210  737  256
16  0  1  3  2593  951  2954  832  238
16  0  2  5  2595  1236  2553  815  282
16  2  3  7  2498  2168  1390  705  175
15  0  2  5  2595  817  3393  763  231
17  0  2  4  2626  1330  2758  659  321
20  1  1  3  2632  1921  2104  763  349
15  1  2  4  2645  1416  2812  690  328
20  1  2  5  2490  1651  2145  711  204
21  1  1  3  2585  1564  2394  853  213
14  1  1  2  2422  1634  2019  747  232
16  2  1  2  2584  2050  1706  726  230
14  3  1  2  2441  2593  1064  646  360
16  0  0  1  2612  1086  2988  801  258
15  1  1  2  2485  1721  2016  733  225
21  1  3  7  2657  1783  2165  754  313
21  1  3  6  2626  1491  2428  830  265
22  1  0  1  3014  1950  2515  703  336
14  1  0  1  2571  1380  2550  711  315
15  2  2  4  2591  2231  1628  626  335
15  0  1  3  2659  1071  2967  777  330
15  1  2  4  2616  1772  2340  660  352
23  3  1  3  2161  2180  1190  632  314
16  2  0  0  2644  2175  1733  752  316
20  1  0  0  2602  1520  2354  774  317
16  1  2  5  2551  1452  2274  781  270
16  2  3  6  2724  1924  1962  773  341
17  2  3  6  2740  2054  2004  756  261
21  0  0  1  2601  971  3040  722  188
20  1  1  2  2609  1662  2329  787  295
15  0  1  2  2675  764  3332  818  324
20  0  2  4  2690  907  3267  807  338
23  3  2  5  2172  2203  1161  586  300
20  1  3  7  2589  1848  2002  754  315
16  2  0  1  2689  2260  1725  703  345
15  1  2  5  2620  1655  2492  699  351
20  0  3  6  2562  1132  2774  716  231
16  3  2  4  2312  2532  789  707  219
22  0  2  5  2808  1278  3087  802  211
16  0  3  7  2604  799  3076  862  236
14  1  0  1  2532  1841  1976  687  342
14  1  2  5  2411  1650  2134  635  192
16  1  0  0  2575  1385  2643  779  272
22  3  2  5  2235  2529  994  774  195
14  1  2  5  2539  1420  2566  642  324
20  0  2  4  2637  1288  2785  819  328
15  0  0  0  2683  1007  3043  855  347
15  0  0  0  2683  1007  3043  855  347
15  1  1  2  2624  1708  2245  711  351
16  3  3  7  2443  2682  974  724  348
22  3  3  7  2324  2264  1246  647  189
16  2  2  5  2591  1833  1753  728  262
20  1  2  4  2501  1678  2127  824  214
20  1  2  4  2501  1678  2127  824  214
14  0  2  4  2746  1288  2779  753  317
21  0  3  7  2688  930  3153  831  290
17  2  0  0  2741  2468  1529  686  298
21  1  3  7  2632  1774  2123  756  273
21  0  2  4  2608  1207  2676  780  233
16  1  1  2  2631  1798  2188  730  347
22  3  2  5  2390  2838  926  723  355
16  3  2  5  2421  2268  1215  738  271
15  1  3  7  2634  1779  2390  724  355
14  1  2  4  2511  1879  2061  737  357
14  1  3  6  2443  1800  2035  749  277
15  2  2  4  2578  1832  2063  665  231
15  2  2  4  2578  1832  2063  665  231
14  0  3  6  2685  867  3273  921  257
16  2  3  6  2680  2140  1682  773  341
20  1  3  6  2600  1673  2205  671  302
17  0  0  1  2618  984  3042  876  299
17  0  0  1  2618  984  3042  876  299
16  3  3  6  2418  2784  848  784  328
22  0  3  6  2949  932  3535  746  320
14  1  3  6  2454  1622  2256  823  297
20  1  0  0  2552  1736  2044  750  246
20  0  3  6  2619  942  3082  727  276
16  1  2  5  2541  1421  2293  760  237
16  1  2  5  2541  1421  2293  760  237
17  1  0  1  2682  1761  2152  799  228
20  0  2  5  2636  1078  3005  746  304
16  1  0  0  2585  1541  2496  733  295
15  2  2  4  2547  2227  1564  656  267
15  1  0  1  2558  1540  2307  791  261
16  1  3  6  2557  1760  2035  811  302
16  0  3  6  2560  1188  2597  864  205
23  2  3  7  2275  1716  1677  658  357
20  1  1  2  2506  1537  2296  818  172
21  1  1  3  2633  1610  2414  778  262
15  1  0  1  2551  1813  2012  747  278
16  3  1  3  2394  2680  976  706  278
16  0  0  1  2699  1324  2862  790  344
23  2  2  5  2220  2020  1257  628  283
21  1  3  7  2714  1625  2416  746  331
21  1  3  7  2714  1625  2416  746  331
17  0  0  0  2632  1097  2940  752  292
15  2  1  3  2652  2105  1707  694  339
21  1  0  1  2697  1457  2622  668  309
15  0  2  5  2672  1163  3108  731  321
21  1  3  7  2670  1597  2380  781  323
20  1  2  5  2592  1345  2599  697  253
16  0  1  2  2672  780  3261  866  342
14  1  0  1  2357  1698  1861  726  182
16  2  3  7  2505  2210  1363  733  202
23  1  0  1  2490  1315  2486  717  276
21  1  2  5  2690  1349  2632  757  303
23  2  1  3  2203  1723  1578  711  245
20  1  1  3  2648  1776  2282  754  335
16  3  0  1  2461  2572  1226  706  328
14  0  1  2  2713  1332  2506  733  296
15  1  3  7  2612  1669  2477  743  327
20  1  2  4  2602  1779  2177  699  326
20  1  0  1  2617  1384  2530  834  279
21  1  0  1  2709  1704  2374  657  330
16  2  0  0  2644  2113  1804  694  305
15  1  2  4  2633  1713  2458  660  339
16  3  2  5  2371  2403  1009  705  264
21  1  3  7  2574  1868  1937  738  240
14  1  0  1  2543  1638  2218  737  351
14  1  0  0  2564  1436  2478  681  339
23  0  1  3  2514  1007  2784  719  199
15  2  3  7  2533  1986  1876  730  176
16  1  2  5  2530  1756  1909  720  283
14  2  2  4  2545  1935  1847  726  266
15  2  1  3  2665  1880  1985  765  349
15  0  0  1  2680  915  3146  836  331
22  1  3  6  2960  1835  2322  667  289
21  1  0  0  2644  1515  2478  684  266
16  1  0  1  2345  1482  2169  810  99
15  2  3  6  2709  2047  2075  667  352
15  2  3  6  2709  2047  2075  667  352
21  1  0  1  2719  1498  2605  675  308
15  1  2  5  2643  1364  2852  740  336
17  0  1  3  2592  1031  3165  764  293
15  0  1  2  2611  1193  2762  755  301
23  2  2  5  2301  2088  1312  581  331
22  1  2  4  2839  1911  2236  748  210
17  2  1  2  2746  2179  2017  638  294
15  1  2  5  2621  1493  2675  733  329
14  0  1  2  2598  1198  2490  794  212
16  3  2  5  2305  2553  755  743  221
21  1  1  3  2704  1597  2555  792  343
17  0  0  1  2458  790  3013  894  106
20  1  0  0  2602  1514  2372  807  279
21  1  0  1  2550  1678  2158  689  166
14  1  0  1  2421  1640  2032  730  258
16  2  2  4  2547  2194  1318  693  250
15  1  3  7  2609  1732  2414  725  339
14  0  1  2  2765  999  2935  799  330
16  3  2  5  2505  2358  1258  674  346
21  0  1  3  2704  1155  3081  856  327
20  0  0  1  2651  814  3246  881  309
17  0  2  4  2557  1281  2699  690  256
14  1  1  3  2541  1856  1977  654  348
14  2  3  6  2560  1856  1947  760  260
14  0  2  5  2753  864  3233  726  333
14  0  0  0  2659  1119  2729  779  256
15  2  1  2  2561  1941  1752  728  250
21  1  3  7  2670  1412  2568  845  290
23  2  2  4  2317  1887  1549  682  325
20  1  1  2  2501  1875  1957  798  220
22  1  1  2  3030  1948  2506  688  326
16  2  0  0  2525  2344  1402  696  237
22  0  1  3  2725  1236  3026  834  349
16  2  3  6  2618  2330  1395  791  314
14  1  3  6  2490  1643  2296  818  287
16  1  3  7  2544  1493  2298  750  272
16  1  3  7  2585  1738  2109  742  311
21  1  0  0  2553  1479  2377  703  157
16  3  3  7  2360  2569  970  738  277
20  1  1  3  2648  1773  2276  769  339
23  0  0  1  2697  1013  3150  780  331
21  1  1  3  2668  1719  2351  773  276
16  3  1  3  2392  2483  1168  710  252
16  2  0  1  2688  2144  1836  719  341
14  0  2  4  2662  920  3040  854  250
21  0  2  5  2701  1180  2862  810  324
15  1  3  6  2608  1910  2213  677  357
15  0  3  7  2551  869  3220  818  196
15  2  3  6  2584  2431  1484  647  307
16  2  1  2  2634  2298  1532  728  316
23  2  2  4  2264  1710  1661  675  268
21  1  3  6  2629  1582  2337  842  280
14  1  3  6  2436  1767  2060  797  271
21  0  0  1  2695  1296  2828  690  296
15  1  2  4  2607  1748  2353  657  344
16  3  3  6  2443  2737  929  779  347
14  0  1  2  2640  803  2944  850  215
15  0  2  5  2552  784  3359  785  194
20  0  0  0  2500  848  2952  922  183
23  2  3  7  2191  1730  1535  661  282
16  1  1  2  2493  1413  2372  781  165
15  0  1  2  2578  739  3215  858  213
14  1  1  3  2529  1487  2325  678  304
20  1  1  3  2492  1871  1950  766  201
23  0  3  7  2483  953  2809  707  223
16  1  3  7  2620  1736  2156  743  351
15  1  3  7  2503  1537  2441  806  225
21  1  3  6  2687  1553  2448  803  302
15  2  0  0  2630  2217  1567  714  314
23  0  2  4  2599  791  3136  751  246
16  3  2  4  2392  2634  784  690  302
16  3  1  3  2432  2397  1309  713  288
14  0  1  2  2590  1078  2594  812  211
14  0  0  1  2723  945  3030  808  301
21  1  3  6  2627  1838  2056  794  300
23  2  1  3  2198  1800  1494  669  232
15  2  3  7  2586  1930  2008  732  249
16  1  2  5  2599  1383  2421  754  305
20  0  2  5  2615  1254  2790  717  251
21  0  0  1  2606  1276  2712  702  236
16  3  2  4  2485  2565  1006  697  356
15  2  1  3  2639  2100  1694  717  335
15  0  2  4  2572  1163  2957  715  241
14  2  3  6  2626  2117  1759  769  346
16  3  1  3  2300  2421  1084  704  182
15  1  3  6  2624  1645  2518  691  352
16  1  0  0  2637  1748  2354  704  352
16  3  2  4  2336  2430  933  721  189
14  1  0  1  2528  1575  2272  757  354
21  1  0  1  2549  1518  2328  698  175
20  1  0  1  2654  1537  2413  799  331
16  3  0  0  2420  2641  1097  682  301
23  0  0  1  2643  1308  2731  754  342
20  1  3  7  2547  1582  2221  786  236
16  1  3  7  2551  1404  2398  749  263
14  1  2  5  2556  1767  2243  610  347
16  1  1  2  2624  1870  2111  725  350
21  0  2  4  2717  946  3151  849  337
23  0  1  3  2608  873  3090  743  289
21  0  2  5  2738  1327  2765  812  333
15  0  0  0  2635  1131  2822  801  293
15  0  0  0  2635  1131  2822  801  293
23  0  0  1  2684  882  3274  763  332
14  1  1  2  2488  1604  2148  741  294
14  1  2  4  2513  1867  2073  720  329
15  0  0  0  2616  1263  2659  804  301
15  1  2  4  2619  1754  2377  655  324
16  3  2  4  2470  2489  1069  685  327
14  1  2  4  2500  1862  2061  701  331
16  3  0  1  2411  2702  1020  718  300
16  1  0  0  2645  1644  2477  729  346
21  0  0  1  2670  923  3212  721  258
22  0  3  6  2855  1400  2871  720  300
15  2  1  3  2684  1898  1987  764  348
14  1  2  5  2568  1521  2509  632  356
15  0  0  0  2676  911  3136  871  338
14  0  2  4  2698  960  3045  785  250
15  2  1  3  2523  1931  1707  731  191
15  1  0  1  2510  1627  2144  806  266
23  0  2  5  2683  904  3142  698  328
20  1  2  4  2567  1523  2389  761  279
15  1  2  5  2609  1744  2378  702  346
16  3  3  7  2440  2777  890  707  333
15  0  0  0  2577  1086  2807  842  233
22  3  3  6  2448  2535  1162  643  330
21  0  3  6  2717  837  3304  928  317
21  1  1  3  2565  1695  2219  796  189
14  3  0  1  2424  2492  1078  650  312
21  1  2  5  2568  1671  2094  760  232
16  3  1  2  2362  2451  1152  735  200
22  3  3  6  2382  2775  818  633  350
20  0  1  2  2632  942  3123  894  299
20  1  1  2  2632  1775  2252  759  299
21  1  1  2  2655  1761  2281  685  299
15  2  1  3  2676  1881  1993  704  340
16  2  1  2  2637  2143  1689  758  278
15  2  3  6  2690  2029  2073  669  329
15  1  3  6  2523  1917  2066  681  282
20  1  1  3  2641  1498  2542  782  302
16  2  3  6  2683  2177  1646  772  345
21  1  2  5  2548  1395  2358  804  181
20  1  0  1  2535  1518  2263  846  236
15  2  1  3  2626  1952  1838  741  314
20  1  0  0  2624  1673  2231  751  322
14  1  3  6  2328  1710  1946  814  178
14  1  3  6  2328  1710  1946  814  178
16  3  2  5  2400  2551  900  690  306
16  2  0  0  2650  1922  2012  735  310
23  2  1  2  2240  1898  1452  688  313
20  1  3  7  2641  1441  2511  767  310
20  1  1  3  2614  1590  2412  825  317
16  1  3  7  2596  1394  2477  773  317
20  1  0  1  2590  1786  2053  753  272
22  0  0  1  2894  1113  3396  754  292
21  0  2  4  2545  1028  2743  838  116
16  1  0  0  2602  1866  2169  724  329
20  1  2  4  2593  1585  2367  723  305
23  0  3  7  2404  1180  2430  695  183
15  1  0  1  2570  1538  2327  768  299
20  1  2  4  2603  1786  2171  702  292
20  0  1  3  2610  1173  2864  877  308
15  2  3  6  2662  2318  1716  648  333
15  2  0  0  2500  1953  1649  762  178
20  0  2  4  2610  1076  2946  804  279
16  3  2  5  2371  2481  923  752  279
20  0  0  1  2554  1225  2636  859  233
23  2  3  7  2107  1681  1449  683  202
15  2  2  5  2661  2086  1909  655  342
16  3  2  5  2325  2490  855  723  204
14  0  0  1  2642  948  2891  809  212
20  1  2  4  2551  1471  2418  776  256
20  1  1  2  2629  1419  2606  817  277
15  2  1  3  2660  1836  2017  728  290
15  0  0  1  2590  942  2970  847  227
14  0  0  0  2660  794  3102  871  264
15  1  2  4  2542  1421  2632  689  248
22  3  3  7  2428  2497  1183  647  340
16  0  1  3  2581  923  2972  816  210
14  3  2  4  2322  2623  995  688  225
22  0  1  3  2629  896  3118  817  298
14  1  2  5  2566  1695  2330  606  347
14  2  1  3  2545  1870  1770  722  229
14  2  1  3  2545  1870  1770  722  229
21  0  2  5  2729  1203  2879  790  337
20  1  3  6  2480  1387  2329  751  207
15  1  0  1  2537  1578  2247  754  248
23  3  2  4  2046  2123  1038  669  159
15  0  0  1  2697  967  3107  867  354
16  2  2  4  2654  1969  1702  728  328
15  0  1  3  2584  1014  2907  874  266
21  1  0  1  2566  1813  2029  715  252
14  0  2  5  2646  1306  2604  687  227
20  1  0  0  2634  1617  2307  761  328
15  2  3  6  2479  2367  1378  699  223
17  0  3  6  2585  1029  3031  820  245
17  3  1  3  2621  2836  1228  659  327
17  2  0  0  2736  2211  1782  717  293
21  1  1  3  2660  1462  2633  794  280
16  2  2  4  2569  2228  1303  686  255
20  0  3  6  2659  1067  2982  725  330
17  0  2  4  2592  799  3294  714  256
22  2  1  3  2643  2102  2055  659  215
20  0  2  5  2521  930  2983  762  170
20  0  3  7  2655  1083  2971  816  302
16  2  0  0  2642  2386  1515  686  359
20  1  0  1  2569  1670  2142  769  258
16  1  0  0  2547  1421  2567  754  267
15  1  2  4  2577  1715  2356  681  289
15  1  0  1  2590  1804  2078  748  323
14  1  3  6  2501  1810  2126  777  323
15  1  0  1  2481  1757  1959  768  242
16  1  1  3  2565  1813  2077  735  303
21  0  3  6  2762  859  3352  857  349
20  0  0  0  2650  1342  2678  759  332
17  0  3  6  2631  1171  2940  805  295
15  0  0  0  2694  1124  2937  833  357
16  3  1  3  2354  2697  899  699  253
16  2  3  6  2629  2008  1736  781  268
23  2  0  1  2279  2017  1420  655  330
16  3  2  4  2399  2505  940  725  270
15  0  2  4  2642  882  3391  764  263
22  1  2  5  3028  1652  2789  759  298
15  2  0  0  2681  1958  1912  761  348
20  1  3  7  2581  1561  2296  775  283
14  1  2  4  2507  1817  2114  736  305
17  0  1  3  2593  1292  2874  781  323
16  2  3  7  2584  1920  1750  711  233
20  1  2  4  2586  1446  2492  798  290
20  1  1  3  2582  1594  2358  807  284
14  1  1  3  2563  1391  2472  695  340
14  0  2  4  2638  862  3063  916  235
14  0  2  4  2638  862  3063  916  235
17  0  2  4  2620  1131  2973  691  313
21  0  0  1  2563  1137  2720  839  227
20  0  3  6  2682  962  3139  740  330
20  0  3  6  2682  962  3139  740  330
21  1  1  2  2595  1520  2464  712  231
21  1  1  2  2595  1520  2464  712  231
23  2  2  4  2237  1901  1407  645  246
21  0  1  3  2713  891  3421  897  317
17  1  3  6  2608  1679  2189  763  176
23  2  3  7  2075  1807  1278  708  178
17  0  1  3  2609  1342  2844  711  334
14  1  0  1  2491  1560  2236  720  272
14  0  1  3  2579  1154  2499  769  168
21  1  3  6  2659  1871  2069  752  309
16  0  3  7  2642  1108  2803  799  295
15  1  1  3  2639  1518  2488  740  338
15  2  1  3  2484  2198  1361  732  203
20  1  0  0  2493  1545  2167  772  169
15  2  2  5  2555  2063  1763  666  256
21  1  2  5  2590  1711  2079  761  248
14  1  0  1  2519  1571  2261  715  315
22  2  1  2  2712  2338  1931  692  331
16  2  3  6  2497  1798  1834  809  154
16  3  3  7  2374  2368  1180  724  242
23  1  2  4  2478  1441  2244  674  282
16  3  3  7  2267  2613  786  787  197
16  1  1  3  2609  1762  2199  723  329
15  2  2  4  2608  2228  1662  630  305
14  0  3  6  2633  1225  2756  873  199
16  1  0  0  2563  1879  2095  710  320
14  3  0  0  2446  2390  1216  624  301
16  1  1  3  2455  1448  2281  765  140
15  1  0  0  2489  1575  2186  813  229
20  1  0  0  2616  1644  2253  773  306
16  3  1  3  2474  2481  1294  688  328
20  0  0  0  2531  1097  2741  870  221
16  3  2  5  2447  2425  1104  727  320
14  1  3  6  2547  1566  2479  778  343
15  2  3  7  2572  2376  1521  695  283
14  1  1  3  2529  1503  2322  684  295
23  2  2  5  2277  1996  1364  616  334
21  0  1  3  2661  1217  2937  860  303
17  0  1  2  2521  1307  2742  711  272
20  0  2  4  2560  980  2986  851  215
16  0  0  0  2603  1050  3010  809  253
14  3  0  0  2427  2636  926  639  348
21  1  3  6  2662  1903  2037  779  331
15  2  1  3  2617  2059  1706  723  313
15  1  2  4  2616  1631  2522  659  342
16  1  3  6  2550  1612  2185  833  269
21  1  0  0  2665  1836  2160  696  320
16  2  2  5  2629  1939  1698  703  298
21  1  1  2  2668  1645  2434  672  286
21  0  1  3  2689  803  3488  919  308
15  2  2  5  2600  2077  1820  659  283
21  1  3  6  2607  1614  2266  820  255
16  1  2  4  2379  1642  1809  758  156
20  1  3  7  2625  1795  2115  739  352
16  2  2  5  2631  2087  1539  713  309
16  2  2  5  2631  2087  1539  713  309
20  0  1  2  2652  1086  3001  872  319
15  2  2  4  2611  2137  1774  661  329
21  1  3  6  2653  1427  2533  875  287
15  1  2  5  2536  1512  2507  736  280
14  0  2  5  2547  866  2917  765  109
15  2  3  7  2538  2253  1596  710  221
16  2  0  0  2620  2343  1526  682  288
15  1  0  0  2499  1686  2069  777  248
15  2  3  6  2650  2065  1977  694  299
16  3  0  1  2382  2623  1056  757  292
22  2  0  1  2715  2434  1522  731  294
14  1  1  3  2505  1749  2037  715  310
21  0  0  1  2738  1167  3040  697  343
14  1  0  0  2488  1573  2226  699  295
15  1  0  1  2579  1499  2383  784  293
15  2  0  0  2538  2100  1561  723  215
21  1  3  6  2653  1727  2208  792  304
16  2  1  3  2650  2228  1623  735  311
16  2  0  0  2593  2257  1572  688  278
15  0  2  4  2677  1217  3067  705  334
15  0  3  6  2538  1271  2759  768  216
16  0  0  1  2590  1045  3005  816  217
16  0  0  1  2590  1045  3005  816  217
16  2  1  2  2515  1941  1717  786  155
23  2  3  7  2184  1783  1461  645  259
14  0  3  6  2754  1155  3026  876  340
16  3  2  4  2437  2634  865  719  336
17  0  1  3  2528  1204  2863  755  270
